Workbook
Name a.1: #REF!
Name a.1: #REF!
Name a.1: #REF!
Name a.1: #REF!
Name a.1: #REF!
Name a.1: #REF!
Name a.1: #REF!
Name a.1: #REF!
Name a.1: #REF!
Name pr.1: #REF!
Name pr.1: #REF!
Name pr.1: #REF!
Name pr.1: #REF!
Name pr.1: #REF!
Name pr.1: #REF!
Name pr.1: #REF!
Name pr.1: #REF!
Name pr.1: #REF!
Name pr.11: #REF!
Name pr.11: #REF!
Name pr.11: #REF!
Name pr.11: #REF!
Name pr.11: #REF!
Name pr.11: #REF!
Name pr.11: #REF!
Name pr.11: #REF!
Name pr.11: #REF!
Name pr.2: #REF!
Name pr.2: #REF!
Name pr.2: #REF!
Name pr.2: #REF!
Name pr.2: #REF!
Name pr.2: #REF!
Name pr.2: #REF!
Name pr.2: #REF!
Name pr.2: #REF!
Name pr.21: #REF!
Name pr.21: #REF!
Name pr.21: #REF!
Name pr.21: #REF!
Name pr.21: #REF!
Name pr.21: #REF!
Name pr.21: #REF!
Name pr.21: #REF!
Name pr.21: #REF!
Name pr.21a: #REF!
Name pr.21a: #REF!
Name pr.21a: #REF!
Name pr.21a: #REF!
Name pr.21a: #REF!
Name pr.21a: #REF!
Name pr.21a: #REF!
Name pr.21a: #REF!
Name pr.21a: #REF!
Name pr.3: #REF!
Name pr.3: #REF!
Name pr.3: #REF!
Name pr.3: #REF!
Name pr.3: #REF!
Name pr.3: #REF!

Sheet 60-20moin
F1: موجودی نقد و بانک | K1: اسناد دریافتنی تجاری | L1: حسابهای دریافتنی تجاری | N1: حسابها و اسناد دریافتنی غیر تجاری | T1: سپرده و پیش پرداختها | U1: سپرده و پیش پرداختها | AC1: دارائیهای ثابت مشهود | AM1: دارائیهای نامشهود | AP1: سرمایه گذاریهای بلند مدت | AQ1: سایر دارائیها | AU1: اسناد پرداختنی تجاری | AV1: اسناد پرداختنی تجاری | AX1: حسابهای پرداختنی تجاری | BY1: ذخیره مالیات | BZ1: سود سهام پرداختنی | CA1: تسهیلات مالی دریافتی | CB1: تسهیلات مالی دریافتی | CC1: تسهیلات مالی دریافتی | CD1: ذخیره مزایای پایان خدمت کارکنان | CF1: سرمایه | CG1: اندوخته ها | CI1: سود (زیان) انباشته | CJ1: سود (زیان) جاری | CN1: هزینه های توزیع و فروش | EL1: هزینه مالی | FA1: سایر درآمدها و(هزینه های) عملیاتی
F2: 146061763873 | K2: 696176795595 | L2: 1085623835217 | N2: 6189565588 | T2: 7843473671 | U2: 7843473671 | AC2: 1.2225803e+11 | AM2: 4206214756 | AP2: 3738354260 | AQ2: 3854274049 | AU2: 0 | AV2: 0 | AX2: 0 | BY2: 0 | BZ2: 0 | CA2: 0 | CB2: 0 | CC2: 0 | CD2: 0 | CF2: 0 | CG2: 0 | CI2: 0 | CJ2: 0 | CN2: 23541017883 | EL2: 7450842054 | FA2: 0
F3: 0 | K3: 0 | L3: 0 | N3: 0 | T3: 0 | U3: 0 | AC3: 0 | AM3: 0 | AP3: 0 | AQ3: 0 | AU3: -283542299159 | AV3: -283542299159 | AX3: -1984940580150 | BY3: -195967152 | BZ3: -135000043320 | CA3: -43698630137 | CB3: -43698630137 | CC3: -43698630137 | CD3: -51030832648 | CF3: -50000000000 | CG3: -5000000000 | CI3: -26386619115 | CJ3: 0 | EL3: 0 | FA3: 0
C4: کـــــاربرگ طبقه بندی
C5: نام حساب | D5: تراز معین | F5: موجودی نقد و بانک | J5: سرمایه گذاری کوتاه مدت | K5: حسابها و اسناد دریافتنی تجاری | N5: حسابها و اسناد دریافتنی غیر تجاری | Q5: موجودی کالا | T5: سپرده و پیش پرداختها | U5: سپرده و پیش پرداختها | AB5: جاری شرکا | AC5: دارائیهای ثابت مشهود | AM5: دارائیهای نامشهود | AP5: دریافتنی بلند مدت | AQ5: سایر دارائیها | AU5: حسابها واسناد پرداختنی تجاری | AY5: حسابها واسناد پرداختنی غیر تجاری | AZ5: حسابها واسناد پرداختنی غیر تجاری | BA5: حسابها واسناد پرداختنی غیر تجاری | BB5: حسابها واسناد پرداختنی غیر تجاری | BC5: حسابها واسناد پرداختنی غیر تجاری | BD5: حسابها واسناد پرداختنی غیر تجاری | BW5: پرداختنی های بلند مدت | BY5: ذخیره مالیات | BZ5: سود سهام پرداختنی | CA5: تسهیلات مالی دریافتی | CD5: ذخیره مزایای پایان خدمت | CE5: ذخایر | CF5: سرمایه | CG5: اندوخته ها | CI5: سود (زیان) انباشته | CJ5: سود (زیان) جاری | CL5: فروش | CM5: بهای تمام شده | CN5: هزینه های پرسنلی | CY5: اسنهلاک | DA5: هزینه های عمومی و توزیع و فروش | EB5: سایر درآمدها و(هزینه های) عملیاتی | EL5: هزینه مالی | EP5: سایر درآمدها و(هزینه های) غیر عملیاتی | FA5: جمع
F6: 101 | G6: 102 | H6: 103 | I6: 104 | J6: 110 | K6: 120 | L6: 121 | N6: 140 | O6: 141 | P6: 142 | Q6: 150 | R6: 151 | S6: 152 | T6: 160 | U6: 160 | Y6: 161 | Z6: 161 | AA6: 162 | AC6: 200 | AD6: 203 | AE6: 201 | AF6: 202 | AG6: 204 | AH6: 204 | AK6: 204 | AL6: 205 | AM6: 250 | AN6: 251 | AO6: 252 | AP6: 260 | AQ6: 270 | AR6: 271 | AU6: 300 | AV6: 300 | AW6: 301 | AX6: 302 | AY6: 333 | AZ6: 334 | BA6: 335 | BB6: 336 | BC6: 337 | BD6: 338 | BE6: 339 | BF6: 3316 | BG6: 3310 | BH6: 3311 | BI6: 3312 | BJ6: 3313 | BK6: 3314 | BL6: 3319 | BU6: 3317 | BV6: 3315 | BX6: 337 | BY6: 350 | BZ6: 360 | CA6: 380 | CB6: 380 | CC6: 380 | CD6: 420 | CF6: 450 | CG6: 460 | CI6: 470 | CJ6: 480 | CL6: 500 | CM6: 600 | CN6: 700 | CO6: 701 | CP6: 701 | CQ6: 702 | CR6: 703 | CS6: 704 | CT6: 705 | CU6: 705 | CV6: 717 | CY6: 730 | DA6: 710 | DB6: 711 | DE6: 712 | DI6: 713 | DK6: 714 | DR6: 715 | DU6: 716 | DX6: 717 | EA6: 718 | EB6: 800 | EI6: 801 | EJ6: 802 | EK6: 803 | EL6: 740 | EM6: 351 | EN6: 351 | EO6: 850 | EP6: 850 | ER6: 851 | ES6: 852 | ET6: 853 | EU6: 854 | EV6: 854 | EX6: 854 | EY6: 854 | EZ6: 855
F7: موجودي نزد بانكها | G7: وجوه در راه | H7: موجودي صندوق | I7: تنخواه گردانها | J7: سرمایه گذاری کوتاه مدت | K7: حسابهای دریافتنی تجاری | L7: اسناد دریافتنی تجاری | M7: اوراق دریافتنی کوتاه مدت | N7: بدهي كاركنان (وام و جاري و بیمه عمر) | O7: وزارت دارایی-مالیات و عوارض ارزش افزوده | P7: سايراشخاص | Q7: موجودی کالا | R7: موجودی کالای امانی | S7: سایر موجودیها | T7: بيمه موجودی کالا و داراييهای ثابت | U7: ودیعه اجاره محل | V7: پیش پرداخت بیمه مسئولیت مدنی و تکمیلی | W7: پیش پرداخت تامین کنندگان | X7: پیش پرداخت مالیات | Y7: خرید کالا | Z7: سازمان حسابرسی | AA7: ساير | AB7: جاری شرکا | AC7: دارائیهای ثابت مشهود | AD7: دارایی های در جریان تکمیل | AE7: اصلاح انبار بندر عباس | AF7: اصلاح ساختمان اداری و درب و نرده های مرکز اهواز | AG7: احداث انبار و سیستم اطفاء و اعلام حریق و سیتم گرمایشی مرکز تبریز | AH7: اجرای سیستم دوربین مدار بسته (تهران یک، ساری،یزد،گرگان،کرمانشاهو ارومیه ) | AI7: احداث مرکز اردبیل | AJ7: پروژه مرکز همدان(اعلام حریق و اطفاء حریق ) | AK7: پروژه تهران یک | AL7: سایر | AM7: حق الامتياز تلفن , برق و غيره | AN7: نرم افزارهای کامپیوتر | AO7: زمينهاي موقوفي | AP7: اوراق اخزا | AQ7: حصه بلند مدت وام كاركنان | AR7: حصه بلند مدت اسناد دريافتني تجاری | AS7: سپرده نزد بانکها | AT7: دارائی مالیات انتقالی | AU7: اسناد پرداختني تجاري --شرکتهای گروه | AV7: اسناد پرداختني تجاري -تامین کنندگان | AW7: حسابهای پرداختني تجاري -شرکتهای گروه | AX7: حسابهای پرداختني تجاري تامین کنندگان | AY7: ساير اشخاص | AZ7: جاری سهامداران | BA7: ذخيره بازخرید مرخصی | BB7: اسناد پرداختنی غیرتجاری | BC7: مطالبات معوقه کارکنان مستعفی | BD7: ذخيره هزينه هاي تعلق گرفته پرداخت نشده | BE7: سپرده بیمه | BF7: حقوق پرداختنی | BG7: حق بيمه پرداختني | BH7: مالیات حقوق پرداختنی | BI7: واریزیهای نامشخص | BJ7: سپرده حسن انجام كار | BK7: ماليات تكليفي پرداختني | BL7: بستانکاران مشتریان | BM7: سپرده های پرداختنی | BN7: وزارت دارایی مالیات و عوارض | BO7: وزارت دارایی مالیات تکلیفی و حقوق | BP7: تامین اجتماعی -حق بیمه پرداختنی سایر | BQ7: تامین اجتماعی -حقوق کارکان | BR7: وزارت دارایی مالیات اجاره | BS7: بستانکاران کارکنان | BT7: اسناد پرداختنی یرتجاری | BU7: بستانکاران غیرتجاری | BV7: ساير | BW7: حسابها و اسناد پرداختنی بلند مدت | BX7: پیش دریافتها | BY7: ذخیره مالیات | BZ7: سود سهام پرداختنی | CA7: تسهیلات مالی دریافتی | CB7: سود و کارمزد سالجاری | CC7: سود و کارمزد سال آتی | CD7: ذخیره مزایای پایان خدمت | CE7: ذخیره کاهش ارزش سرمایه گذاری | CF7: سرمایه | CG7: اندوخته ها | CH7: سود (زیان) سنواتی | CI7: سود (زیان) انباشته | CJ7: سود (زیان) جاری | CK7: مازاد تجدید ارزیابی | CL7: فروش | CM7: بهای تمام شده | CN7: حقوق و دستمزد و مزايا | CO7: پاداش ترویج فروش | CP7: عيدي, پاداش وكارايي | CQ7: مزاياي پايان خدمت و مرخصي كاركنان | CR7: بيمه سهم كارفرما و بيمه بيكاري | CS7: اياب وذهاب, سفر وفوق العاده ماموريت | CT7: كمكهاي غير نقدي | CU7: شیر و غذا پوشاک ، آبدارخانه و پذيرايي | CV7: پاداش هیئت مدیره | CW7: استهلاك داراييهاي ثابت نامشهود | CX7: هزینه استهلاک | CY7: استهلاك داراييهاي ثابت مشهود | CZ7: استهلاك داراييهاي ثابت نا مشهود | DA7: حمل و نقل | DB7: تعمير و نگهداري ساختمان, وسائط نقليه و اثاثه | DC7: بهداشت و درمان | DD7: لوازم و ملزومات مصرفی | DE7: آب، برق, سوخت, تلفن و پست | DF7: حق حضور در جلسات هیدت مدیره | DG7: آبدارخانه و پذیرایی | DH7: سوخت وسائط نقلیه | DI7: بيمه دارایيهاي ثابت و موجودي كالا | DJ7: مالیات و عوارض سالیانه | DK7: کارمزد خدمات بانکی | DL7: اشتراک و اینترنت | DM7: هزینه سفر | DN7: هزینه اجاره | DO7: هزینه مالیات اجاره | DP7: حق الزحمه و حق المشاوره | DQ7: اجاره وسایط نقلیه | DR7: اجاره انبار | DS7: ایاب ذهاب | DT7: بیمه تکمیلی و مسئولیت | DU7: آگهی و تبليغات و بازاريابي | DV7: هزینه مالی | DW7: هزینه حسابرسی | DX7: مطالبات مشكوك الوصول | DY7: هزینه دادگاه | DZ7: حقوق و مزایای تامین نیروی انسانی | EA7: سایر | EB7: درآمد حاصل از ترویج فروش | EC7: تخفیف ریالی تامین کننده | ED7: اختلاف فی | EE7: اهدایی تامین کننده | EF7: تخفیفات نقدی | EG7: جوایز و هدایا | EH7: ضایعات کالا | EI7: جوایز جنسی | EJ7: خالص کسر و اضافی انبار | EK7: سایر | EL7: هزینه مالی | EM7: اصلاح مالیات عملکرد سال 1389 | EN7: پرداخت مالیات ارزش افزوده سال های 87 ، 91 ، 92 | EO7: مالیات عوارض ارزش افزوده سال 93 الی 95 | EP7: سود ناشي از فروش دارایيهاي ثابت مشهود | EQ7: سود و زیان ناشي از فروش دارایيهاي ثابت نامشهود | ER7: سود سپرده بانكي | ES7: جوایز و هدایا | ET7: سود وزیان ناشی از تسعیر داراییهای وبدهیهای ارزی | EU7: درآمد حاصل از فروش ضایعات غیر دارویی | EV7: خسارت دریافتی از بیمه | EW7: سود اوراق | EX7: درآمد حاصل از اجاره محل | EY7: مازاد ذخیره هزینه های بازآموزی وزارت بهداشت | EZ7: سایر
A8: کد حساب | B8: کد حساب | D8: بدهکار | E8: بستانکار | Y8: 160004 | Z8: 04-000051 | AD8: 11-000026 | AE8: 11-000022 | AF8: 11-000027 | AN8: 11-000015 | AY8: ساير | AZ8: 10-000018
A9: 100 | B9: 10001 | C9: صندوق مراکز | D9: 415714488 | E9: 0 | H9: =D9-E9 -> 415714488 | FA9: =SUM(F9:EZ9) -> 415714488 | FB9: =D9-E9-FA9 -> 0
A10: 100 | B10: 10002 | C10: تنخواه گردان | D10: 6435067913 | E10: 0 | I10: =$D10-$E10 -> 6435067913 | FA10: =SUM(F10:EZ10) -> 6435067913 | FB10: =D10-E10-FA10 -> 0
A11: 100 | B11: 10003 | C11: بانکها | D11: 295554024886 | E11: 0 | F11: =$D11-$E11 -> 295554024886 | FA11: =SUM(F11:EZ11) -> 295554024886 | FB11: =D11-E11-FA11 -> 0
A12: 100 | B12: 10004 | C12: صندوق | D12: 0 | E12: 0 | H12: =D12 -> 0 | FA12: =SUM(F12:EZ12) -> 0 | FB12: =D12-E12-FA12 -> 0
A13: 100 | B13: 10005 | C13: صندوق بانک | D13: 0 | E13: 0 | H13: =D13-E13 -> 0 | FA13: =SUM(F13:EZ13) -> 0 | FB13: =D13-E13-FA13 -> 0
A14: 100 | B14: 10006 | C14: سپرده مسدودی تسهیلات | D14: 1200000000 | E14: 0 | F14: =D14 -> 1200000000 | FA14: =SUM(F14:EZ14) -> 1200000000 | FB14: =D14-E14-FA14 -> 0
A15: 100 | B15: 10007 | C15: سایر سپرده ها | D15: 62947210684 | E15: 0 | F15: =D15 -> 62947210684 | FA15: =SUM(F15:EZ15) -> 62947210684 | FB15: =D15-E15-FA15 -> 0
A16: 110 | B16: 11001 | C16: بدهکاران تجاری | D16: 4986953097879 | E16: 0 | K16: =D16 -> 4986953097879 | L16: 0 | FA16: =SUM(F16:EZ16) -> 4986953097879 | FB16: =D16-E16-FA16 -> 0 | FD16: 875030291380
A17: 110 | B17: 11002 | C17: اسناد دریافتنی تجاری | D17: 223539913155 | E17: 0 | L17: =D17 -> 223539913155 | FA17: =SUM(F17:EZ17) -> 223539913155 | FB17: =D17-E17-FA17 -> 0 | FD17: 2881420035
A18: 110 | B18: 11003 | C18: اسناد درجریان وصول | D18: 9178000561668 | E18: 0 | L18: =D18 -> 9178000561668 | FA18: =SUM(F18:EZ18) -> 9178000561668 | FB18: =D18-E18-FA18 -> 0 | FD18: 1316583126617
A19: 120 | B19: 12002 | C19: بدهکاران اشخاص | D19: 15919913267 | E19: 0 | P19: =D19 -> 15919913267 | FA19: =SUM(F19:EZ19) -> 15919913267 | FB19: =D19-E19-FA19 -> 0 | FD19: 1894194204
A20: 120 | B20: 12003 | C20: بدهکاران کارکنان-وام | D20: 30889976248 | E20: 0 | N20: =D20 -> 30889976248 | FA20: =SUM(F20:EZ20) -> 30889976248 | FB20: =D20-E20-FA20 -> 0 | FD20: 3344630162
A21: 120 | B21: 12004 | C21: بدهکاران کارکنان-مساعده | D21: 2844479771 | E21: 0 | N21: =D21 -> 2844479771 | FA21: =SUM(F21:EZ21) -> 2844479771 | FB21: =D21-E21-FA21 -> 0 | FD21: 203634211
A22: 120 | B22: 12005 | C22: بدهکاران بانکها | E22: 0 | FA22: =SUM(F22:EZ22) -> 0 | FB22: =D22-E22-FA22 -> 0 | FD22: 34121309106
A23: 120 | B23: 12006 | C23: بدهکاران دارایی-ارزش افزوده | D23: 73486424009 | E23: 0 | FA23: =SUM(F23:EZ23) -> 0 | FB23: =D23-E23-FA23 -> 73486424009 | FD23: 13251858110
A24: 120 | B24: 12008 | C24: بدهکاران مطالبات مشکوک الوصول | D24: 11254768389 | E24: 0 | P24: 11254768389 | FA24: =SUM(F24:EZ24) -> 11254768389 | FB24: =D24-E24-FA24 -> 0 | FD24: 11254768389
A25: 120 | B25: 12010 | C25: بدهکاران کارکنان-بیمه تکمیلی | E25: 0 | BX25: 0 | FA25: =SUM(F25:EZ25) -> 0 | FB25: =D25-E25-FA25 -> 0
A26: 120 | B26: 12011 | C26: بدهکاران کارکنان -غیرتجاری | D26: 4348932786 | E26: 0 | N26: =D26 -> 4348932786 | FA26: =SUM(F26:EZ26) -> 4348932786 | FB26: =D26-E26-FA26 -> 0 | FD26: 6617770269
A27: 120 | B27: 12017 | C27: بدهکاران کارکنان-وام * | D27: 2191524667 | E27: 0 | N27: =D27 -> 2191524667 | FA27: =SUM(F27:EZ27) -> 2191524667 | FB27: =D27-E27-FA27 -> 0 | FD27: 1525331628
A28: 120 | B28: 12018 | C28: بدهکاران کارکنان-بیمه ایران نمایندگی صفری | E28: 0 | N28: =D28 -> 0 | FA28: =SUM(F28:EZ28) -> 0 | FB28: =D28-E28-FA28 -> 0 | FD28: 3431248137
A29: 120 | B29: 12019 | C29: بدهکاران تامین کنندگان امانی | E29: 0 | FA29: =SUM(F29:EZ29) -> 0 | FB29: =D29-E29-FA29 -> 0
A30: 120 | B30: 12021 | C30: بدهکاران کارکنان-وام صندوق | D30: 46774631523 | E30: 0 | N30: =D30 -> 46774631523 | FA30: =SUM(F30:EZ30) -> 46774631523 | FB30: =D30-E30-FA30 -> 0
A31: 120 | B31: 12022 | C31: بدهکاران پرسنل -صندوق | E31: 0 | N31: =D31 -> 0 | FA31: =SUM(F31:EZ31) -> 0 | FB31: =D31-E31-FA31 -> 0
A32: 120 | B32: 12023 | C32: بدهکاران کارکنان-جرائم | D32: 253932500 | E32: 0 | N32: =D32 -> 253932500 | FA32: =SUM(F32:EZ32) -> 253932500 | FB32: =D32-E32-FA32 -> 0
A33: 120 | B33: 12024 | C33: بدهکاران کارکنان-علی الحساب عیدی | D33: 398271000 | E33: 0 | N33: =D33 -> 398271000 | FA33: =SUM(F33:EZ33) -> 398271000 | FB33: =D33-E33-FA33 -> 0
A34: 120 | B34: 12025 | C34: بدهکاران کارکنان -بیمه آسیا نمایندگی عصاره | D34: 22556131233 | E34: 0 | N34: =D34 -> 22556131233 | FA34: =SUM(F34:EZ34) -> 22556131233 | FB34: =D34-E34-FA34 -> 0
A35: 120 | B35: 12026 | C35: بدهکاران کارکنان-وام تبلت | D35: 677562504 | E35: 0 | N35: =D35 -> 677562504 | FA35: =SUM(F35:EZ35) -> 677562504 | FB35: =D35-E35-FA35 -> 0
A36: 130 | B36: 13001 | C36: موجودی کالا | D36: 2092913333118 | E36: 0 | Q36: =D36 -> 2092913333118 | FA36: =SUM(F36:EZ36) -> 2092913333118 | FB36: =D36-E36-FA36 -> 0 | FD36: 1382739810400
A37: 130 | B37: 13002 | C37: موجودی کالای بین راهی | E37: 0 | Q37: =D37 -> 0 | FA37: =SUM(F37:EZ37) -> 0 | FB37: =D37-E37-FA37 -> 0
A38: 130 | B38: 13003 | C38: برگشت از خرید | E38: 0 | Q38: =E38 -> 0 | FA38: =SUM(F38:EZ38) -> 0 | FB38: =D38+E38-FA38 -> 0
A39: 130 | B39: 13004 | C39: کالای امانی ما نزد دیگران | E39: 0 | Q39: =D39 -> 0 | FA39: =SUM(F39:EZ39) -> 0 | FB39: =D39+E39-FA39 -> 0
A40: 130 | B40: 13005 | C40: تفاوت مارژین | D40: 3261673 | E40: 0 | Q40: =D40 -> 3261673 | BV40: 0 | FA40: =SUM(F40:EZ40) -> 3261673 | FB40: =D40-E40-FA40 -> 0 | FD40: 94502434
A41: 130 | B41: 13006 | C41: موجودی کالای ضایعات | D41: 24033875774 | E41: 0 | Q41: =D41 -> 24033875774 | FA41: =SUM(F41:EZ41) -> 24033875774 | FB41: =D41-E41-FA41 -> 0 | FD41: 1247434464
A42: 140 | B42: 14001 | C42: سپرده اجاره | D42: 19350000000 | E42: 0 | U42: =D42 -> 19350000000 | FA42: =SUM(F42:EZ42) -> 19350000000 | FB42: =D42-E42-FA42 -> 0 | FD42: -839238640175
A43: 140 | B43: 14004 | C43: پیش پرداخت مالیات | D43: 85850524 | E43: 0 | X43: =D43 -> 85850524 | FA43: =SUM(F43:EZ43) -> 85850524 | FB43: =D43-E43-FA43 -> 0 | FD43: 29000000
A44: 140 | B44: 14005 | C44: پیش پرداخت هزینه ها | D44: 67243882334 | E44: 0 | AA44: =D44 -> 67243882334 | FA44: =SUM(F44:EZ44) -> 67243882334 | FB44: =D44-E44-FA44 -> 0 | FD44: 38665272
A45: 140 | B45: 14007 | C45: پیش پرداخت بیمه | D45: 1132933695 | E45: 0 | T45: =D45 -> 1132933695 | FA45: =SUM(F45:EZ45) -> 1132933695 | FB45: =D45-E45-FA45 -> 0 | FD45: 94500000
A46: 140 | B46: 14008 | C46: پیش پرداخت بیمه تکمیلی درمان | D46: 29743751151 | E46: 0 | V46: =D46 -> 29743751151 | FA46: =SUM(F46:EZ46) -> 29743751151 | FB46: =D46-E46-FA46 -> 0 | FD46: 513658665
A47: 140 | B47: 14009 | C47: پیش پرداخت بیمه مسئولیت مدنی | D47: 560420107 | E47: 0 | V47: =D47 -> 560420107 | FA47: =SUM(F47:EZ47) -> 560420107 | FB47: =D47-E47-FA47 -> 0 | FD47: 2921588894
A48: 140 | B48: 14010 | C48: پیش پرداخت بیمه وسائط نقلیه | D48: 6905190860 | E48: 0 | T48: =D48 -> 6905190860 | FA48: =SUM(F48:EZ48) -> 6905190860 | FB48: =D48-E48-FA48 -> 0 | FD48: 226861040
A49: 140 | B49: 14011 | C49: پیش پرداخت خرید دارایی | D49: 851253875 | E49: 0 | AC49: =D49 -> 851253875 | FA49: =SUM(F49:EZ49) -> 851253875 | FB49: =D49-E49-FA49 -> 0 | FD49: 2474543333
A50: 140 | B50: 14012 | C50: پیش پرداخت خرید زمین وساختمان | D50: 30110400000 | E50: 0 | AC50: =D50 -> 30110400000 | FA50: =SUM(F50:EZ50) -> 30110400000 | FB50: =D50-E50-FA50 -> 0 | FD50: 3776680563
A51: 140 | B51: 14013 | C51: پیش پرداخت خرید وسایط نقلیه | E51: 0 | AC51: =D51 -> 0 | FA51: =SUM(F51:EZ51) -> 0 | FB51: =D51-E51-FA51 -> 0
A52: 140 | B52: 14014 | C52: پیش پرداخت مالیات بر ارزش افزوده | D52: 1985237689 | E52: 0 | AA52: =D52 -> 1985237689 | FA52: =SUM(F52:EZ52) -> 1985237689 | FB52: =D52-E52-FA52 -> 0 | FD52: 5750000000
A53: 140 | B53: 14017 | C53: پیش پرداخت تامین کنندگان | D53: 24246278795 | E53: 0 | Y53: =D53 -> 24246278795 | FA53: =SUM(F53:EZ53) -> 24246278795 | FB53: =D53-E53-FA53 -> 0
A54: 140 | B54: 14020 | C54: سپرده پرونده های حقوقی | E54: 0 | AA54: =D54 -> 0 | FA54: =SUM(F54:EZ54) -> 0 | FB54: =D54-E54-FA54 -> 0
A55: 140 | B55: 14021 | C55: پیش پرداخت بهره سنوات آتی | D55: 43869721761 | E55: 0 | CC55: =D55 -> 43869721761 | FA55: =SUM(F55:EZ55) -> 43869721761 | FB55: =D55-E55-FA55 -> 0
A56: 160 | B56: 16001 | C56: امیرحسین پوروزیری | D56: 66298581093 | E56: 0 | AB56: =D56 -> 66298581093 | FA56: =SUM(F56:EZ56) -> 66298581093 | FB56: =D56-E56-FA56 -> 0 | FD56: 65000000000
A57: 160 | B57: 16002 | C57: محمد پوروزیری | D57: 97231208637 | E57: 0 | AB57: =D57 -> 97231208637 | FA57: =SUM(F57:EZ57) -> 97231208637 | FB57: =D57-E57-FA57 -> 0 | FD57: 5472115543
A58: 160 | B58: 16003 | C58: علی پوروزیری | D58: 32353872286 | E58: 0 | AB58: =D58 -> 32353872286 | FA58: =SUM(F58:EZ58) -> 32353872286 | FB58: =D58-E58-FA58 -> 0
A59: 160 | B59: 16004 | C59: معصومه جاویدی | D59: 32597879785 | E59: 0 | AB59: =D59 -> 32597879785 | FA59: =SUM(F59:EZ59) -> 32597879785 | FB59: =D59-E59-FA59 -> 0
A60: 200 | B60: 20001 | C60: زمین | D60: 4347357240000 | E60: 0 | AC60: =D60 -> 4347357240000 | FA60: =SUM(F60:EZ60) -> 4347357240000 | FB60: =D60-E60-FA60 -> 0 | FD60: 3623621434
A61: 200 | B61: 20002 | C61: ساختمان وتاسیسات | D61: 1101607660954 | E61: 0 | AC61: =D61 -> 1101607660954 | FA61: =SUM(F61:EZ61) -> 1101607660954 | FB61: =D61-E61-FA61 -> 0 | FD61: 179517496284
A62: 200 | B62: 20003 | C62: اثاثیه و ابزارآلات | D62: 231000517538 | E62: 0 | AC62: =D62 -> 231000517538 | FA62: =SUM(F62:EZ62) -> 231000517538 | FB62: =D62-E62-FA62 -> 0 | FD62: 227100534298
A63: 200 | B63: 20004 | C63: وسائط نقلیه | D63: 263633934753 | E63: 0 | AC63: =D63 -> 263633934753 | FA63: =SUM(F63:EZ63) -> 263633934753 | FB63: =D63-E63-FA63 -> 0 | FD63: 130567597235
A64: 200 | B64: 20006 | C64: دارایی درجریان تکمیل | D64: 43244956265 | E64: 0 | AC64: =D64 -> 43244956265 | FA64: =SUM(F64:EZ64) -> 43244956265 | FB64: =D64-E64-FA64 -> 0
A65: 200 | B65: 20009 | C65: لیفتراکها | D65: 45439328441 | E65: 0 | AC65: =D65 -> 45439328441 | FA65: =SUM(F65:EZ65) -> 45439328441 | FB65: =D65-E65-FA65 -> 0
A66: 210 | B66: 21001 | C66: حق الامتیاز آب | D66: 92254100 | E66: 0 | AM66: =D66 -> 92254100 | FA66: =SUM(F66:EZ66) -> 92254100 | FB66: =D66-E66-FA66 -> 0 | FD66: 22423068281
A67: 210 | B67: 21002 | C67: حق الامتیاز برق | D67: 587406170 | E67: 0 | AM67: =D67 -> 587406170 | FA67: =SUM(F67:EZ67) -> 587406170 | FB67: =D67-E67-FA67 -> 0 | FD67: 51305100
A68: 210 | B68: 21003 | C68: حق الامتیاز گاز | D68: 50029300 | E68: 0 | AM68: =D68 -> 50029300 | FA68: =SUM(F68:EZ68) -> 50029300 | FB68: =D68-E68-FA68 -> 0 | FD68: 454897170
A69: 210 | B69: 21004 | C69: حق الامتیاز تلفن | D69: 301983503 | E69: 0 | AM69: =D69 -> 301983503 | FA69: =SUM(F69:EZ69) -> 301983503 | FB69: =D69-E69-FA69 -> 0 | FD69: 50029300
A70: 210 | B70: 21005 | C70: نرم افزارها | D70: 1855952620 | E70: 0 | AN70: =D70 -> 1855952620 | FA70: =SUM(F70:EZ70) -> 1855952620 | FB70: =D70-E70-FA70 -> 0 | FD70: 260351503
A71: 220 | B71: 22001 | C71: استهلاک انباشته ساختمان و تاسیسات | E71: -120876469120 | CY71: =E71 -> -120876469120 | FA71: =SUM(F71:EZ71) -> -120876469120 | FB71: =D71-E71+FA71 -> 0 | FD71: 1855952620
A72: 220 | B72: 22002 | C72: استهلاک انباشته اثاثیه و ابزارآلات | E72: -153236471265 | BV72: =E66 -> 0 | CY72: =E72 -> -153236471265 | FA72: =SUM(F72:EZ72) -> -153236471265 | FB72: =D72-E72+FA72 -> 0 | FD72: 36208472769 | FE72: -1 | FF72: =FD72*FE72 -> -36208472769
A73: 220 | B73: 22003 | C73: استهلاک انباشته وسائط نقلیه | E73: -141645609640 | CY73: =E73 -> -141645609640 | FA73: =SUM(F73:EZ73) -> -141645609640 | FB73: =D73-E73+FA73 -> 0 | FD73: 76267643330 | FE73: -1 | FF73: =FD73*FE73 -> -76267643330
A74: 220 | B74: 22005 | C74: استهلاک انباشته نرم افزارها | E74: -1855952464 | CZ74: =E74 -> -1855952464 | FA74: =SUM(F74:EZ74) -> -1855952464 | FB74: =D74-E74+FA74 -> 0 | FE74: -1 | FF74: =FD74*FE74 -> 0
A75: 220 | B75: 22007 | C75: استهلاک انباشته لیفتراکها | E75: -27484244229 | CY75: =E75 -> -27484244229 | FA75: =SUM(F75:EZ75) -> -27484244229 | FB75: =D75-E75+FA75 -> 0 | FE75: -1 | FF75: =FD75*FE75 -> 0
A76: 241 | B76: 24101 | C76: اوراق دریافتنی بلند مدت | D76: 1452000000 | E76: 0 | AP76: =D76 -> 1452000000 | FA76: =SUM(F76:EZ76) -> 1452000000 | FB76: =D76-E76-FA76 -> 0
A77: 300 | B77: 30001 | C77: بستانکاران تجاری | E77: -8001235195511 | AX77: =E77 -> -8001235195511 | FA77: =SUM(F77:EZ77) -> -8001235195511 | FB77: =D77-E77+FA77 -> 0 | FD77: 15854699072 | FE77: -1 | FF77: =FD77*FE77 -> -15854699072
A78: 300 | B78: 30002 | C78: اسناد پرداختنی تجاری | E78: -9012188509674 | AV78: =E78 -> -9012188509674 | FA78: =SUM(F78:EZ78) -> -9012188509674 | FB78: =D78-E78+FA78 -> 0 | FD78: 779752344922 | FE78: -1 | FF78: =FD78*FE78 -> -779752344922
A79: 300 | B79: 30003 | C79: بستانکاران معلق خرید-رسید موقت | E79: 0 | S79: =D79-E79 -> 0 | FA79: =SUM(F79:EZ79) -> 0 | FB79: =D79-E79+FA79 -> 0 | FD79: 1309357306740 | FE79: -1 | FF79: =FD79*FE79 -> -1309357306740
A80: 310 | B80: 31001 | C80: بستانکاران مشتریان | E80: -97569292858 | BL80: =E80 -> -97569292858 | FA80: =SUM(F80:EZ80) -> -97569292858 | FB80: =D80-E80+FA80 -> 0 | FD80: 49702968482 | FE80: -1 | FF80: =FD80*FE80 -> -49702968482
A81: 310 | B81: 31002 | C81: بستانکاران واریزی نامشخص | E81: -10444050576 | BI81: =E81 -> -10444050576 | FA81: =SUM(F81:EZ81) -> -10444050576 | FB81: =D81-E81+FA81 -> 0 | FD81: 408340866 | FE81: -1 | FF81: =FD81*FE81 -> -408340866
A82: 310 | B82: 31003 | C82: بستانکاران بانکها | E82: 0 | BL82: =E82+D22 -> 0 | FA82: =SUM(F82:EZ82) -> 0 | FB82: =D82-E82+FA82 -> 0 | FD82: 34121309106 | FE82: -1 | FF82: =FD82*FE82 -> -34121309106
A83: 310 | B83: 31004 | C83: بستانکاران غیرتجاری | E83: -28756387349 | BU83: =E83 -> -28756387349 | FA83: =SUM(F83:EZ83) -> -28756387349 | FB83: =D83-E83+FA83 -> 0 | FD83: 22284340570 | FE83: -1 | FF83: =FD83*FE83 -> -22284340570
A84: 310 | B84: 31005 | C84: اسناد پرداختنی غیرتجاری | E84: -32466240000 | BT84: =E84 -> -32466240000 | FA84: =SUM(F84:EZ84) -> -32466240000 | FB84: =D84-E84+FA84 -> 0 | FD84: 31475079386 | FE84: -1 | FF84: =FD84*FE84 -> -31475079386
A85: 310 | B85: 31006 | C85: بستانکاران کارکنان | E85: 0 | BS85: =E85 -> 0 | FA85: =SUM(F85:EZ85) -> 0 | FB85: =D85-E85+FA85 -> 0 | FD85: 134723874 | FE85: -1 | FF85: =FD85*FE85 -> -134723874
A86: 310 | B86: 31007 | C86: بستانکاران دارایی-ارزش افزوده | E86: -120006139336 | BO86: =E86+D23 -> -46519715327 | FA86: =SUM(F86:EZ86) -> -46519715327 | FB86: =D86-E86+FA86 -> 73486424009 | FD86: 18909783898 | FE86: -1 | FF86: =FD86*FE86 -> -18909783898
A87: 310 | B87: 31008 | C87: بستانکاران دارایی-مالیات حقوق | E87: -29764748416 | BO87: =E87 -> -29764748416 | FA87: =SUM(F87:EZ87) -> -29764748416 | FB87: =D87-E87+FA87 -> 0 | FD87: 1731850934 | FE87: -1 | FF87: =FD87*FE87 -> -1731850934
A88: 310 | B88: 31009 | C88: بستانکاران دارایی-مالیات تکلیفی | E88: -815774009 | AA88: =D88-U88 -> 0 | BO88: =E88 -> -815774009 | FA88: =SUM(F88:EZ88) -> -815774009 | FB88: =D88-E88+FA88 -> 0 | FD88: 164838198 | FE88: -1 | FF88: =FD88*FE88 -> -164838198
A89: 310 | B89: 31010 | C89: بستانکاران دارایی-مالیات عملکرد | E89: 0 | BO89: =E89 -> 0 | FA89: =SUM(F89:EZ89) -> 0 | FB89: =D89-E89-FA89 -> 0 | FE89: -1 | FF89: =FD89*FE89 -> 0
A90: 310 | B90: 31011 | C90: بستانکاران دارایی-مالیات اجاره | E90: -132114583 | BR90: =E90 -> -132114583 | FA90: =SUM(F90:EZ90) -> -132114583 | FB90: =D90-E90+FA90 -> 0 | FD90: 89698895 | FE90: -1 | FF90: =FD90*FE90 -> -89698895
A91: 310 | B91: 31012 | C91: بستانکاران تامین اجتماعی-حق بیمه کارکنان | E91: -30641067958 | BQ91: =E91 -> -30641067958 | FA91: =SUM(F91:EZ91) -> -30641067958 | FB91: =D91-E91+FA91 -> 0 | FD91: 6539291002 | FE91: -1 | FF91: =FD91*FE91 -> -6539291002
A92: 310 | B92: 31013 | C92: بستانکاران تامین اجتماعی-سپرده 16/67% | E92: -4096990395 | AA92: =D92 -> 0 | BP92: =E92 -> -4096990395 | FA92: =SUM(F92:EZ92) -> -4096990395 | FB92: =D92-E92+FA92 -> 0 | FD92: 2462168981 | FE92: -1 | FF92: =FD92*FE92 -> -2462168981
A93: 310 | B93: 31014 | C93: بستانکاران تامین اجتماعی-سپرده 7/8% | E93: -926579452 | BP93: =E93 -> -926579452 | FA93: =SUM(F93:EZ93) -> -926579452 | FB93: =D93-E93+FA93 -> 0 | FD93: 1347496961 | FE93: -1 | FF93: =FD93*FE93 -> -1347496961
A94: 310 | B94: 31015 | C94: بستانکاران تامین اجتماعی-سپرده 5% | E94: -32400000 | BP94: =E94 -> -32400000 | FA94: =SUM(F94:EZ94) -> -32400000 | FB94: =D94-E94+FA94 -> 0 | FD94: 63345653 | FE94: -1 | FF94: =FD94*FE94 -> -63345653
A95: 310 | B95: 31016 | C95: بستانکاران تامین اجتماعی-سپرده 30% | E95: -32865000 | BP95: =E95 -> -32865000 | FA95: =SUM(F95:EZ95) -> -32865000 | FB95: =D95-E95+FA95 -> 0 | FD95: 31875000 | FE95: -1 | FF95: =FD95*FE95 -> -31875000
A96: 310 | B96: 31017 | C96: سپرده حسن انجام کار | E96: -647211726 | BM96: =E96 -> -647211726 | FA96: =SUM(F96:EZ96) -> -647211726 | FB96: =D96-E96+FA96 -> 0 | FD96: 2098577463 | FE96: -1 | FF96: =FD96*FE96 -> -2098577463
A97: 310 | B97: 31019 | C97: سایر سپرده های پرداختنی | E97: -150875409 | BM97: =E97 -> -150875409 | FA97: =SUM(F97:EZ97) -> -150875409 | FB97: =D97-E97+FA97 -> 0 | FD97: 1388362446 | FE97: -1 | FF97: =FD97*FE97 -> -1388362446
A98: 310 | B98: 31021 | C98: حقوق پرداختنی | E98: -9069783591 | BF98: =E98 -> -9069783591 | FA98: =SUM(F98:EZ98) -> -9069783591 | FB98: =D98-E98+FA98 -> 0 | FE98: -1 | FF98: =FD98*FE98 -> 0
A99: 310 | B99: 31022 | C99: سایر حسابهای پرداختنی 2 | E99: -4554806637 | BV99: =E99 -> -4554806637 | FA99: =SUM(F99:EZ99) -> -4554806637 | FB99: =D99-E99+FA99 -> 0 | FD99: 778403334 | FE99: -1 | FF99: =FD99*FE99 -> -778403334
A100: 310 | B100: 31029 | C100: ذخیره هزینه تعلق گرفته پرداخت نشده | E100: -10129090790 | BV100: =E100 -> -10129090790 | FA100: =SUM(F100:EZ100) -> -10129090790 | FB100: =D100-E100+FA100 -> 0 | FD100: 3518197 | FE100: -1 | FF100: =FD100*FE100 -> -3518197
...

Sheet tax
B1: مطابقت محاسبه ماليات عملكرد در اظهارنامه و صورت های مالی
B2: شـــرح | D2: عملكرد سال مالي 1402 | F2: عملكرد سال مالي 1401
B3: سود ابرازي | D3: =سودوزيان!F17 -> -23062250215 | F3: =سودوزيان!H17 -> 364042068215 | H3: =D3-F3 -> -387104318430 | I3: =H3/F3 -> -1.0633505
B4: كسر ميشود درآمدهاي معاف :
B5: 1) درآمدحاصل از صادرات ( ماده 141 ق م م ) | D5: 0 | F5: 0
B6: 2) فعاليتهاي صنعتي اولويتهاي خاص ( ماده 132 ق م م ) | D6: 0 | F6: 0
B7: 3)در آمد حاصل از سرمايه گذاري | D7: 0 | F7: 0
B8: 4) سودحاصل ازسپرده بانكي ( ماده 145 ق م م ) | D8: 0 | F8: 0
B9: 5) درآمد حاصل ازفروش دارایی ثابت | D9: 0 | F9: 0
B10: 6) 25 درصد از درآمد حاصل از اجاره | D10: 0 | F10: 0
B11: 7) درآمد خسارت دریافتی از بیمه | D11: 0 | F11: 0
B12: 8) فعاليت هاي كشاورزي ( ماده 81 ق م م ) | D12: 0 | F12: 0
B13: 9) مازاد هزینه بازآموزی وزارت بهداشت ( مالیات پرداختی در سال 1390 ) | D13: 0 | F13: 0
B14: ساير موارد موثربردرآمد مشمول ماليات :
B15: الف ) برگشت تخفیفات نقدی | D15: 0 | F15: 0
B16: ب) برگشت اختلاف تسویه | D16: 0 | F16: 0
B17: ج) برگشت تخفیفات موردی | D17: 0 | F17: 0
B18: د)برگشت هزینه مطالبات مشکوک الوصول | D18: 0 | F18: 0
B19: ه) برگشت پاداش هیئت مدیره | D19: 0 | F19: 0
B20: و) برگشت مالیات عملکرد و حقوق هزینه شده | D20: 0 | F20: 0
B21: اصلاح مالیات عملکرد | D21: 0 | F21: 0
B22: ســود مشمول ماليات | D22: =SUM(D3:D21) -> -23062250215 | F22: 87941592383
B23: 1) 25% ماليات سود سهامداران ( ماده 105 ق م م ) تبصره 7 | D23: 0 | F23: 21985398096 | I23: =D23/F23-1 -> -1
B24: 1)3درهزارعوارض اطاق بازرگاني | D24: 0 | F24: 0
B25: 2) تخفیف در نرخ مالیات متعلقه ( ماده 105ق م م ) 1% مالیات در آمد مشمول
B26: 3) ساير عوارض | D26: 0 | F26: 0
B27: جـــمع ماليات ابرازي | D27: =SUM(D22:D26)*25% -> -5.7655626e+09 | F27: =F23 -> 21985398096
F29: =F27+'[2]P&L'!H20 -> 21985123399

Sheet کاور

Sheet ص امضا
A5: ='سر برگ صفحات'!A1 -> شرکت داروسازان التیام (سهامی خاص)
A6: صورتهاي مالي
A7: ='سر برگ صفحات'!A3 -> سال مالی منتهی به 30 اسفند 1403
A8: مجمع عمومی صاحبان سهام
A9: با احترام
A10: به پیوست صورتهای مالی شرکت داروسازان التیام (سهامی خاص) مربوط به سال مالی منتهي به 30 اسفند ماه 1403 تقدیم میشود. اجزاي تشكيل دهنده صورت هاي مالي به قرار زير است:
I12: شماره صفحه
A13: • | B13: صورت سود و زیان | I13: 2
A14: • | B14: صورت وضعیت مالی | I14: 3
A15: • | B15: صورت تغییرات در حقوق مالکانه | I15: 4
A16: • | B16: صورت جریان های نقدی | I16: 5
A17: • | B17: یادداشتهای توضیحی | I17: 6-38
A18: صورتهای مالی طبق استانداردهای حسابداری تهیه شده و در تاریخ 1404/03/01 به تایید هیات مدیره شرکت رسیده است.
A20: اعضای هیات مدیره | E20: سمت | G20: امضاء
A21: دکتر حسن نوری | E21: مدیر عامل وعضو هیئت مدیره
A22: لیلا جانی پور | E22: رئیس هیئت مدیره
A23: سید حسن حسینی | E23: نائب رئیس هیئت مدیره
A26: 1

Sheet سودوزيان
A1: ='سر برگ صفحات'!A1 -> شرکت داروسازان التیام (سهامی خاص)
A2: صورت سود و زيان
A3: ='سر برگ صفحات'!A3 -> سال مالی منتهی به 30 اسفند 1403
H4: (تجدید ارائه شده)
D5: يادداشت | F5: ='سر برگ صفحات'!A7 -> سال 1403 | H5: ='سر برگ صفحات'!A8 -> سال 1402
F6: ريال | H6: ريال
B7: عمليات در حال تداوم:
B8: درآمدهاي عملياتي | D8: 5 | F8: ='درآمد یادداشت -5'!J12 -> 25841328832248 | H8: 21035845675826 | J8: 0.939869
B9: بهاي تمام شده درآمدهاي عملياتي | D9: 6 | F9: =-'بهای تمام شده یادداشت 6-'!H14 -> -23118161982897 | H9: -18732101306084
B10: سود ناخالص | F10: =SUM(F8:F9) -> 2723166849351 | H10: 2303744369742
B11: هزينه هاي فروش ، اداري و عمومي | D11: 7 | F11: ='هزینه های یادداشت -7'!G34*-1 -> -3428911757601 | H11: -2340589273651
B12: ساير درآمدها | D12: 8 | F12: ='سایردرآرمد و هزینه ها8-11'!G11 -> 1239028232029 | H12: 792199327608
B13: ساير هزينه ها | D13: 9 | F13: ='سایردرآرمد و هزینه ها8-11'!G21*-1 -> -7592606024 | H13: -20885771814
B14: سود عملياتي | F14: =SUM(F10:F13) -> 525690717755 | H14: 734468651885
B15: هزينه هاي مالي | D15: 10 | F15: ='سایردرآرمد و هزینه ها8-11'!G31*-1 -> -556615181954 | H15: -376455546347 | J15: =F8+'وضعيت مالي'!F19 -> 48852456275131
B16: ساير درآمدهای غيرعملياتي | D16: 11 | F16: ='سایردرآرمد و هزینه ها8-11'!G39 -> 7862213984 | H16: 6028962677 | J16: =J15/2 -> 2.4426228e+13
B17: سود عملیات در حال تداوم قبل از مالیات | F17: =SUM(F14:F16) -> -23062250215 | H17: 364042068215 | J17: 1000000000
B18: هزینه مالیات بردرآمد | D18: 24 | F18: 0 | H18: -9.1010517e+10 | J18: 9000000000 | L18: 137475262049
B19: سود (زیان)خالص | F19: =SUM(F17:F18) -> -23062250215 | H19: 2.7303155e+11 | J19: 90000000 | L19: =F17-L18 -> -160537512264
J20: 9000000000
A21: از آنجاییکه اقلام تشکیل دهنده سود و زیان جامع محدود به سود سال وتعدیلات سنواتی است،لذا صورت سود و (زیان) جامع ارائه نشده است.
A22: ='سر برگ صفحات'!A15 -> يادداشتهاي توضيحي ، بخش جدایی ناپذیر صورت هاي مالي است . | J22: =F19*0.05 -> -1.1531125e+09
A23: 2
A25: 1 با توجه به اين كه هزينه كاهش ارزش دريافتني ها در نتيجه ورشكستگي يكي از مشتريان عمده بوده، لذا طبق بند 86 استاندارد
A26: حسابداري1، براي درك عملكرد مالي شركت نمونه،‌تحت سرفصل جداگانه در صورت سود و زيان ارائه شده است .

Sheet وضعيت مالي
A1: ='سر برگ صفحات'!A1 -> شرکت داروسازان التیام (سهامی خاص)
A2: صورت وضعیت مالی
A3: در تاریخ 30 اسفند 1403
D6: يادداشت | F6: 1403/12/30 | I6: 1402/12/29 | K6: 1402/01/01
B7: دارايي ها | F7: ريال | I7: ريال | K7: ريال
B8: دارايي هاي غير جاري :
B9: دارایی هاي ثابت مشهود | D9: 12 | F9: ='60-20moin'!AC277+'60-20moin'!CY277 -> 5620002497572 | I9: 5512743567543 | K9: 5100823790408 | Q9: =F9-I9 -> 107258930029
B10: دارایی هاي نامشهود | D10: 13 | F10: ='60-20moin'!AM277+'60-20moin'!AN277+'60-20moin'!CZ277 -> 1031673229 | I10: 899164229 | K10: 866452229 | Q10: =F10-I10 -> 132509000
B11: دریافتنی های بلند مدت | D11: 14 | F11: 1452000000 | I11: 1452000000 | K11: 1452000000
B12: جمع دارایی هاي غير جاري | F12: =SUM(F9:F11) -> 5622486170801 | G12: =SUM(G9:G11) -> 0 | H12: =SUM(H9:H11) -> 0 | I12: =SUM(I9:I11) -> 5515094731772 | J12: =SUM(J9:J11) -> 0 | K12: =SUM(K9:K11) -> 5103142242637
B13: دارایی هاي جاري :
B14: پيش پرداخت ها | D14: 15 | F14: ='پیش پرداخت موجودی کالا 15-16'!G18 -> 151253545155 | I14: 62901871540 | K14: 63732245616 | Q14: =I14-F14 -> -88351673615
B15: موجودي مواد و كالا | D15: 16 | F15: ='پیش پرداخت موجودی کالا 15-16'!G25 -> 2116950470565 | I15: 1808098055424 | K15: 1202359754952 | Q15: =F15-I15 -> 308852415141
B16: دریافتنی هاي تجاری و ساير دريافتني ها | D16: 17 | F16: ='ح دریافتنی یادداشت -17'!G26 -> 14755085238391 | I16: 8625216233132 | K16: 6187738332179 | Q16: =F16-I16 -> 6129869005259 | R16: =I16-2323863917-F16 -> -6132192869176
B17: موجودی نقد | D17: 18 | F17: ='موجودی نقد یادداشت -18'!F10 -> 365352017971 | I17: 690598150329 | K17: 504868777370 | Q17: =F17-I17 -> -325246132358
B18: جمع دارایی هاي جاري | F18: =SUM(F14:F17) -> 17388641272082 | G18: =SUM(G14:G17) -> 0 | H18: =SUM(H14:H17) -> 0 | I18: =SUM(I14:I17) -> 11186814310425 | J18: =SUM(J14:J17) -> 0 | K18: =SUM(K14:K17) -> 7958699110117
B19: جمع دارایی ها | F19: =F12+F18 -> 23011127442883 | G19: =G12+G18 -> 0 | H19: =H12+H18 -> 0 | I19: =I12+I18 -> 16701909042197 | J19: =J12+J18 -> 0 | K19: =K12+K18 -> 13061841352754 | Q19: 5903248094555 | R19: 0.72483
B20: حقوق مالکانه و بدهی ها
B21: حقوق مالکانه
B22: سرمايه | D22: 19 | F22: ='60-20moin'!E121*-1 -> 3991339700000 | I22: 3991339700000 | K22: 20000000000
B23: اندوخته قانوني | D23: 20 | F23: =I23 -> 1.5651578e+10 | I23: 1.5651578e+10 | K23: 2000000000
B24: سود انباشته | F24: ='حقوق مالکانه'!G20 -> 5.0038255e+10 | I24: ='حقوق مالکانه'!G16 -> 1.8231313e+11 | K24: 482946808125 | Q24: 43169575044 | R24: 2.840094e+11 | S24: 14200470244
B25: مازاد تجدید ارزیابی(زمین) | F25: ='60-20moin'!E127*-1 -> 0 | I25: 0 | K25: 3971339700000
B26: جمع حقوق مالکانه | F26: =SUM(F22:F25) -> 4.0570295e+12 | G26: =SUM(G22:G25) -> 0 | H26: =SUM(H22:H25) -> 0 | I26: =SUM(I22:I25) -> 4.1893044e+12 | J26: =SUM(J22:J25) -> 0 | K26: =SUM(K22:K25) -> 4476286508125
B27: بدهی ها
B28: بدهی های غیر جاری:
B29: پرداختنی های بلند مدت | F29: 0 | I29: 0 | K29: 1656000000
B30: ذخیره مزایای پایان خدمت کارکنان | D30: 21 | F30: ='60-20moin'!E119*-1 -> 324449027696 | I30: 213684090637 | K30: 157224104216
B31: جمع بدهی های غیر جاری | F31: =SUM(F28:F30) -> 324449027696 | G31: =SUM(G28:G30) -> 0 | H31: =SUM(H28:H30) -> 0 | I31: =SUM(I28:I30) -> 213684090637 | J31: =SUM(J28:J30) -> 0 | K31: =SUM(K28:K30) -> 158880104216
B32: بدهی های جاری
B33: پرداختنی های تجاری و سایر پرداختنی ها | D33: 22 | F33: ='ح پرداختنی یادداشت -23'!G35 -> 17390297551370 | I33: 9579219830838 | K33: 7269300278370 | Q33: =F33-I33 -> 7811077720532
B34: مالیات پرداختنی | D34: 23 | F34: 0 | I34: 9.1010517e+10 | K34: 53538887183
B35: تسهیلات مالی | D35: 24 | F35: =('60-20moin'!D14+'60-20moin'!D55+'60-20moin'!E114+'60-20moin'!E115)*-1 -> 1239351330909 | I35: 2628690200902 | K35: 1103835574860 | Q35: =F35-I35 -> -1389338869993
B36: جمع بدهی های جاری | F36: =SUM(F33:F35) -> 18629648882279 | G36: =SUM(G33:G35) -> 0 | H36: =SUM(H33:H35) -> 0 | I36: =SUM(I33:I35) -> 1.2298921e+13 | J36: =SUM(J33:J35) -> 0 | K36: =SUM(K33:K35) -> 8426674740413
B37: جمع بدهی ها | F37: =F31+F36 -> 18954097909975 | G37: =G31+G36 -> 0 | H37: =H31+H36 -> 0 | I37: =I31+I36 -> 1.2512605e+13 | J37: =J31+J36 -> 0 | K37: =K31+K36 -> 8585554844629
A38: 4-7 | B38: جمع حقوق مالکانه و بدهی ها | F38: =F26+F37 -> 2.3011127e+13 | G38: =G26+G37 -> 0 | H38: =H26+H37 -> 0 | I38: =I26+I37 -> 1.6701909e+13 | J38: =J26+J37 -> 0 | K38: =K26+K37 -> 13061841352754 | R38: =I40-I19 -> -16701909042197
B41: يادداشت هاي توضيحي بخش جدایی ناپذیر صورت هاي مالي است .
A42: 3 | F42: 3
F43: =F19-F38 -> -0.3125 | G43: =G19-G38 -> 0 | H43: =H19-H38 -> 0 | I43: =I19-I38 -> -0.0625 | J43: =J19-J38 -> 0 | K43: =K19-K38 -> 0
F49: =F38-F19 -> 0.3125 | I49: =I38-I19 -> 0.0625 | J49: =J38-J19 -> 0 | K49: =K38-K19 -> 0
F50: 229992101707 | I50: =I40-I19 -> -16701909042197 | K50: =K40-K19 -> -13061841352754

Sheet حقوق مالکانه
A1: ='سر برگ صفحات'!A1 -> شرکت داروسازان التیام (سهامی خاص)
A2: صورت تغييرات در حقوق مالكانه
A3: ='سر برگ صفحات'!A3 -> سال مالی منتهی به 30 اسفند 1403
C5: سرمایه | E5: اندوخته قانونی | G5: سود انباشته | I5: تجدیدارزیابی داراییها | K5: جمع کل
C6: ریال | E6: ریال | G6: ریال | K6: ریال
A7: مانده در 1402/01/01 | C7: 20000000000 | E7: 2000000000 | G7: 514968074100 | I7: 3971339700000 | K7: =SUM(C7:I7) -> 4508307774100
A8: اصلاح اشتباهات(یادداشت 25) | C8: 0 | E8: 0 | G8: ='تعدیلات سنواتی یادداشت -26'!H29*-1 -> -32021265975 | I8: 0 | K8: =SUM(C8:H8) -> -32021265975
A9: مانده تجدیدارائه شده در1402/01/01 | C9: =SUM(C7:C8) -> 20000000000 | E9: =SUM(E7:E8) -> 2000000000 | G9: =SUM(G7:G8) -> 482946808125 | I9: =SUM(I7:I8) -> 3971339700000 | K9: =SUM(K7:K8) -> 4476286508125
A10: تغییرات حقوق مالکانه درسال1402 | C10: 0 | E10: 0
A11: سود خالص سال 1402 | G11: =سودوزيان!H19 -> 2.7303155e+11 | K11: 2.7303155e+11
A12: اصلاح اشتباهات(یادداشت 25) | G12: =-'تعدیلات سنواتی یادداشت -26'!F29 -> -1876007376 | K12: =SUM(C12:G12) -> -1876007376
A13: تقسیم سود | G13: -558137649144 | K13: =SUM(C13:G13) -> -558137649144
A14: افزایش سرمایه | C14: 3971339700000 | I14: -3971339700000 | K14: =SUM(C14:I14) -> 0
A15: اندوخته قانونی | E15: 13651577558 | G15: -13651577558 | K15: =SUM(C15:G15) -> 0
A16: مانده در1402/12/29 | C16: =SUM(C9:C15) -> 3991339700000 | D16: =SUM(D9:D15) -> 0 | E16: =SUM(E9:E15) -> 15651577558 | F16: =SUM(F9:F15) -> 0 | G16: =SUM(G9:G15) -> 1.8231313e+11 | H16: =SUM(H9:H15) -> 0 | I16: =SUM(I9:I15) -> 0 | J16: =SUM(J9:J15) -> 0 | K16: =SUM(K9:K15) -> 4.1893044e+12 | L16: 4551477349144 | M16: =L16-K16 -> 3.6217295e+11
A17: تغییرات حقوق مالکانه درسال 1403 | E17: 0 | G17: 0 | K17: 0
A18: زیان خالص سال 1403 | C18: 0 | E18: 0 | G18: =سودوزيان!F19 -> -23062250215 | I18: 0 | K18: =SUM(C18:I18) -> -23062250215 | M18: -23062250215 | O18: 2.7303155e+11
A19: تقسیم سود | E19: 0 | G19: -109212619643 | I19: 0 | K19: =SUM(C19:I19) -> -109212619643
A20: مانده در 1402/12/29 | C20: =SUM(C16:C18) -> 3991339700000 | E20: =SUM(E16:E19) -> 15651577558 | G20: =SUM(G16:G19) -> 5.0038255e+10 | I20: =SUM(I16:I19) -> 0 | K20: =SUM(K16:K19) -> 4.0570295e+12
A23: يادداشت هاي توضيحي همراه، بخش جدایی ناپذیر صورت هاي مالي است .
A27: 4
C45: 3

Sheet جريان هاي نقدي
A1: ='سر برگ صفحات'!A1 -> شرکت داروسازان التیام (سهامی خاص)
A2: صورت جريان هاي نقدي
A3: ='سر برگ صفحات'!A3 -> سال مالی منتهی به 30 اسفند 1403
C5: يادداشت | E5: ='سر برگ صفحات'!A7 -> سال 1403 | G5: ='سر برگ صفحات'!A8 -> سال 1402
E6: ریال | G6: ریال
B7: جریان های نقدی حاصل از فعاليتهاي عملياتي:
B8: نقد حاصل از عملیات | C8: 26 | E8: 1909436698026 | G8: -424272027317 | O8: 82015616484 | P8: =E8-O8 -> 1827421081542
B9: پرداخت های نقدی بابت مالیات بر درآمد | E9: -9.1010517e+10 | G9: -53538887183
B10: جریان خالص ورود (خروج) نقد حاصل از فعالیت های عملیاتی | E10: =SUM(E8:E9) -> 1.8184262e+12 | G10: -477810914500
B11: جریان های نقدی حاصل از فعالیت های سرمایه گذاری :
B12: پرداخت های نقدی برای خرید دارایی های ثابت مشهود | E12: =-'دارایی ثابت 12'!T12-'دارایی ثابت 12'!T13 -> -198140956614 | G12: -485320364280
B13: پرداخت های نقدی برای خرید دارایی های نامشهود | E13: =-'دارایی نامشهود-13'!H11 -> -132509000 | G13: -32712000
B14: دریافت های نقدی حاصل از سود اوراق | E14: ='سایردرآرمد و هزینه ها8-11'!G38 -> 110398064 | G14: 325863710 | Q14: =2406637199332-1200000000 -> 2405437199332
B15: دریافت های نقدی حاصل از سود سپرده بانکی | E15: ='سایردرآرمد و هزینه ها8-11'!G36 -> 444806167 | G15: 168420334
B16: وجوه دریافتی ازشرکت های گروه | V16: 1402 | X16: 1401
B17: جریان خالص خروج نقد حاصل از فعالیت های سرمایه گذاری | E17: =SUM(E12:E16) -> -197718261383 | G17: -484858792236 | S17: تسهیلات | V17: ریال | X17: ریال
B18: جریان خالص خروج نقد قبل از فعالیت های تامین مالی | E18: =E10+E17 -> 1.6207079e+12 | G18: -962669706736 | S18: مانده در ابتدای دوره اصل | V18: 1303692014827 | X18: 798680572284
B19: جریان های نقدی حاصل از فعاليتهاي تامین مالی : | S19: مانده ابتدای دوره بهره | V19: 115347240634 | X19: 56535263670
B20: دریافت های نقدی حاصل از تسهیلات | E20: ='تسهیلات یادداشت -25'!G55+'تسهیلات یادداشت -25'!O61 -> 2405437199332 | G20: 4192500000000 | O20: =Q20+P20 -> 1643171480000 | P20: -227828520000 | Q20: 1871000000000 | S20: دریافتهای نقدی | V20: 3971000000000 | W20: 0 | X20: 2459000000000
B21: پرداختهای نقدی بابت اصل تسهیلات | E21: ='تسهیلات یادداشت -25'!G57 -> -3805519612029 | G21: -2680732945091 | O21: =Q21-P21 -> 1536231480000 | P21: 67588520000 | Q21: 1603820000000 | S21: سود و کارمزد جرائم | V21: 496751079051 | X21: 239592093473
B22: پرداختهای نقدی بابت سود تسهیلات | E22: =('تسهیلات یادداشت -25'!G58-'سایردرآرمد و هزینه ها8-11'!G28-'سایردرآرمد و هزینه ها8-11'!G29-'سایردرآرمد و هزینه ها8-11'!G30)-7531514862 -> -545871639250 | G22: -363367975214 | O22: 7531415862 | S22: پرداختی بابت اصل | V22: -2680732945091 | X22: -1953988557457
B23: جریان خالص ورود نقد حاصل از فعالیت های تامین مالی | E23: =SUM(E20:E22) -> -1945954051947 | G23: 1148399079695 | O23: =1389338869171 -> 1389338869171 | P23: =E23+O23 -> -556615182776 | S23: پرداختهای نقد بابت سود | V23: -347375086812 | W23: 0 | X23: -180780116509
B24: خالص افزایش در موجودی نقد | E24: =E23+E18 -> -3.2524613e+11 | G24: 185729372959 | O24: =E23+O23 -> -556615182776 | S24: مانده | V24: 2858682302609 | X24: 1419039255461
B25: مانده موجودی نقد در ابتدای سال | E25: ='وضعيت مالي'!I17 -> 690598150329 | G25: 504868777370 | S25: کسر می گردد سود و كارمزد سال هاي آتي(یادداشت 16 صورتهای مالی ) | V25: -229992101707 | X25: -93703680601
B26: مانده موجودی نقد در پایان سال | E26: =E24+E25 -> 3.6535202e+11 | G26: 690598150329 | I26: 365352017971 | L26: 690598150329 | S26: کسر می شود(سپرده مسدودی تسهیلات | V26: 0 | X26: -221500000000
S27: مانده پایان دوره | V27: 2628690200902 | X27: 1103835574860
A28: يادداشت هاي توضيحي همراه، بخش جدایی ناپذیر صورت هاي مالي است .
A29: 5
E35: ='وضعيت مالي'!F17 -> 365352017971 | G35: ='وضعيت مالي'!I17 -> 690598150329
E36: =E24+E25 -> 3.6535202e+11 | F36: =F24+F25 -> 0 | G36: =G24+G25 -> 690598150329
E37: =E35-E36 -> -0.25 | F37: =F26-F36 -> 0 | G37: =G26-G36 -> 0
A70: 9

Sheet تاريخچه
A1: ='سر برگ صفحات'!A1 -> شرکت داروسازان التیام (سهامی خاص)
A2: يادداشتهاي توضيحي صورتهاي مالي
A3: ='سر برگ صفحات'!A3 -> سال مالی منتهی به 30 اسفند 1403
A5: -1 | B5: تاریخچه وفعالیت
A6: -1-1 | B6: تاریخچه
B7: شرکت داروسازان التیام(سهامی خاص) در تاریخ 1381/03/17 و طی شماره 187736 در اداره کل ثبت شرکتها و مالکیتهای صنعتی واقع در تهران به ثبت رسیده است/ مرکز اصلی شرکت تهران - کیلومتر 9 جاده مخصوص کرج خیابان نخ زرین خیابان شهید جلال پلاک 3 میباشد/شماره اقتصادی و شناسه ملی شرکت به شماره 411331479937 و 10102297765 می باشد.
A9: -1-2 | B9: فعالیت اصلی شرکت
B10: عمده فعالیت های شرکت، طبق ماده 2 اساسنامه عبارتست از: تولید و ساخت اقلام داروئی ، آرایشی و بهداشتی و نیز وارد کردن انواع مواد اولیه داروئی ، آرایشی و بهداشتی و هر نوع لوازم و ماشین آلات که به نحوی با ساخت دارو و لوازم آرایشی و بهداشتی مرتبط باشد/ شایان ذکر است به استناد صورتجلسه مجمع عمومی فوق العاده مورخ 1385/02/15 موضوع فعالیت شرکت به توزیع و پخش داروهای انسانی ، دامی ، آرایشی بهداشتی و لوازم و تجهیزات پزشکی و مکملهای انسانی و دامی و نیز واردات انواع داروهای ساخته شده تغییر یافت.
A12: -1-3 | B12: تعداد کارکنان
B13: تعداد کارکنان دائم و موقت شرکت طی سال مالی مورد رسیدگی به شرح زیر بوده است :
G14: ='سر برگ صفحات'!A7 -> سال 1403 | J14: ='سر برگ صفحات'!A8 -> سال 1402
G15: نفر | J15: نفر
C16: کارکنان قراردادی | G16: 591 | J16: 576
G17: =SUM(G16:G16) -> 591 | J17: =SUM(J16:J16) -> 576
A18: -2 | B18: استانداردهای حسابداری جدید وتجدید نظر شده | C18: استانداردهای جدید وتجدید نظر شده
A19: 2-1- استاندارد های حسابداری جدید و تجدید نظر شده که در سال مالی جاری لازم الاجرا شده است.
A20: اجرای استاندارد های حسابداری شماره 38 ترکیب تجاری ، 39 صورتهای مالی تلفیقی ، 18 صورتهای مالی جداگانه ،40مشارکت ها ، 41 افشای منافع در واحد های تجاری دیگر ،30سرمایه گذاری در واحد تجاری وابسته و مشارکت خاص و 42 اندازه گیری ارزش منصفانه که از ابتدای سال مالی جاری برای شرکت ها لازم الاجرا است دارای آثار با اهمیتی بر روی صورتهای مالی نمی باشد.
A23: -3 | B23: اهم رويه هاي حسابداري1
A24: -3-1 | B24: مباني اندازه گيري استفاده شده در تهيه صورتهاي مالي
A25: -3-1-1 | B25: صورت های مالی برمبنای بهای تمام شده تاریخی تهيه شده است،به استثنای موارد ذیل که به ارزش تجدید ارزیابی است.
A26: الف-دارائی ثابت مشهود-طبقه بندی زمین برمبنای روش تجدید ارزیابی (یادداشت توضیحی 3-4-2)
A27: 6
A29: 1 رويه هاي حسابداري كه در شركت موضوعيت ندارد،‌ نبايد افشا شود.

Sheet اهم رويه1
A1: ='سر برگ صفحات'!A1 -> شرکت داروسازان التیام (سهامی خاص)
A2: ='سر برگ صفحات'!A16 -> يادداشتهاي توضيحي صورت هاي مالي
A3: ='سر برگ صفحات'!A3 -> سال مالی منتهی به 30 اسفند 1403
A4: -3-2 | B4: درآمد عملیاتی
A5: -3-2-1 | B5: در آمد عملیاتی به ارزش منصفانه مابه ازای دریافتی یا دریافتنی و به کسر مبالغ برآوردی از بابت برگشت از فروش وتخفیفات اندازه گیری می شود .
A7: -3-2-2 | B7: درآمد عملیاتی حاصل از فروش کالادر زمان تحویل کالا به مشتری شناسایی می شود ، توضیح اینکه نرخ فروش دارو بر اساس مصوبات سازمان غذا و داروی وزارت بهداشت ، درمان و آموزش پزشکی تعیین می گردد. | C7: درآمد عملیاتی حاصل از فروش کالادر زمان تحویل کالا به مشتری شناسایی می شود .
A8: -3-2-3 | B8: درآمد ارائه خدمات ،در زمان ارائه خدمات ،شناسایی می گردد . | C8: درآمد ارائه خدمات ،در زمان ارائه خدمات ،شناسایی می گردد .
A10: -3-3 | B10: مخارج تامین مالی
B11: مخارج تامین مالی در دوره وقوع به عنوان هزینه شناسایی می شود، به استثنای مخارجی که مستقیما قابل انتساب به تحصیل «دارایی های واجد شرایط» است.
A14: -3-4 | B14: دارایی های ثابت مشهود
A15: -3-4-1 | B15: داريي هاي ثابت مشهود، بر مبناي بهاي تمام شده اندازه گیری می شود .مخارج بهسازی و تعمیرات اساسی که باعث افزایش قابل ملاحظه در ظرفیت یا عمر مفید داراییهای ثابت یا بهبود اساسی در کیفیت بازدهی آنها میگردد ، به عنوان مخارج سرمایه ای محسوب و طی عمر مفید باقیمانده داراییهای ثابت مربوط مستهلک میشود .هزینه های تعمیرات و نگهداری جرئی که بمنظور حفظ یا ترمیم منافع اقتصادی مورد انتظار واحد تجاری از استاندارد عملکرد ارزیابی شده اولیه دارایی انجام میشود ، هنگام وقوع به عنوان هزینه های جاری تلقی و به حساب سود و زیان دوره منظور می شود.
A16: -3-4-2 | B16: در سال مالی 1401 به استناد اصلاحیه ماده 10 آئین نامه اجرایی تبصره (1)ماده 149 قانون مالیاتهای مستقیم مصوب 1366/12/03 با اصلاحات والحاقات بعدی آن ،دارایی های ثابت مشهود (زمین)مورد تجدید ارزیابی قرارگرفته است ومازاد حاصل از تجدید ارزیابی به استناد ماده 14 قانون (حداکثر استفاده از توان تولیدی وخدماتی کشور وحمایت از کالای ایرانی )به حساب سرمایه منظور گردیده است.
A17: -3-4-3 | B17: استهلاک دارایی های ثابت مشهود باتوجه به الگوی مصرف منافع اقتصادی آتی مورد انتظار (شامل عمرمفید برآوردی) دارایی های مربوط و با در نظر گرفتن آیین نامه استهلاکات موضوع ماده 149 و بخشنامه شماره 200-95-78 مورخ 1395/11/04 و براساس نرخ ها و روش های جدول زير محاسبه می شود:
C18: نوع دارایی | E18: نرخ استهلاک | I18: روش استهلاک
C19: ساختمان | E19: 25 | I19: خط مستقیم
C20: ماشین آلات وتجهیزات | E20: 6 | I20: خط مستقیم
C21: وسایل نقلیه | E21: 6 | I21: خط مستقیم
C22: اثاثه و منصوبات | E22: 3و5و6 | I22: خط مستقیم
A25: 7

Sheet اهم رويه 2
A1: ='سر برگ صفحات'!A1 -> شرکت داروسازان التیام (سهامی خاص)
A2: ='سر برگ صفحات'!A16 -> يادداشتهاي توضيحي صورت هاي مالي
A3: ='سر برگ صفحات'!A3 -> سال مالی منتهی به 30 اسفند 1403
A5: -3-4-4 | B5: برای دارایی های ثابتی که طی ماه تحصیل و مورد بهره برداری قرار می گیرد، استهلاک از اول ماه بعد محاسبه و در حساب ها منظور می شود. در مواردی که هر یک از دارایی های استهلاک پذیر پس از آمادگی جهت بهره برداری به علت تعطیل کار یا علل دیگر مورد استفاده قرار نگیرد، میزان استهلاک آن برای مدت یاد شده معادل 30درصد نرخ استهلاک منعکس در جدول بالا ست . در این صورت چنانچه محاسبه استهلاک بر حسب مدت باشد 70. مدت زمانی که دارایی مورد استفاده قرار نگرفته است،به باقی مانده مدت تعیین شده برای استهلاک دارایی در این جدول اضافه خواهد شد.
A7: -3-4-5 | B7: استهلاک دارایی های تجدید ارزیابی شده با توجه به مبلغ دفتری جدید (پس از تجدید ارزیابی)، طی عمر مفید باقی مانده محاسبه ودر حسابها منظور می شود .
A8: -3-5 | B8: مازاد تجدید ارزیابی
A9: -3-5-1 | B9: افزایش مبلغ دفتری یک دارایی ثابت مشهود در نتیجه تجدید ارزیابی آن (درآمدغیر عملیاتی تحقق نیافته ناشی از تجدید ارزیابی )مستقیما تحت عنوان مازاد تجدید ارزیابی ثبت ودر صورت وضعیت مالی به عنوان بخشی از حقوق مالکانه طبقه بندی می شود .هرگاه افزایش مزبور عکس یک کاهش قبلی ناشی از تجدید ارزیابی باشد که به عنوان هزینه شناسایی گردیده است،در این صورت،این افزایش تا میزان هزینه قبلی شناسایی شده در رابطه با همان دارایی به عنوان درآمد به سودوزیان دوره منظور می گردد.
A11: -3-5-2 | B11: کاهش مبلغ دفتری یک دارائی ثابت مشهود در نتیجه تجدید ارزیابی آن به عنوان هزینه شناسایی می شود.هرگاه کاهش مزبور عکس یک افزایش قبلی ناشی از تجدید ارزیابی باشدکه به حساب مازاد تجدید ارزیابی منظور شده است ،در این صورت این کاهش تا میزان مازاد تجدید ارزیابی مربوط به همان دارایی به بدهکار حساب مازاد تجدید ارزیابی منظور می گرددودر صورت سود وزیان جامع انعکاس می یابد وباقیمانده به عنوان هزینه شناسایی می شود.
A12: -3-5-3 | B12: مازادتجدید ارزیابی منعکس شده در سرفصل حقوق مالکانه،در زمان برکناری یا واگذاری دارایی مربوط یا به موازات استفاده از آن توسط شرکت،مستقیما به حساب سود انباشته منظور شود-مبلغ مازاد قابل انتقال معادل تفاوت بین استهلاک مبتنی بر مبلغ تجدید ارزیابی دارایی واستهلاک مبتنی بر بهای تمام شده تاریخی آن است.افزایش سرمایه به طور مستقیم ،از محل مازاد تجدید ارزیابی مجاز نیست،مگر در مواردی که به موجب قانون تجویز شده باشد.
A15: -3-6 | B15: دارایی هاي نامشهود
A16: -3-6-1 | B16: دارایی های نامشهود برمبنای بهای تمام شده اندازه گیری و در حسابها ثبت می شود. مخارجی از قبیل مخارج معرفی یک محصول یا خدمت جدید مانند مخارج تبلیغات، مخارج انجام فعالیت تجاری در یک محل جدید یا با یک گروه جدید از مشتریان مانند مخارج آموزش کارکنان، و مخارج اداری، عمومی وفروش در بهای تمام شده دارایی نامشهود منظور نمی شود .شناسایی مخارج در مبلغ دفتری یک دارایی نامشهود، هنگامی که دارایی آماده بهره برداری است، متوقف می شود. بنابراین مخارج تحمل شده برای استفاده یا بکارگیری مجدد یک دارایی نامشهود، در مبلغ دفتری آن منظور نمی شود.
A18: -3-6-2 | B18: استهلاک دارایی های نامشهود با عمر مفید معین، با توجه به الگوی مصرف منافع اقتصادی آتی مورد انتظار مربوط و بر اساس نرخ ها و روش های زیر محاسبه می شود :
B20: نوع دارایی | E20: نرخ استهلاک | H20: روش استهلاک
B21: نرم افزار های رایانه ای | E21: 3ساله | H21: خط مستقیم
A23: -3-7 | B23: موجودی مواد وکالا
A24: -3-7-1 | B24: موجودی مواد وکالا بر مبنای «اقل بهای تمام شده وخالص ارزش فروش» هریک از اقلام/ گروه های اقلام مشابه اندازه گیری می شود. در صورت فزونی بهای تمام شده نسبت به خالص ارزش فروش، مابه التفاوت به عنوان زیان کاهش ارزش موجودی شناسایی می شود . بهای تمام شده موجودی ها با بکارگیری روش های زیر تعیین می گردد:
F26: روش مورد استفاده
B27: کالای آماده فروش | F27: میانگین موزون
A28: -3-8 | B28: ذخيره مزاياي پايان خدمت
B29: ذخيره مزاياي پايان خدمت كاركنان بر اساس يك ماه آخرين حقوق ثابت و مزاياي مستمر براي هر سال خدمت آنان محاسبه و در حساب ها منظور مي شود .
A30: 3-9- مالیات بر درآمد
A31: 3-9-1 - هزینه مالیات
A32: هزینه مالیات مجموع مالیات جاری و انتقالی است .مالیات جاری و انتقالی باید در صورت سود و زیان منعکس شوند،مگر در مواردی که بر اقلام شناسایی شده در صورت سود و زیان جامع یا حقوق صاحبان سهام مرتبط .باشند.
A33: 3-9-2 - مالیات انتقالی
A34: مالیات انتقالی بر اساس تفاوت موقتی بین مبلغ دفتری دارایی ها و بدهی ها برای مقاصد گزارشگری مالی و مبالغ مورد استفاده برای مقاصد مالیاتی محاسبه می شود . در پایان هر دوره گزارشگری برای اطمینان از قابلیت بازیافت مبلغ دفتری دارایی مالیات انتقالی ، محتمل بودن وجود سود مشمول مالیات در آینده قابل پیش بینی برای بازیافت دارایی مالیات انتقالی ارزیابی می گردد و در صورت ضرورت مبلغ دفتری دارایی های مذبور تا میزان قابلیت بازیافت کاهش داده میشود . چنین کاهشی ، در صورتی برگشت داده می شود که وجود سود مشمول مالیات به میزان کافی محتمل باشد .
A36: 3-9-3 - تهاتر دارایی مالیات جاری و بدهی مالیات جاری
A37: شرکت دارایی های مالیات جاری و بدهی مالیات جاری را تنها در صورتی تهاتر می کند که :
A38: الف : حق قانونی برای تهاتر مبلغ شناسایی شده داشته باشد.
A39: ب : قصد تسویه بر مبنای خالص بازیافت و تسویه هم زمان دارایی و بدهی داشته باشد.
A40: 3-9-4 - مالیات جاری و انتقالی دوره جاری
A41: مالیات جاری و انتقالی در سود وزیان شناسایی می شود به استثنای زمانی که آن ها مربوط به اقلامی باشند که در سایر اقلام سود وزیان جامع یا مستقیما در حقوق مالکانه شناسایی می شوندکه در این خصوص مالیات جاری و انتقالی نیز به ترتیب در سایر اقلام سود وزیان جامع یا مستقیما در حقوق مالکانه شناسایی می شود.
A43: -4 | B43: قضاوت های مدیریت در فرآیند بکارگیری رویه های حسابداری و برآوردها
A44: -4-1 | B44: قضاوت های در فرآیند بکارگیری رویه های حسابداری و برآوردها
B45: برآوردي تاثيرگذار بر شركت وجود نداشته است.
A46: 8

Sheet درآمد یادداشت -5
A1: ='سر برگ صفحات'!A1 -> شرکت داروسازان التیام (سهامی خاص)
A2: =[3]HL!A14 -> يادداشتهاي توضيحي صورت هاي مالي
A3: ='سر برگ صفحات'!A3 -> سال مالی منتهی به 30 اسفند 1403
B4: 5-درآمدهاي عملياتي
J5: ='سر برگ صفحات'!A7 -> سال 1403 | L5: ='سر برگ صفحات'!A8 -> سال 1402
C6: :فروش خالص | J6: ريال | L6: ريال
C7: داخلی:
C8: داروهای انسانی وغیر داروئی | J8: =('60-20moin'!E128)*-1 -> 33069263045273 | L8: 24198328047109
A9: 5 | C9: فروش ناخالص | J9: =SUM(J8) -> 33069263045273 | L9: 24198328047109 | R9: =SUM(J8:J8)-J9 -> 0
A10: 5 | C10: برگشت از فروش | J10: =('60-20moin'!D129)*-1 -> -838994206819 | L10: -629738869686
A11: 5 | C11: تخفیفات | J11: =('60-20moin'!D130+'60-20moin'!D131+'60-20moin'!D132)*-1 -> -6388940006206 | L11: -2532743501597
C12: فروش خالص | J12: =SUM(J9:J11) -> 25841328832248 | L12: 21035845675826
B14: 5-1-خالص درآمد عملیاتی به تفکیک وابستگی اشخاص:
F15: ='سر برگ صفحات'!A7 -> سال 1403 | J15: ='سر برگ صفحات'!A8 -> سال 1402
F16: درآمد عملیاتی | H16: درصد نسبت به کل | J16: درآمد عملیاتی | L16: درصد نسبت به کل
F17: ریال | J17: ریال
C18: سایر مشتریان | F18: =J12 -> 25841328832248 | H18: =F18/F$19*100 -> 100 | J18: =L12 -> 21035845675826 | L18: =J18/J$19*100 -> 100
F19: =SUM(F18:F18) -> 25841328832248 | J19: =SUM(J18:J18) -> 21035845675826
B21: 5-2-جدول مقایسه ای درآمدهای عملیاتی و بهای تمام شده مربوط:
D22: ='سر برگ صفحات'!A7 -> سال 1403 | L22: ='سر برگ صفحات'!A8 -> سال 1402
D23: درآمد عملیاتی | F23: بهای تمام شده | H23: سود ناخالص | J23: درصد سود ناخالص به درآمد عملیاتی | L23: درصد سود ناخالص به درآمد عملیاتی
D24: ريال | F24: ريال | H24: ريال
C25: فروش خالص:
C26: داروهای انسانی وغیر داروئی | D26: =F19 -> 25841328832248 | F26: ='بهای تمام شده یادداشت 6-'!H14*-1 -> -23118161982897 | H26: =D26+F26 -> 2723166849351 | J26: =H26/D26 -> 0.10538029 | L26: 0.11
D27: =SUM(D26:D26) -> 25841328832248 | F27: =SUM(F26:F26) -> -23118161982897 | H27: =SUM(H26:H26) -> 2723166849351 | J27: =H27/D27 -> 0.10538029 | L27: =SUM(L26:L26) -> 0.11
A30: 9

Sheet درآمد یادداشت 5-3
A1: ='سر برگ صفحات'!A1 -> شرکت داروسازان التیام (سهامی خاص)
A2: =[3]HL!A14 -> يادداشتهاي توضيحي صورت هاي مالي
B3: ='سر برگ صفحات'!A3 -> سال مالی منتهی به 30 اسفند 1403
B5: 5-3- در آمد های عملیاتی به تفکیک مراکز به شرح زیر می باشد:
G6: سال 1403 | I6: سال 1402
G7: ریال | I7: ریال
C8: تهران غرب | G8: 4234228835857 | I8: 3122797094677
C9: تهران شرق | G9: 3793892890419 | I9: 3491884369100
C10: بابل | G10: 1530724087531 | I10: 1184518698313
C11: همدان | G11: 503445809542 | I11: 464146411208
C12: رشت | G12: 1098037312074 | I12: 664668167320
C13: تبریز | G13: 1033391564252 | I13: 824571819224
C14: ارومیه | G14: 1501826325161 | I14: 979058819565
C15: اصفهان | G15: 2150668280552 | I15: 1442620121194
C16: کرمان | G16: 1191874691183 | I16: 973797303320
C17: قم | G17: 1477949179066 | I17: 1071776459231
C18: قزوین | G18: 815376920302 | I18: 474941016545
C19: مشهد | G19: 2541937160310 | I19: 1614801821282
... C28: سنندج | G28: 801762773241 | I28: 509075578288
C29: فروش ناخالص | G29: =SUM(G8:G28) -> 33069263045273 | I29: =SUM(I8:I28) -> 24198328047109
C30: برگشت از فروش | G30: -838994206819 | I30: -629738869686
C31: تخفیفات | G31: -6388940006206 | I31: -2532743501597
C32: فروش خالص | G32: =G29+G30+G31 -> 25841328832248 | I32: =I29+I30+I31 -> 21035845675826
B34: 5-3-1- | C34: تمامی خریدها و فروشهای انجام شده براساس قیمتهای مصوب وزارت بهداشت انجام می شود.
B35: 5-3-2- | C35: مرکز کرج با مرکز تهران غرب ادغام گردیده ومرکز یزد با مرکز اصفهان ادغام گردیده است.
A36: 10

Sheet درآمد یادداشت 5-4
A1: ='[4]سر برگ صفحات'!A1 -> شرکت داروسازان التیام (سهامی خاص)
A2: =[3]HL!A14 -> يادداشتهاي توضيحي صورت هاي مالي
B3: ='سر برگ صفحات'!A3 -> سال مالی منتهی به 30 اسفند 1403
B5: 5-4- در آمد های عملیاتی به تفکیک محصول به شرح زیر می باشد:
E6: سال 1403 | I6: سال 1402
E7: مقدار | G7: ریال | I7: مقدار | K7: ریال
C8: قرص | E8: 15950772 | G8: 12333440759456 | I8: 14495802 | K8: 8674519925674
C9: کپسول | E9: 4450993 | G9: 5026257739051 | I9: 3929774 | K9: 2946429472115
C10: شربت | E10: 9260469 | G10: 3352533797245 | I10: 13373288 | K10: 2949843692311
C11: ویال | E11: 542556 | G11: 754876677123 | I11: 889401 | K11: 1690289905164
C12: آمپول | E12: 1371368 | G12: 1882278016309 | I12: 1439271 | K12: 1263597123640
C13: سرم | E13: 5112516 | G13: 1142310792161 | I13: 5341856 | K13: 992826735190
C14: اسپری | E14: 2282882 | G14: 887936045232 | I14: 2276050 | K14: 667644047531
C15: قطره | E15: 5962613 | G15: 1339774337843 | I15: 3751145 | K15: 635725690797
C16: سوسپانسیون | E16: 1323159 | G16: 631250965645 | I16: 1870993 | K16: 551251600050
C17: محلول | E17: 747914 | G17: 575445963393 | I17: 631875 | K17: 388949039126
C18: شیاف | E18: 1597483 | G18: 418043419025 | I18: 1838915 | K18: 337891104935
C19: پماد | E19: 2114555 | G19: 554474965710 | I19: 1606599 | K19: 318524469213
... C35: سر شیشه | E35: 13336 | G35: 11937328428 | I35: 34386 | K35: 28630330499
C36: پد | E36: 0 | I36: 80373 | K36: 22427494722
C37: اسکراب | E37: 17401 | G37: 46306874880 | I37: 7872 | K37: 18878192640
C38: کپسول مایع | E38: 187269 | G38: 226093587548 | I38: 21012 | K38: 23963551574
C39: لوسیون | E39: 125189 | G39: 26647611951 | I39: 77803 | K39: 17239679223
C40: ست | E40: 0 | G40: 0 | I40: 1410 | K40: 8128512000
C41: بالک | E41: 848 | G41: 4380500000 | I41: 1789 | K41: 6673625000
C42: صابون | E42: 39510 | G42: 23633299226 | I42: 24831 | K42: 7303789742
C43: ویال خوراکی | E43: 10109 | G43: 23905176476 | I43: 3554 | K43: 5875624607
C44: قلم | E44: 357 | G44: 283399030 | I44: 29871 | K44: 5246183988
C45: سایر | E45: 164457 | G45: 119674941198 | I45: 26598 | K45: 14123138631
C46: فروش ناخالص | G46: =SUM(G8:G45) -> 33069263045273 | K46: =SUM(K8:K45) -> 24198328047109
C47: برگشت از فروش | G47: -838994206819 | K47: -629738869686
C48: تخفیفات | G48: -6388940006206 | K48: -2532743501597
C49: فروش خالص | G49: =G46+G47+G48 -> 25841328832248 | K49: =K46+K47+K48 -> 21035845675826
B52: 5-5- | C52: برگشت از فروش مربوط به مرجوعی کالا توسط مشتریان و مبالغ تخفیفات براساس مبالغ فروش محاسبه واعطاءگردیده است.
B53: 11

Sheet بهای تمام شده یادداشت 6-
A1: ='[5]سر برگ صفحات'!A1 -> شرکت داروسازان التیام (سهامی خاص)
A2: =[6]HL!A14 -> يادداشتهاي توضيحي صورت هاي مالي
A3: ='[5]سر برگ صفحات'!A3 -> سال مالی منتهی به 30 اسفند 1403
A5: 6- | B5: بهای تمام شده درآمدهای عملیاتی
F6: یادداشت | H6: ='[5]سر برگ صفحات'!A7 -> سال 1403 | J6: سال 1402
H7: ریال | J7: ریال
B8: موجودی کالا در ابتدای سال | F8: 16 | H8: 1808098055424 | J8: 1202359754952
B9: خرید خالص طی سال | F9: 6-1 | H9: 25105586076654 | J9: 19836428358097
B10: موجودی کالای آماده برای فروش | H10: =SUM(H8:H9) -> 26913684132078 | J10: =SUM(J8:J9) -> 21038788113049
B11: کسر می شود:
B12: تعدیلات موجودی انبار | F12: 6-2 | H12: -1678571678616 | J12: -498588751541
B13: موجودی کالا در پایان سال | F13: 16 | H13: -2116950470565 | J13: -1808098055424
B14: بهای تمام شده کالای فروش رفته | H14: =SUM(H10:H13) -> 23118161982897 | J14: =SUM(J10:J13) -> 18732101306084
A16: 6-1- | B16: در سال مورد گزارش مبلغ 25/105/586 میلیون ریال (سال قبل 19/836/428 میلیون ریال) موجودی کالا خریداری شده است. تامین کنندگان اصلی موجودی کالا از کشور ایران می باشد و مبلغ خرید از هریک به شرح زیر است:
D18: ='[5]سر برگ صفحات'!A7 -> سال 1403 | H18: ='[5]سر برگ صفحات'!A8 -> سال 1402
B19: شرکتهای فروشنده | D19: ریال | F19: درصد نسبت به کل خرید سال | H19: ریال | J19: درصد نسبت به کل خرید سال
B20: خوارزمی | D20: 3520656020262 | F20: =IFERROR(D20/H$9,0) -> 0.14023397 | H20: 3452923460863 | J20: =IFERROR(H20/J$9,0) -> 0.17406982
B21: کیمیا الکل زنجان | D21: 717831794020 | F21: =IFERROR(D21/H$9,0) -> 0.028592513 | H21: 461570433744 | J21: =IFERROR(H21/J$9,0) -> 0.023268828
B22: فرآورده ها تزریقی ایران | D22: 227970908000 | F22: =IFERROR(D22/H$9,0) -> 0.0090804854 | H22: 900790556120 | J22: =IFERROR(H22/J$9,0) -> 0.045410925
B23: رها | D23: 1050224207726 | F23: =IFERROR(D23/H$9,0) -> 0.041832292 | H23: 1303093885911 | J23: =IFERROR(H23/J$9,0) -> 0.065691961
B24: اکسیر | D24: 1743715116395 | F24: =IFERROR(D24/H$9,0) -> 0.069455264 | H24: 2870032106732 | J24: =IFERROR(H24/J$9,0) -> 0.14468492
B25: خوش طعم افزر | D25: 0 | F25: =IFERROR(D25/H$9,0) -> 0 | H25: -6187500 | J25: =IFERROR(H25/J$9,0) -> -3.1192611e-07
B26: سپهر پلاستیک پدیده | D26: -12073471340 | F26: =IFERROR(D26/H$9,0) -> -0.00048090777 | H26: 15328330075 | J26: =IFERROR(H26/J$9,0) -> 0.00077273639
B27: آنوشا(تسنیم) | D27: 1471264085606 | F27: =IFERROR(D27/H$9,0) -> 0.058603057 | H27: 1106577183109 | J27: =IFERROR(H27/J$9,0) -> 0.055785102
B28: واریان فارمد | D28: 1343612764845 | F28: =IFERROR(D28/H$9,0) -> 0.053518478 | H28: 473844965680 | J28: =IFERROR(H28/J$9,0) -> 0.023887615
B29: حکیم | D29: 97611973220 | F29: =IFERROR(D29/H$9,0) -> 0.0038880579 | H29: 241224602356 | J29: =IFERROR(H29/J$9,0) -> 0.012160687
B30: پارس دارو | D30: 1024321578071 | F30: =IFERROR(D30/H$9,0) -> 0.040800544 | H30: 471965566971 | J30: =IFERROR(H30/J$9,0) -> 0.02379287
B31: پدیده شیمی قرن | D31: -133690680 | F31: =IFERROR(D31/H$9,0) -> -5.3251368e-06 | H31: 44788249920 | J31: =IFERROR(H31/J$9,0) -> 0.0022578787
... B46: سایر تامین کنندگان | D46: 6646355186314 | F46: =IFERROR(D46/H$9,0) -> 0.26473611 | H46: 3908363694655 | J46: =IFERROR(H46/J$9,0) -> 0.19702961
B47: جمع کل | D47: =SUM(D20:D46) -> 25105586076654 | F47: =SUM(F20:F46) -> 1 | H47: =SUM(H20:H46) -> 19836428358097 | J47: =SUM(J20:J46) -> 1 | M47: =J9-H47 -> 0
A49: 12
A51: 6-2- | B51: تعدیلات موجودی انبار:
H52: سال 1403 | J52: سال 1402
H53: ریال | J53: ریال
B54: تعدیلات انبار - اصلاح بچ | H54: 2199905419 | J54: 1978110277
B55: ضایعات | H55: 0 | J55: 0
B56: امحاء ضایعات | H56: -8872039665 | J56: -20196599014
B57: جوایز | H57: -2218341471634 | J57: -683491226683
B58: انحراف قیمت | H58: 546441927264 | J58: 203120963879
H59: =SUM(H54:H58) -> -1678571678616 | I59: =SUM(I54:I58) -> 0 | J59: =SUM(J54:J58) -> -498588751541
A83: 13
A92: 14

Sheet هزینه های   یادداشت -7
B1: ='سر برگ صفحات'!A1 -> شرکت داروسازان التیام (سهامی خاص)
B2: =[6]HL!A14 -> يادداشتهاي توضيحي صورت هاي مالي
B3: ='سر برگ صفحات'!A3 -> سال مالی منتهی به 30 اسفند 1403
B4: 7- | C4: هزینه های فروش ، اداری و عمومی
E6: یادداشت | G6: ='سر برگ صفحات'!A7 -> سال 1403 | I6: ='سر برگ صفحات'!A8 -> سال 1402
G7: ریال | I7: ریال
A8: 7 | C8: حقوق و دستمزد و مزايا | E8: 7-1 | G8: ='60-20moin'!CN277 -> 1533062825457 | I8: 1052171039382
A9: 7 | C9: پاداش بهره وری | G9: ='60-20moin'!CO277 -> 608228679153 | I9: 369451856275
C10: حق الزحمه و حق المشاوره | G10: ='60-20moin'!DP277 -> 35272696266 | I10: 32000252404
A11: 7 | C11: حق بیمه | E11: 7-2 | G11: ='60-20moin'!CR277 -> 275981632583 | I11: 188202705523
A12: 7 | C12: هزینه حمل | G12: ='60-20moin'!DA277 -> 193388664837 | I12: 163311640610
A13: 7 | C13: اجاره وسائط نقلیه | G13: ='60-20moin'!DQ277 -> 10027183333 | I13: 6920733333
A14: 7 | C14: اجاره انبار | G14: ='60-20moin'!DR277 -> 35232750002 | I14: 27187333332
A15: 7 | C15: عیدی و پاداش | G15: ='60-20moin'!CP277 -> 104719532287 | I15: 71416403236
A16: 7 | C16: هزینه استهلاک | G16: ='60-20moin'!CX277 -> 90882026585 | I16: 73400587145
A17: 7 | C17: سنوات خدمت | G17: ='60-20moin'!CQ236 -> 144575446544 | I17: 87606116731
A18: 7 | C18: مرخصی استفاده نشده | G18: ='60-20moin'!CQ235 -> 7250846950 | I18: 7683770551
A19: 7 | C19: اقامت و ماموریت | G19: ='60-20moin'!DM277 -> 10745908908 | I19: 7782891858
A20: 7 | C20: نوشت افزار -ملزومات مصرفی و ملبوسات | G20: ='60-20moin'!DD277 -> 185568399188 | I20: 115400878522
A21: 7 | C21: آب و برق و گاز مصرفی و تلفن | G21: ='60-20moin'!DE277 -> 32509273933 | I21: 24963095377
A22: 7 | C22: آگهي وتبليغات و بازاریابی | G22: ='60-20moin'!DU277 -> 167416100 | I22: 48677875
A23: 7 | C23: آبدارخانه وپذيرائي | G23: ='60-20moin'!DG277 -> 13277136928 | I23: 8351780061
A24: 7 | C24: بيمه دارائي ثابت | G24: ='60-20moin'!DI277 -> 27642525575 | I24: 20550070384
C25: پشتیبانی نرم افزار و اشتراک اینترنت | G25: ='60-20moin'!DL277 -> 11148485405 | I25: 5914707000
A26: 7 | C26: تعمير ونگهداري دارایی ثابت | G26: ='60-20moin'!DB277 -> 43625059924 | I26: 27280693566
A27: 7 | C27: ایاب و ذهاب | G27: ='60-20moin'!DS277 -> 2999396040 | I27: 2039943496
A28: 7 | C28: بهداشت و درمان | G28: ='60-20moin'!DC277 -> 1905481560 | I28: 1601878833
A29: 7 | C29: سوخت وسایط نقلیه | G29: ='60-20moin'!DH277 -> 12157632341 | I29: 9702257624
A30: 7 | C30: بیمه تکمیلی و مسئولیت مدنی | G30: ='60-20moin'!DT277 -> 32924945177 | I30: 25661935469
C31: هزینه حسابرسی | G31: ='60-20moin'!DW277 -> 2097754501 | I31: 1185900285
A32: 7 | C32: حق حضور در جلسات هیات مدیره | G32: ='60-20moin'!DF277 -> 1440000000 | I32: 960000000
A33: 7 | C33: سایر | G33: ='60-20moin'!EA277 -> 12080058024 | I33: 9792124779
A34: 7 | C34: جمع کل | G34: =SUM(G8:G33) -> 3428911757601 | I34: =SUM(I8:I33) -> 2340589273651
B36: -7-1 | C36: افزایش مبالغ مربوط به حقوق ودستمزد براساس ضوابط ودستورالعمل ها وبخشنامه های ابلاغی سازمان تامین اجتماعی صورت پذیرفته است.
A37: 14 | B37: 7-2- | C37: افزایش بیمه سهم کارفرما بابت افزایش سالانه حقوق و دستمزد پرسنل می باشد.
B38: 14

Sheet سایردرآرمد و هزینه ها8-11
A1: ='سر برگ صفحات'!A1 -> شرکت داروسازان التیام (سهامی خاص)
B2: =[6]HL!A14 -> يادداشتهاي توضيحي صورت هاي مالي
A3: ='سر برگ صفحات'!A3 -> سال مالی منتهی به 30 اسفند 1403
B4: 8- | C4: سایر درآمد ها
E5: یادداشت | G5: ='سر برگ صفحات'!A7 -> سال 1403 | I5: ='سر برگ صفحات'!A8 -> سال 1402
G6: ریال | I6: ریال
A7: 8 | C7: ='60-20moin'!C134 -> جوایز فروش | E7: 8-1 | G7: ='60-20moin'!EI277*-1 -> 148952477 | I7: 28432972
C8: ='60-20moin'!C136 -> تخفیفات ریالی تامین کنندگان | E8: 8-2 | G8: ='60-20moin'!EE277*-1 -> 989342546404 | I8: 719016416569
C9: ='60-20moin'!C137 -> انحراف قیمت کاهنده و افزاینده | E9: 8-3 | G9: ='60-20moin'!ED277*-1 -> 247382392577 | I9: 72053406049
C10: تعدیلات انبار-اصلاح بچ | E10: 8-4 | G10: ='60-20moin'!EJ277*-1 -> 2154340571 | I10: 1101072018
G11: =SUM(G7:G10) -> 1239028232029 | I11: =SUM(I7:I10) -> 792199327608
B13: 8-1- | C13: جوایز فروش براساس نامه های تامین کنندگان تجاری وبخشنامه های صادره از طرف وزارت بهداشت و براساس فروش به مشتریان درفاکتورفروش محاسبه ودر سرفصل جوایز فروش ثبت می گردد. | O13: جوایز فروش براساس نامه های تامین کنندگان تجاری وبخشنامه های صادره از طرف وزارت بهداشت و براساس فروش به مشتریان درفاکتورفروش محاسبه ودر سرفصل جوایز فروش ثبت می گردد.
B14: 8-2- | C14: تخفیفات ریالی تامین کنندگان براساس نامه تامین کنندگان وتعیین مبالغ فروش به صورت ماهیانه ودر صورت تحقق فروش به عنوان تخفیفات ریالی درحسابها ثبت می گردد.
B15: 8-3- | C15: انحراف قیمت کاهنده وافزاینده شامل تفاوت نرخ آن دسته از موجودی هایی است که در زمان تغییر قیمت کالا متعلق در حسابها اصلاح وثبت میگردد.
B16: 8-4- | C16: تعدیلات انبار ناشی از اصلاح بچ نامبرهای کالا میباشد
B17: 9- | C17: سایر هزینه ها
G18: ='سر برگ صفحات'!A7 -> سال 1403 | I18: ='سر برگ صفحات'!A8 -> سال 1402
G19: ریال | I19: ریال
C20: هزینه امحاء ضایعات | G20: ='60-20moin'!D202 -> 7592606024 | I20: 20885771814
G21: =SUM(G20:G20) -> 7592606024 | I21: =SUM(I20:I20) -> 20885771814
B24: 10- | C24: هزینه های مالی
G25: ='سر برگ صفحات'!A7 -> سال 1403 | I25: ='سر برگ صفحات'!A8 -> سال 1402
G26: ریال | I26: ریال
C27: هزینه بهره | G27: ='60-20moin'!EL277 -> 469695912534 | I27: 359402952878
A28: 10 | C28: جرائم تسهیلات | G28: ='60-20moin'!DV207 -> 83709503887 | I28: 8886144928
C29: کارمزد بانکی | G29: ='60-20moin'!DV203+'60-20moin'!DV204 -> 3178709533 | I29: 5854238891
C30: تمبر و سفته | G30: ='60-20moin'!DV205 -> 31056000 | I30: 2312209650
G31: =SUM(G27:G30) -> 556615181954 | I31: =SUM(I27:I30) -> 376455546347 | L31: 3469805404
B33: 11- | C33: سایر درآمد های غیر عملیاتی | L33: 3439091396
G34: ='سر برگ صفحات'!A7 -> سال 1403 | I34: ='سر برگ صفحات'!A8 -> سال 1402 | L34: =L31-L33 -> 30714008
G35: ریال | I35: ریال
A36: 11 | C36: ='60-20moin'!C138 -> سود پس انداز بانکی | G36: ='60-20moin'!ER277*-1 -> 444806167 | I36: 168420334 | L36: -11209834091
A37: 11 | C37: سایر درآمدها و هزینه های غیر عملیاتی | G37: =('60-20moin'!EZ139+'60-20moin'!EZ140+'60-20moin'!EZ141)*-1 -> 7307009753 | I37: 5534678633 | L37: ='60-20moin'!#REF! -> #REF! | M37: کد71037
A38: 11 | C38: سود اوراق خزانه | G38: ='60-20moin'!EW277*-1 -> 110398064 | I38: 325863710
G39: =SUM(G36:G38) -> 7862213984 | I39: =SUM(I36:I38) -> 6028962677
B41: 11-1- | C41: سایر درآمدهای غیرعملیاتی شامل سایر در آمدها ،درآمدفروش ضایعات وسایردرآمد مشتریان می باشد.
B42: 15

Sheet دارایی ثابت 12
B1: ='[7]سر برگ صفحات'!A1 -> شرکت داروسازان التیام (سهامی خاص)
B2: يادداشتهاي توضيحي صورت هاي مالي
B3: سال مالی منتهی به 30 اسفند 1403
B4: 12- داریی های ثابت مشهود | P4: (مبالغ به ریال)
D5: زمین | F5: ساختمان | H5: ماشین آلات و تجهیزات | J5: وسایط نقلیه | L5: اثاثه و منصوبات | N5: جمع | P5: دارایی های در جریان تکمیل | R5: پیش پرداخت های سرمایه ای | T5: جمع
B6: بهای تمام شده :
B7: مانده در ابتدای سال 1402 | D7: 4162357240000 | F7: 749171940222 | H7: 0 | J7: 159552143902 | L7: 155673628448 | N7: =SUM(D7:L7) -> 5226754952572 | P7: 9869957977 | R7: 143159060383 | T7: =N7+P7+R7 -> 5379783970932
B8: افزایش | D8: 30000000000 | F8: 13214310970 | H8: 0 | J8: 7844000000 | L8: 35294370050 | N8: =SUM(D8:L8) -> 86352681020 | P8: 142675214896 | R8: 271571213761 | T8: =SUM(N8:R8) -> 500599109677
B9: واگذار شده | D9: 0 | F9: 0 | H9: 0 | J9: 0 | L9: 0 | N9: =SUM(D9:L9) -> 0 | P9: 0 | R9: -15278745397 | T9: =SUM(N9:R9) -> -15278745397
B10: سایر نقل و انتقالات و تغییرات | D10: 155000000000 | F10: 89197862249 | H10: 0 | J10: 126650119292 | L10: 5270947349 | N10: =SUM(D10:L10) -> 376118928890 | P10: 22879213329 | R10: -398998142219 | T10: =SUM(N10:R10) -> 0
B11: مانده در پایان سال 1402 | D11: =SUM(D7:D10) -> 4347357240000 | E11: =SUM(E7:E10) -> 0 | F11: =SUM(F7:F10) -> 851584113441 | G11: =SUM(G7:G10) -> 0 | H11: =SUM(H7:H10) -> 0 | I11: =SUM(I7:I10) -> 0 | J11: =SUM(J7:J10) -> 294046263194 | K11: =SUM(K7:K10) -> 0 | ... T11: =SUM(T7:T10) -> 5865104335212
B12: افزایش | D12: 0 | F12: 10529673263 | H12: 0 | J12: 9252000000 | L12: 27103991691 | N12: =SUM(D12:L12) -> 46885664954 | P12: 81758941497 | R12: 70213651616 | T12: =N12+P12+R12 -> 198858258067
B13: واگذار شده | D13: 0 | F13: 0 | H13: 0 | J13: 0 | N13: =SUM(D13:L13) -> 0 | R13: -717301453 | T13: =SUM(N13:R13) -> -717301453
B14: سایر نقل و انتقالات و تغییرات | D14: 0 | F14: =6078500000+233415374250 -> 239493874250 | H14: 0 | J14: 5775000000 | L14: 7657580000 | N14: =SUM(D14:L14) -> 252926454250 | P14: =19477002816-233415374250 -> -213938371434 | R14: -38988082816 | T14: =SUM(N14:R14) -> 0
B15: مانده در پایان سال 1403 | D15: =SUM(D11:D14) -> 4347357240000 | F15: =SUM(F11:F14) -> 1101607660954 | H15: =SUM(H11:H14) -> 0 | J15: =SUM(J11:J14) -> 309073263194 | L15: =SUM(L11:L14) -> 231000517538 | N15: =SUM(N11:N14) -> 5989038681686 | P15: =SUM(P11:P14) -> 43244956265 | R15: =SUM(R11:R14) -> 30961653875 | T15: =SUM(T11:T14) -> 6063245291826
B16: استهلاك انباشته:
B17: مانده در ابتدای سال 1402 | D17: 0 | F17: -55680290421 | G17: 0 | H17: 0 | I17: 0 | J17: -111560934398 | K17: 0 | L17: -111718955705 | M17: 0 | N17: =SUM(F17:L17) -> -278960180524 | P17: 0 | R17: 0 | T17: =N17 -> -278960180524
B18: استهلاک | D18: 0 | F18: -31123201317 | H18: 0 | J18: -22387606669 | L18: -19889779159 | N18: =SUM(F18:L18) -> -73400587145 | P18: 0 | R18: 0 | T18: =N18 -> -73400587145
B19: واگذار شده | D19: 0 | F19: 0 | H19: 0 | J19: 0 | N19: =SUM(F19:L19) -> 0 | P19: 0 | R19: 0 | T19: =N19 -> 0
B20: مانده در پایان سال 1402 | D20: =SUM(D17:D19) -> 0 | F20: =SUM(F17:F19) -> -86803491738 | H20: =SUM(H17:H19) -> 0 | J20: =SUM(J17:J19) -> -133948541067 | L20: =SUM(L17:L19) -> -131608734864 | N20: =SUM(N17:N19) -> -352360767669 | P20: =SUM(P17:P19) -> 0 | R20: =SUM(R17:R19) -> 0 | T20: =SUM(T17:T19) -> -352360767669
B21: استهلاک | D21: 0 | F21: -34072977382 | H21: 0 | J21: -35181312802 | L21: -21627736401 | N21: =SUM(D21:L21) -> -90882026585 | P21: 0 | R21: 0 | T21: =SUM(N21:R21) -> -90882026585
B22: واگذار شده | D22: 0 | F22: 0 | H22: 0 | N22: =SUM(D22:L22) -> 0 | P22: 0 | R22: 0 | T22: =SUM(N22:R22) -> 0
B23: مانده در پایان سال 1403 | D23: 0 | F23: =SUM(F20:F22) -> -120876469120 | H23: =H20+H21-H22 -> 0 | J23: =SUM(J20:J22) -> -169129853869 | L23: =SUM(L20:L22) -> -153236471265 | N23: =SUM(N20:N22) -> -443242794254 | P23: 0 | R23: 0 | T23: =SUM(T20:T22) -> -443242794254
B24: مبلغ دفتری در پایان سال 1403 | D24: =D15+D23 -> 4347357240000 | F24: =F15+F23 -> 980731191834 | H24: =H15-H23 -> 0 | J24: =J15+J23 -> 139943409325 | L24: =L15+L23 -> 77764046273 | N24: =N15+N23 -> 5545795887432 | P24: =P15 -> 43244956265 | R24: =R15 -> 30961653875 | T24: =SUM(N24:S24) -> 5620002497572
B25: مبلغ دفتری در پایان سال 1402 | D25: =D11+D20 -> 4347357240000 | F25: =F11+F20 -> 764780621703 | H25: =H11-H20 -> 0 | J25: =J11+J20 -> 160097722127 | L25: =L11+L20 -> 64630210983 | N25: =N11+N20 -> 5336865794813 | P25: =P11 -> 175424386202 | R25: =R11 -> 453386528 | T25: =SUM(N25:S25) -> 5512743567543
B27: 10-1- افزایش ساختمان مربوط به هزینه ساختمان مشهد-قم-اصفهان می باشد.
B28: 10-2- افزایش اثاثیه مربوط به خرید کولر،دوربین،میز،جک پالت،گوشی تلفن و... می باشد.
B29: 10-3- افزایش وسائط نقلیه مربوط به خرید سردخانه خودرو آمیکوو پک کامل باطری .... می باشد .
B30: 10-4- افزایش داراییهای در جریان تکمیل مربوط به مخارج انجام شده ساختمان مراکز اصفهان-قم-کرمانشاه-مشهد می باشد.
B31: 10-5-افزایش پیش پرداخت سرمایه ای مربوط به پیش پرداخت خرید اثاثه و منصوبات ،وجه پرداختی بابت بخشی از مخارج مربوط به ساختمان اصفهان و .... وکاهش آن انتقال از پیش پرداخت خرید دارایی به حسابهای مربوطه میباشد.
B32: 10-6-داراییهای ثابت مشهود در مقابل خطرات احتمالی دارای پوشش بیمه ای به مبلغ 1،233،621،439،600 ریال می باشد.
B33: 10-7- داراییهای ثابت مشهود در ترهین نمی باشد.
A34: 16

Sheet دارایی نامشهود-13
A1: ='[7]سر برگ صفحات'!A1 -> شرکت داروسازان التیام (سهامی خاص)
A2: ='[8]سر برگ صفحات'!A14 -> يادداشتهاي توضيحي صورت هاي مالي
A3: سال منهی به 30 اسفند 1403
A4: 13- | B4: دارایی های نا مشهود
H5: (مبالغ به ریال)
D6: حق امتیاز خدمات عمومی | F6: نرم افزار رایانه ای | H6: جمع
B7: :بهای تمام شده
B8: مانده در ابتدای سال 1402 | D8: 866452073 | F8: 1855952620 | H8: 2722404693
B9: افزایش | D9: 32712000 | F9: 0 | H9: =D9+F9 -> 32712000
B10: مانده در پایان سال 1402 | D10: =SUM(D8:D9) -> 899164073 | F10: =SUM(F8:F9) -> 1855952620 | H10: =SUM(H8:H9) -> 2755116693
B11: افزایش | D11: 132509000 | F11: 0 | H11: =D11+F11 -> 132509000
B12: مانده در پایان سال 1403 | D12: =SUM(D10:D11) -> 1031673073 | F12: =SUM(F10:F11) -> 1855952620 | H12: =SUM(H10:H11) -> 2887625693
B13: استهلاک انباشته : | H13: =D13+F13 -> 0
B14: مانده در ابتدای سال 1402 | D14: 0 | F14: -1589285798 | H14: =D14+F14 -> -1589285798
B15: استهلاک | D15: 0 | F15: -266666666 | H15: =D15+F15 -> -266666666
B16: مانده در پایان سال 1402 | D16: 0 | F16: =SUM(F14:F15) -> -1855952464 | H16: =D16+F16 -> -1855952464
B17: استهلاک | D17: 0 | F17: 0 | H17: =D17+F17 -> 0
B18: مانده در پایان سال 1403 | D18: =SUM(D16:D17) -> 0 | F18: =SUM(F16:F17) -> -1855952464 | H18: =SUM(H16:H17) -> -1855952464
B19: مبلغ دفتری در پایان سال 1403 | D19: =D12-D18 -> 1031673073 | F19: =F12+F18 -> 156 | H19: =D19+F19 -> 1031673229
B20: مبلغ دفتری در پایان سال 1402 | D20: =D10-D16 -> 899164073 | F20: =F10+F16 -> 156 | H20: =D20+F20 -> 899164229
A23: 14- | B23: دریافتنی های بلند مدت
F25: 1402/12/29 | H25: 1401/12/29
F26: ریال | H26: ریال
B27: اوراق دریافتنی بلند مدت | F27: 1452000000 | H27: 1452000000
F28: =F27 -> 1452000000 | H28: =SUM(H27) -> 1452000000
A31: 17

Sheet پیش پرداخت  موجودی کالا 15-16
B1: ='سر برگ صفحات'!A1 -> شرکت داروسازان التیام (سهامی خاص)
B2: =[9]HL!A14 -> يادداشتهاي توضيحي صورت هاي مالي
B3: ='سر برگ صفحات'!A3 -> سال مالی منتهی به 30 اسفند 1403
B5: 15- | C5: پیش پرداخت ها
G6: 1403 | I6: 1402
G7: ریال | I7: ریال
C8: پیش پرداخت های داخلی:
A9: 17 | C9: پیش پرداخت اجاره مراکز | G9: ='60-20moin'!U277 -> 19350000000 | I9: 16050000000
A10: 17 | C10: بيمه دارایی ها | G10: ='60-20moin'!T277 -> 8038124555 | I10: 6694381555
A11: 17 | C11: بیمه مسئولیت مدنی و تکلیفی | G11: ='60-20moin'!V277 -> 30304171258 | I11: 8484197928
A12: 17 | C12: پیش پرداخت مالیات تکلیفی | G12: ='60-20moin'!X277 -> 85850524 | I12: 318500000
C13: پیش پرداخت تامین کنندگان | G13: ='60-20moin'!Y277 -> 24246278795 | I13: 10690958900
C14: سایر پیش پرداخت ها | G14: ='60-20moin'!AA277 -> 69229120023 | I14: 20663833157
C15: سود و کارمزد سنوات آتی | G15: ='60-20moin'!CC277 -> 43869721761 | I15: 229992101707
G16: =SUM(G9:G15) -> 195123266916 | I16: 292893973247
C17: تهاتر سود کارمزد سنوات آتی با تسهیلات مالی (یادداشت 1-1-24) | G17: =-(G15) -> -43869721761 | H17: =-(H15) -> 0 | I17: -229992101707
G18: =SUM(G16:G17) -> 151253545155 | H18: =SUM(H16:H17) -> 0 | I18: 62901871540
B21: 16- | C21: موجودي مواد و كالا
E22: یادداشت | G22: 1403 | I22: 1402
G23: ریال | I23: ریال
A24: 18 | C24: موجودي كالای پایان دوره | E24: 16-1 | G24: ='60-20moin'!Q277 -> 2116950470565 | I24: 1808098055424
G25: =SUM(G24:G24) -> 2116950470565 | I25: =SUM(I24:I24) -> 1808098055424
A26: 18

Sheet موجودی کالا -1-16
A1: ='سر برگ صفحات'!A1 -> شرکت داروسازان التیام (سهامی خاص)
A2: =[9]HL!A14 -> يادداشتهاي توضيحي صورت هاي مالي
B3: ='سر برگ صفحات'!A3 -> سال مالی منتهی به 30 اسفند 1403
B5: 16-1- | C5: موجودی کالای پایان دوره به تفکیک کالابه شرح ذیل می باشد:
G6: 1403 | I6: 1402
G7: ریال | I7: ریال
C8: بطری | G8: 19230118271 | I8: 40028956154 | J8: اسپری | K8: 40444607775
C9: اسپری | G9: 29730938051 | I9: 40444607775 | J9: اسکراب | K9: 6319040000
C10: آمپول | G10: 230202105945 | I10: 118749773447 | J10: الگزیر | K10: 8156148000
C11: پرفیلد | G11: 4542417600 | I11: 50040133728 | J11: آمپول | K11: 118749773447
C12: پماد | G12: 40934024147 | I12: 12947403742 | J12: انبار
C13: سافت ژل | G13: 99556800 | I13: 290138430 | J13: بالک | K13: 5154695700
C14: سرم | G14: 78238435134 | I14: 10738172000 | J14: بطری | K14: 40028956154
C15: سوسپانسیون | G15: 57500474954 | I15: 66082917828 | J15: پاستیل | K15: 0
C16: شربت | G16: 150552106845 | I16: 106106478158 | J16: پد | K16: 2901540343
C17: شیاف | G17: 13793201602 | I17: 17823039524 | J17: پرفیلد | K17: 50040133728
C18: قرص | G18: 867762548327 | I18: 653075200670 | J18: پماد | K18: 12947403742
C19: قرص جوشان | G19: 689682561 | I19: 3017684232 | J19: پودر | K19: 4291554345
C20: قطره | G20: 15572972015 | I20: 27921445893 | J20: تجهیزات پزشکی | K20: 1456212500
C21: کپسول | G21: 280475026690 | I21: 222151469923 | J21: خمیر | K21: 4293984296
C22: کپسول مایع | G22: 129667500 | I22: 29231284960 | J22: دراژه | K22: 0
C23: کرم | G23: 67810183880 | I23: 29095267510 | J23: دهانشویه | K23: 0
C24: کرم واژینال | G24: 17788347492 | I24: 7188955348 | J24: ژل | K24: 0
... C33: سایر | G33: 75233035405 | I33: 105579141568 | J33: سوسپانسیون | K33: 66082917828
C34: جمع | G34: =SUM(G8:G33) -> 2116950470565 | H34: =SUM(G10:H26) -> 1939440243408 | I34: =SUM(I8:I33) -> 1808098055424 | J34: شامپو | K34: 37712833435
B35: 16-2- | C35: موجودي كالا تا مبلغ 4/350/596 میلیون ریال در مقابل خطرات ناشی از آتش سوزي ، انفجار ، صاعقه ، زلزله و آتشفشان به طور شناور بيمه شده است. | J35: شربت | K35: 106106478158
B36: 19 | J36: شیاف | K36: 17823039524
J37: شیاف واژینال | K37: 1538460000
J38: صابون | K38: 18976996541
J39: قرص | K39: 653075200670
J40: قرص جوشان | K40: 3017684232
J41: قطره | K41: 27921445893
J42: قلم | K42: 8206900
J43: کارتریج | K43: 3587160000
J44: کپسول | K44: 0
J45: کپسول | K45: 222151469923
J46: کپسول مایع | K46: 29231284960
J47: کرم | K47: 29095267510
J48: کرم واژینال | K48: 7188955348
... J55: ویال خوراکی | K55: 0

Sheet ح دریافتنی  یادداشت -17
B1: ='سر برگ صفحات'!A1 -> شرکت داروسازان التیام (سهامی خاص)
B2: =[9]HL!A14 -> يادداشتهاي توضيحي صورت هاي مالي
B3: ='سر برگ صفحات'!A3 -> سال مالی منتهی به 30 اسفند 1403
B5: 17- | C5: دریافتنی های تجاری و سایر دریافتنی ها
B6: 17-1- | C6: دریافتنی های کوتاه مدت
E7: یادداشت | G7: 1403 | I7: 1402
G8: ریال | I8: ریال
C9: تجاری:
C10: اسناد دریافتنی:
A11: 16-4 | C11: اسناد درجریان وصول نزد بانکها | E11: 17-1-1 | G11: ='60-20moin'!L18 -> 9178000561668 | I11: 4164844191671 | M11: 798890542164
C12: اسناد دریافتنی نزد صندوق | E12: 17-1-2 | G12: ='60-20moin'!L17 -> 223539913155 | I12: 68538643979
G13: =SUM(G11:G12) -> 9401540474823 | I13: =SUM(I11:I12) -> 4233382835650 | M13: =M11+#REF! -> #REF!
C14: حساب های دریافتنی:
A15: 16-5 | C15: سایر مشتریان | E15: 17-1-3 | G15: ='60-20moin'!K16 -> 4986953097879 | I15: 4219361634226
G16: =SUM(G15:G15) -> 4986953097879 | I16: =SUM(I15:I15) -> 4219361634226 | L16: =G18+G19-I19 -> 96737566434
C17: سایر دریافتنی ها:
C18: امیر حسین پوروزیری-اشخاص وابسته | G18: ='60-20moin'!AB56 -> 66298581093 | I18: 0 | L18: =I18-G18 -> -66298581093 | M18: =I18-G18 -> -66298581093
C19: محمد پوروزیری-اشخاص وابسته | G19: ='60-20moin'!AB57 -> 97231208637 | I19: 66792223296 | L19: =I19-G19 -> -30438985341
C20: علی پوروزیری-اشخاص وابسته | G20: ='60-20moin'!AB58 -> 32353872286
C21: معصومه جاویدی-اشخاص وابسته | G21: ='60-20moin'!AB59 -> 32597879785 | M21: =G18+G19+G20+G21-I19 -> 161689318505
A22: 16-6 | C22: كاركنان (وام و مساعده ) | G22: ='60-20moin'!N20+'60-20moin'!N21+'60-20moin'!N27+'60-20moin'!N30+'60-20moin'!N35 -> 83378174713 | I22: 59849137576 | L22: =G19-I19 -> 30438985341
A23: 16-6 | C23: دریافتنی کارکنان | G23: ='60-20moin'!N26+'60-20moin'!N32+'60-20moin'!N33+'60-20moin'!N34 -> 27557267519 | I23: 21282134215
A24: 16-6 | C24: سایر بدهکاران | E24: 17-1-4 | G24: ='60-20moin'!P277 -> 27174681656 | I24: =I103 -> 24548268169 | L24: =[10]Sheet1!$J$12 -> -3741960405 | M24: 82912853266
G25: =SUM(G18:G24) -> 366591665689 | I25: =SUM(I18:I24) -> 172471763256
G26: =G13+G16+G25 -> 14755085238391 | I26: =I13+I16+I25 -> 8625216233132 | L26: =G25-219.6557447 -> 3.6659167e+11
L28: =I26-2049268514112 -> 6575947719020
A29: 20
B30: 17-1-1- | C30: اسناد درجریان وصول نزد بانکها:
G31: 1403 | I31: 1402
G32: ریال | I32: ریال
C33: بانک ملت | G33: 86824574359 | I33: 197623453164
C34: بانک رفاه | G34: 2446536418555 | I34: 742492663032
C35: بانک سپه | G35: 2013074027227 | I35: 919996390975
C36: بانک ملی | G36: 2085168167969 | I36: 858033040840
C37: بانک اقتصاد نوین | G37: 311395646538 | I37: 202935415744
C38: بانک پاسارگاد | G38: 954638378262 | I38: 280376214826
C39: بانک کارآفرین | G39: 1280363348758 | I39: 963387013090
G40: =SUM(G33:G39) -> 9178000561668 | I40: =SUM(I33:I39) -> 4164844191671
B42: 17-1-1- | C42: از مانده اسناد درجریان وصول نزد بانکها تا تاریخ تهیه صورتهای مالی مبلغ 3/781/002 میلیون ریال به حیطه وصول در آمده است و مابقی آن نیز تماما قابل بازیافت می باشد.
B44: 17-1-2 | C44: اسناد دریافتی نزد صندوق:
G45: 1403 | I45: 1402
G46: ریال | I46: ریال
C47: بانک رفاه | G47: 113764890002 | I47: 31052709743 | K47: بانک رفاه
C48: بانک اقتصاد نوین | G48: 545000000 | I48: 2506541275 | K48: بانک اقتصاد نوین
C49: بانک پاسارگاد | G49: 40778207281 | I49: 18365435501 | K49: بانک پاسارگاد
C50: سپه | G50: 33049559838 | I50: 1180235606 | K50: سپه
C51: بانک ملی | G51: 7111158626 | I51: 13159897504 | K51: بانک ملی
C52: بانک کارآفرین | G52: 28291097408 | I52: 2273824350 | K52: بانک کارآفرین
G53: =SUM(G47:G52) -> 223539913155 | I53: =SUM(I47:I52) -> 68538643979
B55: 17-1-2-1- | C55: از اسناد دریافتنی نزد صندوق تا تاریخ تهیه صورتهای مالی مبلغ 18،234میلیون ریال به حیطه وصول درآمده و الباقی نیز قابلیت وصول دارند.
A57: 21
B58: -17-1-3 | C58: حسابهای دریافتنی سایر مشتریان به شرح ذیل میباشد:
G59: 1403 | I59: 1402
G60: ریال | I60: ریال
C61: تهران غرب | G61: 744870906047 | I61: 612028410964 | K61: تهران غرب
C62: تهران شرق | G62: 657586638243 | I62: 720294459715 | K62: تهران شرق
C63: بابل | G63: 307520570909 | I63: 159571097075 | K63: بابل
C64: همدان | G64: 72106599368 | I64: 112342006512 | K64: همدان
C65: رشت | G65: 132513608643 | I65: 94564845597 | K65: رشت
C66: تبریز | G66: 175678550498 | I66: 154209379661 | K66: تبریز
C67: ارومیه | G67: 188943482208 | I67: 135993325645 | K67: ارومیه
C68: اصفهان | G68: 392338498178 | I68: 370427498303 | K68: اصفهان
C69: کرمان | G69: 194104796473 | I69: 199244166099 | K69: کرمان
C70: قم | G70: 196418463452 | I70: 138118102902 | K70: قم
C71: کرج | G71: 1478874000 | I71: 1478874000 | K71: کرج
C72: قزوین | G72: 108194564232 | I72: 89501895165 | K72: قزوین
... C83: سنندج | G83: 79055771182 | I83: 63879906627 | K83: سنندج
K84: ستاد 2
G85: =SUM(G61:G84) -> 4986953097879 | I85: =SUM(I61:I84) -> 4219361634226
B87: 17-1-3-1- | C87: از مانده حسابهای دریافتنی تا تاریخ تهیه صورتهای مالی ، بخشی به حیطه وصول درآمده است و مابقی آن نیز تماما قابل بازیافت می باشد.
A89: 22
B90: 17-1-4 | C90: مانده سایر بدهکاران از اقلام زیر تشکیل شده است:
G91: 1403 | I91: 1402
G92: ریال | I92: ریال
C93: شرکت خدمات بیمه ای تامین آوران | G93: 1344002002 | I93: 983466002 | K93: شرکت خدمات بیمه ای تامین آوران
C94: بدهکاران مطالبات مشکوک الوصول | G94: 11254768389 | I94: 11254768389 | K94: بدهکاران مطالبات مشکوک الوصول
C95: بیمه دانا نمایندگی 220 | G95: 5682000 | I95: 5682000 | K95: بیمه دانا نمایندگی 220
C96: سجاد خلفی | G96: 0 | I96: 63300000 | K96: سجاد خلفی
C97: سیدوحید توکلی | G97: 0 | I97: 2788533332 | K97: سیدوحید توکلی
C98: کتایون افشار | G98: 0 | I98: 45596502
C99: علی عصاره بیمه آسیا | G99: 0 | I99: 2598850000 | K99: علی عصاره بیمه آسیا
C100: شرکت بیمه آسیا کد(6235) | G100: 62407968 | I100: 29329944 | K100: شرکت بیمه آسیا کد(6235)
C101: گروه بامداد خوارزمی | G101: 14507726297 | I101: 310000000 | K101: گروه بامداد خوارزمی
C102: سایر | G102: 95000 | I102: 6468742000 | K102: سایر
G103: =SUM(G93:G102) -> 27174681656 | I103: =SUM(I93:I102) -> 24548268169
B105: 23

Sheet موجودی نقد یادداشت -18
A1: ='سر برگ صفحات'!A1 -> شرکت داروسازان التیام (سهامی خاص)
A2: =[6]HL!A14 -> يادداشتهاي توضيحي صورت هاي مالي
A3: ='سر برگ صفحات'!A3 -> سال مالی منتهی به 30 اسفند 1403
B4: 18- | C4: موجودي نقد
D5: یادداشت | F5: 1403 | H5: 1402
F6: ریال | H6: ریال
C7: موجودي نزد بانك ها | D7: 18-1 | F7: ='60-20moin'!F11 -> 295554024886 | H7: 688303980338
C8: موجودي صندوق و تنخواه گردان ها | D8: 18-2 | F8: ='60-20moin'!H277+'60-20moin'!I277 -> 6850782401 | H8: 1759169991
C9: سپرده بانکی | D9: 18-3 | F9: ='60-20moin'!F15 -> 62947210684 | H9: 535000000
F10: =SUM(F7:F9) -> 365352017971 | H10: =SUM(H7:H9) -> 690598150329
B12: 18-1- | C12: موجودی نزد بانکها: | F12: =F5 -> 1403 | H12: =H5 -> 1402
F13: ریال | H13: ریال
C14: بانک ملت | F14: 69778583670 | H14: 138306790687 | J14: بانک ملت
C15: بانک رفاه | F15: 105642850090 | H15: 188743908389 | J15: بانک رفاه
C16: بانک سپه | F16: 397366868 | H16: 91356373736 | J16: بانک سپه
C17: بانک ملی | F17: 81841201463 | H17: 60058593897 | J17: بانک ملی
C18: بانک تجارت | F18: 5240420427 | H18: 14732620565 | J18: بانک تجارت
C19: بانک اقتصاد نوین | F19: 13471812528 | H19: 19367008936 | J19: بانک اقتصاد نوین
C20: بانک صادرات | F20: 7544799379 | H20: 7342578003 | J20: بانک صادرات
C21: بانک دی | F21: 3525119399 | H21: 11509545336 | J21: بانک دی
C22: بانک سینا | F22: 244600 | H22: 748600 | J22: بانک سینا
C23: بانک پاسارگاد | F23: 7466041690 | H23: 95307345169 | J23: بانک پاسارگاد
C24: بانک کار آفرین | F24: 27355952 | H24: 61578467020 | J24: بانک کار آفرین
C25: خاورمیانه | F25: 19830000 | H25: 0
C26: کشاورزی | F26: 598398820
F27: =SUM(F14:F26) -> 295554024886 | H27: =SUM(H14:H25) -> 688303980338
A29: 24 | B29: 24
B30: 18-2- | C30: موجودی صندوق وتنخواه گردان ها:
F31: =F12 -> 1403 | H31: =H12 -> 1402
F32: ریال | H32: ریال
C33: ستاد | F33: 3233557137 | H33: 98104800 | J33: ستاد
C34: تهران غرب | F34: 0 | H34: 120470700 | J34: تهران غرب
C35: تهران شرق | F35: 291610190 | H35: 13601000 | J35: تهران شرق
C36: بابل | F36: 0 | H36: 248900 | J36: بابل
C37: رشت | F37: 0 | H37: 10000 | J37: رشت
C38: تبریز | F38: 2368347 | H38: 30000 | J38: تبریز
C39: ارومیه | F39: 16817000 | H39: 0 | J39: ارومیه
C40: اصفهان | F40: 1560240924 | H40: 0 | J40: اصفهان
C41: قم | F41: 88682994 | H41: 13532072 | J41: قم
C42: کرج | F42: 0 | H42: 58310000 | J42: کرج
C43: قزوین | F43: 883622 | H43: 0 | J43: قزوین
C44: مشهد | F44: 1288264297 | H44: 264263816 | J44: مشهد
... C51: سایر | F51: 0 | H51: 168100000 | J51: سایر
C52: جمع کل | F52: =SUM(F33:F51) -> 6850782401 | H52: =SUM(H33:H51) -> 1759169991
B54: 18-3 | C54: سپرده بانکی بابت مسدودی دستگاه کارت خوان میباشد
B55: 25

Sheet سرمایه-اندوخته-ذخیره-19-20-21-2
A1: ='[11]سر برگ صفحات'!A1 -> شرکت داروسازان التیام (سهامی خاص)
A2: =[6]HL!A14 -> يادداشتهاي توضيحي صورت هاي مالي
A3: ='موجودی نقد یادداشت -18'!A3:H3 -> سال مالی منتهی به 30 اسفند 1403
A5: 19- | B5: سرمايه
B6: سرمايه شركت در تاريخ 1403/12/30 مبلغ 3.991.339.700.000ريال شامل 399.133.970 سهم ده هزار ريالي با نام تماما پرداخت شده مي باشد
B7: تركيب سهامداران در تاريخ صورت وضعيت مالي به شرح زير است:
D8: 1403/12/30 | J8: 1402/12/29
D9: تعداد سهام | F9: درصد مالكيت | H9: مبلغ(ریال) | J9: تعداد سهام | L9: درصد مالكيت | N9: مبلغ(ریال)
B10: محمد پوروزیری | D10: 99783491 | F10: =D10/$D$15*100 -> 25 | H10: =D10*10000 -> 997834910000 | J10: 99783491 | L10: 25 | N10: 997834910000 | Q10: =-SUMIFS([6]taraz!Z:Z,[6]taraz!$D:$D,$B$5,[6]taraz!$C:$C,#REF!)/1000000 -> #VALUE!
B11: امیرحسین پوروزیری | D11: 99783492 | F11: =D11/$D$15*100 -> 25 | H11: =D11*10000 -> 997834920000 | J11: 99783492 | L11: 25 | N11: 997834920000
B12: علی پوروزیری | D12: 99783492 | F12: =D12/$D$15*100 -> 25 | H12: =D12*10000 -> 997834920000 | J12: 99783492 | L12: 25 | N12: 997834920000
B13: معصومه جاویدی | D13: 99783492 | F13: =D13/$D$15*100 -> 25 | H13: =D13*10000 -> 997834920000 | J13: 99783492 | L13: 25 | N13: 997834920000
B14: سايرين (كمتر از 5 درصد) | D14: 3 | F14: =D14/$D$15*100 -> 7.5162733e-07 | H14: =D14*10000 -> 30000 | J14: 3 | L14: 7.5162733e-07 | N14: 30000
D15: =SUM(D10:D14) -> 399133970 | F15: =SUM(F10:F14) -> 100 | H15: =SUM(H10:H14) -> 3991339700000 | J15: =SUM(J10:J14) -> 399133970 | L15: 100 | N15: =SUM(N10:N14) -> 3991339700000
A17: 20- | B17: اندوخته قانوني
B18: در اجرای مفاد مواد 140 و 238 اصلاحيه قانون تجارت مصوب سال 1347 و ماده 71 اساسنامه ، مبلغ 15.651.577.558 ريال از محل سود قابل تخصيص ، به اندوخته قانوني منتقل شده است . بموجب مفاد مواد ياد شده تا رسيدن مانده اندوخته قانوني به 10 درصد سرمايه شركت ، انتقال یک بیستم از سود خالص هر سال به اندوخته فوق الذكر الزامي است. اندوخته قانوني قابل انتقال به سرمايه نمی باشد و جز در هنگام انحلال شركت ، قابل تقسيم بين سهامداران نیست. | P18: ='وضعيت مالي'!F23-'وضعيت مالي'!I23 -> 0 | Q18: 1.4197641e+10
A20: -21 | B20: ذخیره مزایای پایان خدمت کارکنان
J21: 1403/12/30 | L21: 1402/12/29
J22: ریال | L22: ریال
B23: مانده در ابتدای سال | J23: =L26 -> 213684090637 | L23: 157224104216 | Q23: =-SUMIFS([6]taraz!Z:Z,[6]taraz!$D:$D,$B$17,[6]taraz!$C:$C,#REF!)/1000000 -> #VALUE! | S23: 30000
B24: پرداخت شده طی سال | J24: -22475034189 | L24: -20733334180 | O24: 8251129811
B25: ذخیره تأمین شده | J25: 133239971248 | L25: 77193320601 | O25: -8251129811
B26: مانده در پایان سال | J26: =SUM(J23:J25) -> 324449027696 | L26: =SUM(L23:L25) -> 213684090637
A28: 26

Sheet ح پرداختنی یادداشت -23
B1: ='[12]سر برگ صفحات'!A1 -> شرکت داروسازان التیام (سهامی خاص)
A2: =[6]HL!A14 -> يادداشتهاي توضيحي صورت هاي مالي
A3: ='سرمایه-اندوخته-ذخیره-19-20-21-2'!A3:N3 -> سال مالی منتهی به 30 اسفند 1403
B4: 22- | C4: پرداختنی هاي تجاري و ساير پرداختني ها
B5: -22-1 | C5: پرداختني هاي كوتاه مدت:
E6: یادداشت | G6: 1403 | I6: 1402
G7: ریال | I7: ریال
C8: تجاري:
A9: 24-1 | C9: اسناد پرداختني:
A10: 24-1 | C10: اشخاص وابسته | E10: 22-1-1 | G10: 408253947500 | I10: 400000000000
A11: 24-1 | C11: ساير تامين كنندگان كالا | E11: 22-1-2 | G11: 8603934562174 | I11: 3660765617339
G12: =SUM(G10:G11) -> 9012188509674 | H12: =SUM(H10:H11) -> 0 | I12: =SUM(I10:I11) -> 4060765617339
A13: 24-2 | C13: حسابهاي پرداختني:
A14: 24-2 | C14: اشخاص وابسته | E14: 22-1-3 | G14: 1860313544119 | I14: 175732248513
A15: 24-2 | C15: ساير تامين كنندگان كالا | E15: 22-1-4 | G15: 6140921651392 | I15: 4956561686721
G16: =SUM(G14:G15) -> 8001235195511 | H16: =SUM(H14:H15) -> 0 | I16: =SUM(I14:I15) -> 5132293935234
G17: =G16+G12 -> 17013423705185 | I17: =I16+I12 -> 9193059552573
C18: ساير پرداختني ها:
C19: اسناد پرداختني | E19: 22-1-5 | G19: ='60-20moin'!E84*-1 -> 32466240000 | I19: 40782632000
C20: علی پوروزیری-اشخاص وابسته | G20: ='60-20moin'!AZ112 -> 0 | I20: 61934389477
C21: معصومه جاویدی-اشخاص وابسته | G21: ='60-20moin'!AZ113 -> 0 | I21: 60984389475
C22: امیر حسین پوروزیری/اشخاص وابسته | G22: ='60-20moin'!AZ111 -> 0 | I22: 19908624788
C23: بستانکاران مشتریان (مازاد دریافتی از مشتریان فروش) | E23: 22-1-6 | G23: ='60-20moin'!E80*-1 -> 97569292858 | I23: 17882373628
C24: بستانکاران واریزی نامشخص | G24: ='60-20moin'!E81*-1 -> 10444050576 | I24: 3934094459
C25: مالیات تکلیفی و حقوق وعملکرد و ارزش افزوده | E25: 22-1-7 | G25: =('60-20moin'!E86+'60-20moin'!E87+'60-20moin'!E88+'60-20moin'!D23)*-1 -> 77100237752 | I25: 22288047418
C26: مالیات اجاره | G26: ='60-20moin'!E90*-1 -> 132114583 | I26: 1656643749
C27: سپرده های پرداختنی | G27: =('60-20moin'!E96+'60-20moin'!E97+'60-20moin'!E109)*-1 -> 2798087135 | I27: 935574172
C28: حقوق پرداختنی | G28: ='60-20moin'!E98*-1 -> 9069783591 | I28: 0
C29: سازمان تامین اجتماعی | G29: ='60-20moin'!E91*-1 -> 30641067958 | I29: 20717668108
C30: حق بیمه های پرداختنی | G30: =('60-20moin'!E92+'60-20moin'!E93+'60-20moin'!E94+'60-20moin'!E95+'60-20moin'!E102)*-1 -> 5837371764 | I30: 5396905247
C31: بستانکاران کارکنان | G31: =('60-20moin'!E103+'60-20moin'!E106+'60-20moin'!E107+'60-20moin'!E108)*-1 -> 58860701040 | I31: 59985768201
C32: بستانکاران اشخاص و شرکتها | G32: ='60-20moin'!E83*-1 -> 28756387349 | I32: 13212266159
C33: سایر | G33: =('60-20moin'!E99+'60-20moin'!E100+'60-20moin'!E105+'60-20moin'!E120)*-1+'60-20moin'!E116*-1 -> 23198511579 | I33: 56540901384
G34: =SUM(G19:G33) -> 376873846185 | I34: =SUM(I19:I33) -> 386160278265 | P34: =I34-147088072564 -> 239072205701
G35: =G17+G34 -> 17390297551370 | I35: =I17+I34 -> 9579219830838 | P35: =I35-2625894441134 -> 6953325389704
B37: 27
B38: -22-1-1 | C38: اسناد پرداختنی اشخاص وابسته:
G39: 1403 | I39: 1402
G40: ریال | I40: ریال
C41: شرکت خوارزمی-اشخاص وابسته | G41: 408253947500 | I41: 400000000000
G42: =SUM(G41) -> 408253947500 | I42: =SUM(I41) -> 400000000000
B43: -22-1-2 | C43: سایر تامین کنندگان کالا: | O43: =I41+I108 -> 575732248513
C44: آبا دارو | G44: 430141815 | I44: 18311051180
C45: ابوریحان | G45: 62250568038 | I45: 71342200706
C46: آرنیکا | G46: 75122962320 | I46: 0
C47: آریا | G47: 25212406378 | I47: 0
C48: اکسون فارمد ایرانیان | G48: 45798239413 | I48: 0
C49: اشبال شیمی | I49: 0
C50: اکسیر | G50: 600785242710 | I50: 793228547592
C51: امید مکمل سلامت | G51: 27647181569 | I51: 66626090658
C52: امید پارسینا دماوند | G52: 68475219221 | I52: 31136031750
C53: امین | G53: 576046657642 | I53: 90144323677
C54: بهوزان | G54: 174448787467 | I54: 28240972247
C55: بهارپایا | G55: 22589037947 | I55: 683331300
C56: پارس دارو | G56: 270928704650 | I56: 114619027345
C57: پورسینا | G57: 284753770495 | I57: 147220110738
C58: تسنیم- آنوشا | G58: 582593342802 | I58: 469148187237
C59: تولید دارو | I59: 0
C60: تهران شیمی | G60: 702002793659 | I60: 73594683100
C61: توان اکسیر فارمد | G61: 1090809486 | I61: 10195216144
C62: حکیم | G62: 39481092238 | I62: 0
C63: به سازان پژوهان امید آریا | G63: 6747708922 | I63: 9397633405
C64: رها | G64: 662386927085 | I64: 511970815973
C65: رابو سلامت | I65: 1514021647
C66: ریحانه | G66: 147554256578 | I66: 30651083562
C67: زهراوی | I67: 86796895464
C68: ساپونین ایران | G68: 12692211025 | I68: 11131267612
C69: سام آرین اکسیر | I69: 17284807338
C70: سام اکسیر فارمد | I70: 0
C71: سینا پیشگام نوین | G71: 38494133010 | I71: 0
C72: سام راد درمان | G72: 12059652759 | I72: 0
C73: سیروان تجارت | I73: 0
C74: فاتک شیمی پارس | G74: 137425679990 | I74: 47486857947
C75: طب سلامت کاسپین | G75: 11231317441 | I75: 5186454685
C76: فرآورده های تزریقی | I76: 35387540000
C77: فراپژوه گستر ایلیا | G77: 23859030494 | I77: 27475676764
C78: قائم دارو | G78: 114240597015 | I78: 0
C79: کیان فرایاد طب | I79: 3009036800
C80: کیش مدیفارم | G80: 47717400351 | I80: 11909317143
C81: کیمیا آورد فام | I81: 20960055864
C82: کیمیا الکل زنجان | G82: 451307844850 | I82: 276968268239
C83: کیمیا سدید دارو | I83: 2904706279
C84: کیمیادارو سپهر | G84: 91396034096 | I84: 29994998168
C85: گسترش میلاد فارمد | G85: 18747467295 | I85: 0
C86: گیلارانکو | G86: 21399272544 | I86: 2456974746
C87: لابراتوارهای دنیای بهداشت | G87: 60039909278 | I87: 64665801800
C88: لقمان | G88: 347023623482 | I88: 8479861968
C89: مهبان دارو | G89: 238336479008 | I89: 67931594745
C90: نوشا فارمد رادین پارسیان | G90: 74527812500 | I90: 27876028529
C91: نیک اخترآریا | G91: 178788955272 | I91: 18480958152
C92: واریان فارمد | G92: 866380060579 | I92: 131475567500
C93: ورسک تجهیز | I93: 7347051260
C94: وانا داروگستر | I94: 0
C95: ویرالیان گروه | I95: 0
C96: دارو درمان سلفچگان | G96: 25650112000 | I96: 9686419098
C97: یاس دارو | I97: 0
C98: درسا دارو | I98: 63306447730
C99: رازک | G99: 61945376862 | I99: 21644870832
C100: سایر | G100: 1394325741888 | I100: 192894830415
G101: =SUM(G44:G100) -> 8603934562174 | H101: =SUM(H44:H57) -> 0 | I101: =SUM(I44:I100) -> 3660765617339
...

Sheet مالیات یادداشت -24 
B1: ='[13]سر برگ صفحات'!A1 -> شرکت داروسازان التیام (سهامی خاص)
B2: =[2]HL!A14 -> يادداشتهاي توضيحي صورت هاي مالي
B3: ='سر برگ صفحات'!A3 -> سال مالی منتهی به 30 اسفند 1403
B4: -23 | C4: مالیات پرداختنی
B5: 23-1 | C5: گردش حساب مالیات پرداختنی (شامل مانده حساب ذخیره واسناد پرداختنی )به قرار زیر است:
M6: (مبالغ به ریال )
K7: 1403/12/30 | M7: 1402/12/29
G8: مانده در ابتدای سال | K8: =M12 -> 91010517054 | M8: 53538887183
G9: ذخیره مالیات عملکرد | M9: 91010517054
G10: تعدیل ذخیره مالیات عملکرد سال های قبل | K10: 0 | M10: 0
G11: پرداختی طی سال | K11: -91010517054 | M11: -53538887183
K12: =SUM(J8:K11) -> 0 | M12: 91010517054
G13: پیش پرداخت مالیات (یادداشت) | K13: 0 | M13: 0
K14: =SUM(K12) -> 0 | M14: 91010517054
B15: 23-2- | C15: خلاصه وضعیت مالیات پرداختی به شرح زیر است:
I16: مالیات | S16: (مبالغ به ریال )
I17: 1403/12/30 | S17: 1402/12/29
C18: سال مالی | E18: سود ابرازی | G18: درآمد مشمول مالیات ابرازی | I18: ابرازی | K18: تشخیصی | M18: قطعی | O18: پرداختی | Q18: مانده پرداختنی | S18: مالیات پرداختنی | U18: نحوه تشخیص
C19: 1400 | E19: 90374415566 | G19: 87941592383 | I19: 21985398096 | K19: 57281258402 | M19: =57281258402 -> 57281258402 | O19: =M19 -> 57281258402 | Q19: =M19-O19 -> 0 | S19: 0 | U19: رسیدگی به دفاتر
C20: 1401 | E20: 267694435915 | G20: 267694435915 | I20: 53538887183 | K20: 95588328836 | M20: 83928022193 | O20: 83928022193 | Q20: 0 | S20: 0 | U20: رسیدگی به دفاتر
C21: 1402 | E21: 364042068218 | G21: 364042068215 | I21: 91010517054 | K21: 190240368633 | M21: 0 | Q21: 0 | S21: 91010517054 | U21: رسیدگی نشده
C22: 1403 | E22: =سودوزيان!F17 -> -23062250215 | G22: 0 | I22: 0 | K22: 0 | L22: 0
Q23: =SUM(Q21:Q21) -> 0 | S23: =SUM(S19:S21) -> 91010517054
C24: 23-1- مالیات عملکرد سال مالی 1401 و قبل از آن توسط سازمان امور مالیاتی تعیین و توسط شرکت پرداخت و تسویه گردیده است .
C25: 23-2- مالیات عملکرد سال مالی 1402 در حال رسیدگی وتعیین تکلیف می باشد.
A28: 31

Sheet تسهیلات یادداشت -25
B1: ='سر برگ صفحات'!A1 -> شرکت داروسازان التیام (سهامی خاص)
B2: =[2]HL!A14 -> يادداشتهاي توضيحي صورت هاي مالي
B3: ='سر برگ صفحات'!A3 -> سال مالی منتهی به 30 اسفند 1403
B5: 24- | C5: تسهيلات مالي
B6: 24-1- | C6: تسهيلات دريافتي بر حسب مباني مختلف به شرح زير است:
B7: -24-1-1 | C7: به تفكيك تامين كنندگان تسهيلات:
G8: 1403 | I8: 1402
G9: ريال | I9: ريال
A10: 27 | C10: بانك ها - ریالی | G10: 1284421052670 | I10: 2858682302609 | O10: =G10-I10 -> -1574261249939
A11: 27 | C11: کسر می گردد سود و كارمزد سال هاي آتي(یادداشت 15 صورتهای مالی ) | G11: -43869721761 | I11: -229992101707 | O11: =G11-I11 -> 186122379946
C12: کسر می گردد سپرده مسدودی تسهیلات | G12: -1200000000 | I12: 0 | O12: =G12-I12 -> -1200000000
G13: =G10+G11+G12 -> 1239351330909 | I13: 2628690200902
B15: -24-1-2 | C15: به تفكيك نرخ سود و كارمزد:
C16: :نرخ اسمی | G16: =G8 -> 1403 | I16: =I8 -> 1402
G17: ريال | I17: ريال
C18: 23 درصد | G18: =G13 -> 1239351330909 | I18: =I13 -> 2628690200902
G19: =SUM(G18:G18) -> 1239351330909 | I19: =SUM(I18:I18) -> 2628690200902
C21: :نرخ موثر | E21: یادداشت | G21: =G16 -> 1403 | I21: =I16 -> 1402
G22: ريال | I22: ريال
C23: 20-21درصد | E23: 24-1-2-1 | G23: 0 | I23: 0
C24: 23درصد | E24: 24-1-2-2 | G24: 1081203940544 | I24: 2056138859712
C25: 25-39درصد | E25: 24-1-2-3 | G25: 158147390365 | I25: 572551341190 | O25: ملت و سپه
G26: =SUM(G23:G25) -> 1239351330909 | I26: =SUM(I23:I25) -> 2628690200902
B29: 24-1-2-1 | C29: نرخ 20-21 درصد مربوط به تسهیلات بانک ملت، پاسارگاد، ملی، رفاه، کارآفرین و سپه سال 1401 می باشد.
B30: 24-1-2-2 | C30: نرخ 23 درصد مربوط به تسهیلات بانک اقتصاد نوین، پاسارگاد،ملی، رفاه، کارآفرین و سپه می باشد.
B31: 24-1-2-3 | C31: نرخ 25-39 درصد مربوط به تسهیلات بانک ملت و سپه می باشد.
A33: 32
B35: 24-1-3- | C35: به تفكيك زمان بندي پرداخت:
G36: =G21 -> 1403 | I36: =I21 -> 1402
G37: ريال | I37: ريال
C38: 1402 | G38: 0 | I38: 2628690200902
C39: 1403 | G39: 1239351330909 | I39: 0
G40: =SUM(G39) -> 1239351330909 | I40: =SUM(I38:I39) -> 2628690200902
B42: 24-1-4- | C42: به تفكيك نوع وثيقه:
G43: =G36 -> 1403 | I43: =I36 -> 1402
G44: ريال | I44: ريال
C45: چک و سفته و قرارداد لازم الاجرا | G45: 1081203940544 | I45: 1953726531405 | O45: اقتصاد وپاسارگاد و ملی و رفاه و کارآفرین
C46: قرارداد لازم الاجرا | G46: 158147390365 | I46: 674963669497 | O46: ملت و سپه
G47: =SUM(G45:G46) -> 1239351330909 | I47: =SUM(I45:I46) -> 2628690200902
G48: =SUM(G47:G47) -> 1239351330909 | I48: =SUM(I47:I47) -> 2628690200902
B50: -24-2 | C50: تغییرات حاصل از جریانهای نقدی و غیر نقدی در بدهی های حاصل از فعالیت های تامین مالی به شرح زیر است:
G51: =G36 -> 1403 | I51: =I43 -> 1402
C52: تسهیلات | G52: ریال | I52: ریال
C53: مانده در ابتدای دوره اصل | G53: 2593959069736 | I53: 1303692014827
C54: مانده ابتدای دوره بهره | G54: 264723232873 | I54: 115347240634 | O54: =G54-I54 -> 149375992239
C55: دریافتهای نقدی | G55: 2406637199332 | H55: 0 | I55: 3971000000000 | O55: =G55-I55 -> -1564362800668
C56: سود و کارمزد جرائم | G56: 276042017726 | I56: 496751079051 | O56: =G56-I56 -> -220709061325
C57: پرداختی بابت اصل | G57: -3805519612029 | I57: -2680732945091 | O57: =G57-I57 -> -1124786666938
C58: پرداختهای نقد بابت سود | G58: -451420854968 | H58: 0 | I58: -347375086812 | O58: =G58-I58 -> -104045768156 | P58: -3919045221
C59: مانده | G59: =SUM(G53:G58) -> 1284421052670 | I59: 2858682302609 | O59: =G59-I59 -> -1574261249939 | P59: -239259845
C60: کسر می گردد سود و كارمزد سال هاي آتي(یادداشت15 صورتهای مالی ) | G60: =G11 -> -43869721761 | I60: -229992101707 | O60: =G60-I60 -> 186122379946
C61: کسر می شود(سپرده مسدودی تسهیلات | G61: =G12 -> -1200000000 | I61: 0 | O61: =G61-I61 -> -1200000000 | Q61: =G55+O61 -> 2405437199332
C62: مانده پایان دوره | G62: =G59+G61+G60 -> 1239351330909 | I62: 2628690200902 | O62: =G62-I62 -> -1389338869993
A64: 33 | P64: =-77933153109 -> -77933153109
I65: =G58 -> -451420854968 | P65: =P64-G58 -> 373487701859 | Q65: =G59+P65 -> 1657908754529
I66: =-'سایردرآرمد و هزینه ها8-11'!G28-'سایردرآرمد و هزینه ها8-11'!G29 -> -86888213420
I67: =I65+I66 -> -538309068388

Sheet تعدیلات سنواتی یادداشت -26
B1: ='[14]سر برگ صفحات'!A1 -> شرکت داروسازان التیام (سهامی خاص)
A2: =[2]HL!A14 -> يادداشتهاي توضيحي صورت هاي مالي
A3: ='حقوق مالکانه'!A3:K3 -> سال مالی منتهی به 30 اسفند 1403
B4: -25 | C4: تعدیلات سنواتی
B5: -25-1 | C5: گردش موضوعی تعدیلات سنواتی بشرح ذیل میباشد:
F6: 1403/12/30 | H6: 1402/12/29
F7: ریال | H7: ریال
C8: جریمه تقسیط مالیات سال 1400 | H8: 2328002000
C9: مالیات تکلیفی 1401 | H9: 216588877
C10: مالیات حقوق 1401 | H10: 651817234
C11: مالیات عملکرد 1401 | H11: 30389131193
C12: ابطال چک جریمه تقسیط عملکرد 1400 | H12: -6466672000
C13: مالیات 169 متمم سال 1399 | H13: 32063023
C14: مالیات 169 متمم سال 1398 | H14: 25513794
C15: جریمه مالیات تکلیفی سال 1401 | H15: 167242000
C16: جریمه مالیات بر در آمد سال 1401 | H16: 170179000
C17: جریمه مالیات بردرآمد سال 1401 | H17: 164061000
C18: جرائم مالیاتی ماده 169 سال 1401 | H18: 99959000
C19: مالیات بر ارزش افزوده سال 1401 | H19: 1808545599
... C24: مالیات بر ارزش افزوده سال 1399 | H24: 88247000
C25: جریمه اقساط مالیات ابرازی 1402 | F25: 1274148000
C26: جریمه عملکرد سال 1400 | H26: 1862401000
C27: مالیات تکلیفی سال 1402 | F27: 601859376
F29: =SUM(F8:F28) -> 1876007376 | H29: =SUM(H8:H28) -> 32021265975
A34: 25-2- اصلاح و ارائه مجدد صورت های مالی 1402/12/29
D36: طبق صورت های مالی | F36: تعدیلات | K36: 1402/12/29
D37: 1402/12/29 | F37: اصلاح اشتباهات | H37: تجدید طبقه بندی | J37: جمع تعدیلات | K37: (تجدید ارائه)
B38: صورت وضعیت مالی :
B39: سود انباشته | D39: 216210398559 | F39: -33897273351 | J39: =SUM(F39:H39) -> -33897273351 | K39: =D39+J39 -> 182313125208
B40: سایر حسابهای پرداختنی | D40: 16176956033 | F40: 40363945351 | J40: =SUM(F40:H40) -> 40363945351 | K40: =D40+J40 -> 56540901384
B41: سایر حسابهای دریافتنی | D41: -2070000 | F41: -6466672000 | J41: =SUM(F41:H41) -> -6466672000 | K41: =D41+J41 -> -6468742000
F42: =SUM(F39:F41) -> 0 | H42: 0 | J42: =SUM(J39:J41) -> 0
B45: 34

Sheet نقدحاصل از عملیات-27
A1: ='سر برگ صفحات'!A1 -> شرکت داروسازان التیام (سهامی خاص)
A2: ='سر برگ صفحات'!A16 -> يادداشتهاي توضيحي صورت هاي مالي
A3: ='سر برگ صفحات'!A3 -> سال مالی منتهی به 30 اسفند 1403
A5: 26- نقد حاصل از عملیات
D6: ='سر برگ صفحات'!A7 -> سال 1403 | F6: ='سر برگ صفحات'!A8 -> سال 1402
D7: ریال | F7: ریال
B8: سود(زیان) خالص | D8: =سودوزيان!F19 -> -23062250215 | F8: 2.7303155e+11 | I8: =سودوزيان!F19 -> -23062250215
B9: :تعدیلات
B10: هزینه مالیات بر درآمد | D10: =سودوزيان!F18*-1 -> 0 | F10: 9.1010517e+10 | I10: 0
B11: هزینه های مالی | D11: =سودوزيان!F15*-1 -> 556615181954 | F11: 376455546347 | S11: =F8+F10+F11 -> 740497614562 | T11: 141125648686
B12: سود حاصل از سپرده های بانکی | D12: ='سایردرآرمد و هزینه ها8-11'!G36*-1 -> -444806167 | F12: -168420334 | S12: =#REF!-S11 -> #REF! | T12: -1362641609
B13: خالص افزایش در ذخیره مزایای پایان خدمات کارکنان | D13: ='وضعيت مالي'!F30-'وضعيت مالي'!I30 -> 110764937059 | F13: 56459986421
B14: استهلاک دارایی های غیر جاری | D14: ='دارایی ثابت 12'!T21*-1 -> 90882026585 | F14: 73400587145 | R14: 44167332021
B15: سود حاصل از فروش اوراق | D15: =-'سایردرآرمد و هزینه ها8-11'!G38 -> -110398064 | F15: -325863710 | R15: 44136618013
B16: جمع تعدیلات | D16: =SUM(D10:D15) -> 757706941367 | F16: 5.9683235e+11 | R16: =R14-R15 -> 30714008 | S16: =#REF!+#REF! -> #REF!
B17: تغییرات در سرمایه در گردش :
B18: کاهش (افزایش) دریافتنی های عملیاتی 1 | D18: =('وضعيت مالي'!F16+'وضعيت مالي'!F11-'وضعيت مالي'!I16-'وضعيت مالي'!I11)*-1 -> -6129869005259 | F18: -2437477900953 | R18: معاملات با اشخاص وابسته بعدا اضافه شود
B19: کاهش (افزایش) موجودی مواد و کالا 1 | D19: ='وضعيت مالي'!I15-'وضعيت مالي'!F15 -> -308852415141 | F19: -605738300472
B20: کاهش (افزایش) پیش پرداخت های عملیاتی | D20: ='وضعيت مالي'!I14-'وضعيت مالي'!F14 -> -88351673615 | F20: 830374076
B21: افزایش (کاهش) پرداختنی های عملیاتی 1 | D21: ='وضعيت مالي'!F33+'وضعيت مالي'!F29-'وضعيت مالي'!I33-'وضعيت مالي'!I29-109212619643 -> 7701865100889 | F21: 1748249895948 | R21: 584288943293 | S21: =D21-R21 -> 7117576157596
B22: جمع تغییرات در سرمایه درگردش | D22: =SUM(D18:D21) -> 1174792006874 | E22: =SUM(E18:E21) -> 0 | F22: -1294135931401
B23: نقد حاصل از عملیات | D23: =D22+D16+D8 -> 1909436698026 | E23: =E22+E16+E8 -> 0 | F23: -424272027317
A25: 35
A26: ن
A27: 1 این مبلغ با در نظر گرفتن مبالغ متناظر مندرج در یادداشت 26، مربوط به دارایی های غیر جاری نگهداری شده برای فروش و بدهی های مرتبط با دارایی های غیر جاری نگهداری شده برای فروش محاسبه می شود.

Sheet مدیریت ریسک یادداشت -28
A1: ='سر برگ صفحات'!A1 -> شرکت داروسازان التیام (سهامی خاص)
A2: =[15]HL!A14 -> يادداشتهاي توضيحي صورت هاي مالي
A3: ='سر برگ صفحات'!A3 -> سال مالی منتهی به 30 اسفند 1403
A5: 27- مدیریت سرمایه و ریسک ها
A6: 27-1-مديريت سرمايه
A7: شرکت سرمایه خود را مدیریت می کند تا اطمینان حاصل کند در حین حداکثر کردن بازده ذینفعان از طریق بهینه سازی تعادل بدهی و سرمایه، قادر به تداوم فعالیت خواهد بود. ساختار سرمایه شرکت از خالص بدهی و حقوق مالکانه تشکیل می شود. استراتژی کلی شرکت ازسنوات قبل بدون تغییر باقی مانده است و شرکت در معرض هیچگونه الزامات سرمایه تحمیل شده از خارج از شرکت نیست.
A9: 27-1-1-نسبت اهرمی
A10: نسبت اهرمی در پایان سال به شرح زیر است :
F11: ='سر برگ صفحات'!A7 -> سال 1403 | H11: سال 1402
F12: ریال | H12: ریال
A13: جمع بدهی | F13: ='وضعيت مالي'!F37 -> 18954097909975 | G13: ='وضعيت مالي'!G37 -> 0 | H13: ='وضعيت مالي'!I37 -> 1.2512605e+13
A14: موجودی نقد | F14: ='وضعيت مالي'!F17*-1 -> -365352017971 | G14: ='وضعيت مالي'!G17*-1 -> 0 | H14: ='وضعيت مالي'!I17 -> 690598150329
A15: خالص بدهی | F15: =SUM(F13:F14) -> 18588745892004 | H15: =SUM(H13:H14) -> 1.3203203e+13
A16: حقوق مالکانه | F16: ='وضعيت مالي'!F26 -> 4.0570295e+12 | G16: ='وضعيت مالي'!H26 -> 0 | H16: ='وضعيت مالي'!I26 -> 4.1893044e+12
A17: نسبت خالص بدهی به حقوق مالکانه(‌درصد) | F17: =F15/F16 -> 4.5818611 | H17: =H15/H16 -> 3.1516456
A19: 27-2-اهداف مدیریت ریسک مالی
A20: شرکت خدماتی برای دسترسی هماهنگ به بازارهای مالی داخلی و نظارت و مدیریت ریسک های مالی مربوط به عملیات شرکت از طریق گزارش های ریسک داخلی که آسیب پذیری را بر حسب درجه و اندازه ریسکها تجزیه و تحلیل می کند، ارائه می کند. این ریسک ها شامل ریسک بازار (نرخ ارز و سایر قیمت ها)، ریسک اعتباری و ریسک نقدینگی می باشد. شرکت به دنبال حداقل کردن اثرات این ریسک ها از طریق برقراری کنترل های داخلی مناسب بوده و رعایت سیاست ها و محدودیت های آسیب پذیری توسط حسابرسان داخلی بطور مستقیم بررسی می شود
A22: 27-3-ریسک بازار و سایر قیمت ها
A23: با توجه به تخصیص ارز رسمی جهت واردات دارو، عدم واردات دارو توسط شرکت مورد گزارش و انجام کلیه خرید ها بصورت ریالی، ریسک مزبور بر شرکت مورد گزارش ندارد. هم چنین نرخ های فروش شرکت توسط سازمان غذا و دارو تعیین می گردد.
A25: 27-4-مدیریت ریسک اعتباری
A26: ریسک اعتباری به ریسکی اشاره دارد که طرف قرارداد در ایفای تعهدات قراردادی خود ناتوان باشد که منجر به زیان مالی برای شرکت شود . شرکت سیاستی مبنی برمعامله تنها با طرف های قرارداد معتبر و اخذ وثیقه کافی ، در موارد مقتضی، را اتخاذ کرده است، تا ریسک اعتباری ناشی از ناتوانی در ایفای تعهدات توسط مشتریان را کاهش دهد. شرکت تنها با شرکتهایی معامله می کند که رتبه اعتباری بالایی داشته باشد . شرکت با استفاده از اطلاعات مالی عمومی و سوابق معاملاتی خود ، مشتریان عمده خود را رتبه بندی اعتباری می کند. آسیب پذیری شرکت و رتبه بندی اعتباری طرف قراردادهای آن ، به طور مستمر نظارت شده و ارزش کل معاملات با طرف قراردادهای تأیید شده گسترش می یابد. دریافتنی های تجاری شامل تعداد زیادی از مشتریان است که در بین صنایع متنوع و مناطق جغرافیایی گسترده شده است. ارزیابی اعتباری مستمر بر اساس وضعیت مالی حسابهای دریافتنی انجام می شود.
A27: 36 | R27: رکت خدماتی برای دسترسی هماهنگ به بازارهای مالی داخلی و نظارت و مدیریت ریسک های مالی مربوط به عملیات شرکت از طریق گزارش های ریسک داخلی که آسیب پذیری را بر حسب درجه و اندازه ریسکها تجزیه و تحلیل می کند، ارائه می کند. این ریسک ها شامل ریسک بازار (نرخ ارز و سایر قیمت ها)، ریسک اعتباری و ریسک نقدینگی می باشد. شرکت به دنبال حداقل کردن اثرات این ریسک ها از طریق برقراری کنترل های داخلی مناسب بوده و رعایت سیاست ها و محدودیت های آسیب پذیری توسط حسابرسان داخلی بطور مستقیم بررسی می شود

Sheet معاملات با اشخاص وابسته -29
A1: شرکت داروسازان التیام (سهامی خاص)
A2: یادداشتهای توضیحی صورتهای مالی
A3: ='سر برگ صفحات'!A3 -> سال مالی منتهی به 30 اسفند 1403
A5: 28 - معاملات با اشخاص وابسته
A6: 28-1 - معاملات انجام شده با اشخاص وابسته طی سال مورد گزارش :
B7: شرح | C7: نام شخص وابسته | D7: نوع وابستگی | E7: مشمول ماده 129 | F7: دریافت قرض الحسنه پرداختی | G7: قرض الحسنه پرداختی | H7: خرید | I7: تضامین اعطایی / دریافتی
B8: شرکت های همگروه | C8: شرکت داروسازی خوارزمی | D8: ... | E8: P | H8: 3171247045606 | I8: 375500000000
C9: پلاسمای خوارزمی | E9: P | I9: 1219000000000
C10: جمع | F10: =SUM(F9) -> 0 | G10: =SUM(G8:G9) -> 0 | H10: =SUM(H8:H8) -> 3171247045606 | I10: =SUM(I8:I9) -> 1594500000000
B11: سهامداران دارای نفوذ قابل ملاحظه | C11: آقای محمد پوروزیری | D11: سهامدار | E11: P | F11: 0 | G11: =('ح دریافتنی یادداشت -17'!G19-'ح دریافتنی یادداشت -17'!I19)*-1 -> -30438985341 | H11: 0 | I11: 0
C12: امیر حسین پوروزیری | D12: سهامدار | E12: P | G12: =('ح دریافتنی یادداشت -17'!G18-'ح دریافتنی یادداشت -17'!I18)*-1 -> -66298581093 | H12: 0
C13: علی پوروزیری | D13: سهامدار | E13: P | G13: =('ح دریافتنی یادداشت -17'!G20-'ح دریافتنی یادداشت -17'!I20)*-1 -> -32353872286
C14: معصومه جاویدی | D14: سهامدار | E14: P | G14: =('ح دریافتنی یادداشت -17'!G21-'ح دریافتنی یادداشت -17'!I21)*-1 -> -32597879785
B15: جمع | F15: =SUM(F11:F12) -> 0 | G15: =SUM(G11:G14) -> -161689318505 | H15: =SUM(H11) -> 0 | I15: =SUM(I11) -> 0 | J15: =G16+F16 -> -161689318505
B16: جمع کل | F16: =SUM(F15,F10) -> 0 | G16: =SUM(G15,G10) -> -161689318505 | H16: =H10+H15 -> 3171247045606 | I16: =I10 -> 1594500000000
A18: 28-2 - معاملات با اشخاص وابسته با شرایط حاکم بر معاملات حقیقی تفاوت نداشته است .
A19: 28-3 - مانده حساب هاي نهايي اشخاص وابسته به شرح زیر است :
B20: شرح | C20: نام شخص وابسته | D20: سایر دریافتنی ها | E20: سایر پرداختنی ها | F20: سال 1403 | H20: سال 1402
F21: خالص | H21: خالص
F22: طلب | G22: بدهی | H22: طلب | I22: بدهی
B23: شرکت های همگروه | C23: شرکت داروسازی خوارزمی | E23: ='ح پرداختنی یادداشت -23'!G108*-1 -> -1860313544119 | G23: =SUM(D23:E23) -> -1860313544119 | I23: -175732248513
C24: شرکت پلاسمای خوارزمی | E24: 0 | G24: 0 | I24: 0
C25: شرکت کیمیا اثر سلامت | E25: 0 | G25: 0 | I25: 0
C26: جمع | D26: =SUM(D23:D25) -> 0 | E26: =SUM(E23:E25) -> -1860313544119 | F26: =SUM(F23:F25) -> 0 | G26: =SUM(G23:G25) -> -1860313544119 | H26: =SUM(H23:H25) -> 0 | I26: =SUM(I23:I25) -> -175732248513
B27: سهامداران دارای نفوذ قابل ملاحظه | C27: آقای امیر حسین پوروزیری | D27: ='ح دریافتنی یادداشت -17'!G18 -> 66298581093 | E27: ='ح پرداختنی یادداشت -23'!G22*-1 -> 0 | F27: =D27+E27 -> 66298581093 | H27: ='ح دریافتنی یادداشت -17'!I18 -> 0 | I27: -19908624788
C28: آقای محمد پوروزیری | D28: ='ح دریافتنی یادداشت -17'!G19 -> 97231208637 | E28: 0 | F28: =D28+E28 -> 97231208637 | H28: 66792223296 | I28: 0
C29: آقای علی پوروزیری | D29: ='ح دریافتنی یادداشت -17'!G20 -> 32353872286 | E29: ='ح پرداختنی یادداشت -23'!G20*-1 -> 0 | F29: =D29+E29 -> 32353872286 | H29: 0 | I29: -61934389477
C30: آقای معصومه جاویدی | D30: ='ح دریافتنی یادداشت -17'!G21 -> 32597879785 | E30: ='ح پرداختنی یادداشت -23'!G21*-1 -> 0 | F30: =D30+E30 -> 32597879785 | H30: 0 | I30: -60984389475
B31: جمع | D31: =SUM(D27:D30) -> 228481541801 | E31: =SUM(E27:E30) -> 0 | F31: =SUM(F27:F30) -> 228481541801 | G31: =SUM(G27:G30) -> 0 | H31: =SUM(H27:H30) -> 66792223296 | I31: =SUM(I27:I30) -> -142827403740
B32: جمع کل | D32: =D26+D31 -> 228481541801 | E32: =E26+E31 -> -1860313544119 | F32: =F26+F31 -> 228481541801 | G32: =G26+G31 -> -1860313544119 | H32: =H26+H31 -> 66792223296 | I32: =I26+I31 -> -318559652253
A33: 37
A50: 28-4 - به استثنای مورد زیر هیچگونه هزینه یا ذخیره ای در رابطه با مطالبات از اشخاص وابسته در سال های 2×13 و 1×13 شناسایی نشده است.
A51: 28-4-1 - ذخیره کاهش ارزش دریافتنی های تجاری در پایان سال مالی 1×13 بابت طلب از شرکت .... بالغ بر ... میلیون ریال می باشد که به دلیل ... تعدیل گردیده است.

Sheet تعهدات احتمالی  یادداشت -30-31-
A1: ='[16]سر برگ صفحات'!A1 -> شرکت داروسازان التیام (سهامی خاص)
A2: ='[16]سر برگ صفحات'!A16 -> يادداشتهاي توضيحي صورت هاي مالي
A3: ='سر برگ صفحات'!A3 -> سال مالی منتهی به 30 اسفند 1403
A5: 29- تعهدات ، بدهی های احتمالی و دارائیهای احتمالی
A6: 30-1- تعهدات سرمایه ای و بدهی های احتمالی و داراییهای احتمالی ناشی از قراردادهای منعقده و مصوب در تاریخ صورت وضعیت مالی وجود ندارد.
A8: 30-رويدادهاي بعد از تاريخ صورت وضعیت مالی
A9: رويداد با اهميتي كه در دوره بعد از تاريخ وضعیت مالی تا تاريخ تائيد صورتهاي مالي اتفاق افتاده و مستلزم تعديل و يا افشاء در صورتهاي مالي باشد وجود نداشته است .
A11: 38

Sheet تعدیلات سنواتی یادداشت 3-25
A1: شرکت داروسازان التیام (سهامی خاص)
A2: يادداشتهاي توضيحي صورت هاي مالي
A3: ='سر برگ صفحات'!A3 -> سال مالی منتهی به 30 اسفند 1403
A4: 25-3- اصلاح و ارائه مجدد صورت های مالی 1398/12/29
D6: طبق صورت های مالی | F6: تعدیلات | L6: 1398/12/29
D7: 1398/12/29 | F7: اصلاح اشتباهات | H7: تجدید طبقه بندی | J7: جمع تعدیلات | L7: (تجدید ارائه)
B8: صورت وضعیت مالی :
B9: سایر بدهکاران (سازمان امور مالیاتی)
B10: مالیات پرداختنی
B11: حق بیمه پرداختنی
B12: بستانکاران دارایی ارزش افزوده
B13: مالیات تکلیفی وحقوق
B14: سود انباشته
B15: سایر حسابهای پرداختنی
F16: =SUM(F9:F15) -> 0 | H16: 0 | J16: =SUM(J9:J15) -> 0
A18: 38

Sheet دارایی د رجریان یادداشت12-8-
A1: ='سر برگ صفحات'!A1 -> شرکت داروسازان التیام (سهامی خاص)
A2: =[9]HL!A14 -> يادداشتهاي توضيحي صورت هاي مالي
A3: ='سر برگ صفحات'!A3 -> سال مالی منتهی به 30 اسفند 1403
A5: 12-8- | B5: دارايي هاي در جريان تكميل به شرح زير است:
D6: درصد تکمیل | H6: برآورد تاریخ بهره برداری | J6: برآورد مخارج تكميل | L6: مخارج انباشته
D7: 1400/12/29 | F7: 1399/12/29 | L7: 1399/12/30 | N7: 1398/12/29
J8: ریال | L8: ریال | N8: ریال | Q8: =L8+J8 -> #VALUE!
B9: بابل | F9: 89 | H9: 1401/06/31 | L9: 8330093655 | N9: 8330093655 | Q9: =L9+J9 -> 8330093655 | R9: =N9/Q9 -> 1 | S9: =L9/Q9 -> 1
B10: تبریز | F10: 79 | H10: 1400/06/31 | L10: 2217430834 | N10: 2183205224 | Q10: =L10+J10 -> 2217430834 | R10: =N10/Q10 -> 0.9845652 | S10: =L10/Q10 -> 1
B11: قم | F11: 32 | H11: 1401/08//30 | L11: 479008700 | N11: 479008700 | Q11: =L11+J11 -> 479008700 | R11: =N11/Q11 -> 1 | S11: =L11/Q11 -> 1
B12: اردبیل | F12: 100 | H12: 0 | L12: 0 | N12: 1242150584 | Q12: =L12+J12 -> 0 | R12: =N12/Q12 -> #DIV/0!
B13: شیراز | F13: 44 | H13: 1401/08/30 | L13: 786745300 | N13: 785245300 | Q13: =L13+J13 -> 786745300 | R13: =N13/Q13 -> 0.99809341 | S13: =L13/Q13 -> 1
B14: کرمانشاه | F14: 1 | H14: 1401/12/29 | L14: 1060904804 | N14: 586645834 | Q14: =L14+J14 -> 1060904804 | R14: =N14/Q14 -> 0.55296746 | S14: =L14/Q14 -> 1
B15: ساختمان کاوش جوش | E15: 87 | F15: 87 | H15: 1400/05/31 | L15: 65664470397 | N15: 16697216691 | Q15: =L15+J15 -> 65664470397 | R15: =N15/Q15 -> 0.25428084 | S15: =L15/Q15 -> 1
B16: خرم آباد | F16: 4 | H16: 1400/12/29 | L16: 4033295018 | N16: 0 | Q16: =L16+J16 -> 4033295018 | R16: =N16/Q16 -> 0 | S16: =J16/Q16 -> 0
B17: ستاد | H17: 0 | L17: 0 | N17: 9908000
J18: =SUM(J9:J17) -> 0 | L18: =SUM(L9:L17) -> 82571948708 | N18: =SUM(N9:N17) -> 30313473988
A21: 12-8-1- | B21: افزایش داراییهای در جریان تکمیل مربوط به مخارج انجام شده ساختمان مراکز تبریز-اردبیل-شیراز-کرمانشاه-خرم آباد-ساختمان کاوش جوش می باشد.
A26: 17

Sheet سر برگ صفحات
A1: شرکت داروسازان التیام (سهامی خاص)
A3: سال مالی منتهی به 30 اسفند 1403
A4: دوره شش ماهه منتهی به 1398/06/31
A5: دوره شش ماهه منتهی به 1397/06/31
A6: سال 1399
A7: سال 1403
A8: سال 1402
A9: 1403/12/30
A10: 1401/12/29
A11: 1397/01/01
A12: 1396
A13: 1398
A14: 1399
A15: يادداشتهاي توضيحي ، بخش جدایی ناپذیر صورت هاي مالي است .
A16: يادداشتهاي توضيحي صورت هاي مالي

Sheet 60-20moin13971229
F1: موجودی نقد و بانک | K1: اسناد دریافتنی تجاری | L1: حسابهای دریافتنی تجاری | M1: حسابها و اسناد دریافتنی غیر تجاری | S1: سپرده و پیش پرداختها | T1: سپرده و پیش پرداختها | X1: دارائیهای ثابت مشهود | AH1: دارائیهای نامشهود | AK1: سرمایه گذاریهای بلند مدت | AL1: سایر دارائیها | AO1: اسناد پرداختنی تجاری | AP1: اسناد پرداختنی تجاری | AR1: حسابهای پرداختنی تجاری | BL1: ذخیره مالیات | BM1: سود سهام پرداختنی | BN1: تسهیلات مالی دریافتی | BO1: تسهیلات مالی دریافتی | BP1: تسهیلات مالی دریافتی | BQ1: ذخیره مزایای پایان خدمت کارکنان | BR1: سرمایه | BS1: اندوخته ها | BT1: سود (زیان) انباشته | BU1: سود (زیان) جاری | BX1: هزینه های توزیع و فروش | CW1: هزینه مالی | DK1: سایر درآمدها و(هزینه های) عملیاتی
F2: 146061763873 | K2: 696176795595 | L2: 1085623835217 | M2: 6189565588 | S2: 7843473671 | T2: 7843473671 | X2: 1.2225803e+11 | AH2: 4206214756 | AK2: 3738354260 | AL2: 3854274049 | AO2: 0 | AP2: 0 | AR2: 0 | BL2: 0 | BM2: 0 | BN2: 0 | BO2: 0 | BP2: 0 | BQ2: 0 | BR2: 0 | BS2: 0 | BT2: 0 | BU2: 0 | BX2: 23541017883 | CW2: 7450842054 | DK2: 0
F3: 0 | K3: 0 | L3: 0 | M3: 0 | S3: 0 | T3: 0 | X3: 0 | AH3: 0 | AK3: 0 | AL3: 0 | AO3: -283542299159 | AP3: -283542299159 | AR3: -1984940580150 | BL3: -195967152 | BM3: -135000043320 | BN3: -43698630137 | BO3: -43698630137 | BP3: -43698630137 | BQ3: -51030832648 | BR3: -50000000000 | BS3: -5000000000 | BT3: -26386619115 | BU3: 0 | CW3: 0 | DK3: 0
C4: کـــــاربرگ طبقه بندی
C5: نام حساب | D5: تراز معین | F5: موجودی نقد و بانک | J5: سرمایه گذاری کوتاه مدت | K5: حسابها و اسناد دریافتنی تجاری | M5: حسابها و اسناد دریافتنی غیر تجاری | P5: موجودی کالا | S5: سپرده و پیش پرداختها | T5: سپرده و پیش پرداختها | X5: دارائیهای ثابت مشهود | AH5: دارائیهای نامشهود | AK5: سرمایه گذاریهای بلند مدت | AL5: سایر دارائیها | AO5: حسابها واسناد پرداختنی تجاری | AS5: حسابها واسناد پرداختنی غیر تجاری | AU5: حسابها واسناد پرداختنی غیر تجاری | AV5: حسابها واسناد پرداختنی غیر تجاری | AW5: حسابها واسناد پرداختنی غیر تجاری | AX5: حسابها واسناد پرداختنی غیر تجاری | AY5: حسابها واسناد پرداختنی غیر تجاری | BL5: ذخیره مالیات | BM5: سود سهام پرداختنی | BN5: تسهیلات مالی دریافتی | BQ5: ذخیره مزایای پایان خدمت | BR5: سرمایه | BS5: اندوخته ها | BT5: سود (زیان) انباشته | BU5: سود (زیان) جاری | BV5: فروش | BW5: بهای تمام شده | BX5: هزینه های پرسنلی | CG5: اسنهلاک | CH5: هزینه های عمومی و توزیع و فروش | CR5: سایر درآمدها و(هزینه های) عملیاتی | CW5: هزینه مالی | DA5: سایر درآمدها و(هزینه های) غیر عملیاتی | DK5: جمع
F6: 101 | G6: 102 | H6: 103 | I6: 104 | J6: 110 | K6: 120 | L6: 121 | M6: 140 | N6: 141 | O6: 142 | P6: 150 | Q6: 151 | R6: 152 | S6: 160 | T6: 160 | U6: 161 | V6: 161 | W6: 162 | X6: 200 | Y6: 203 | Z6: 201 | AA6: 202 | AB6: 204 | AC6: 204 | AF6: 204 | AG6: 205 | AH6: 250 | AI6: 251 | AJ6: 252 | AK6: 260 | AL6: 270 | AM6: 271 | AO6: 300 | AP6: 300 | AQ6: 301 | AR6: 302 | AS6: 333 | AT6: 334 | AU6: 334 | AV6: 335 | AW6: 336 | AX6: 337 | AY6: 338 | AZ6: 339 | BA6: 3316 | BB6: 3310 | BC6: 3311 | BD6: 3312 | BE6: 3313 | BF6: 3314 | BG6: 3319 | BI6: 3317 | BJ6: 3315 | BK6: 337 | BL6: 350 | BM6: 360 | BN6: 380 | BO6: 380 | BP6: 380 | BQ6: 420 | BR6: 450 | BS6: 460 | BT6: 470 | BU6: 480 | BV6: 500 | BW6: 600 | BX6: 700 | BY6: 701 | BZ6: 701 | CA6: 702 | CB6: 703 | CC6: 704 | CD6: 705 | CE6: 705 | CF6: 717 | CG6: 730 | CH6: 710 | CI6: 711 | CJ6: 712 | CK6: 713 | CL6: 714 | CM6: 715 | CN6: 716 | CO6: 717 | CQ6: 718 | CR6: 800 | CT6: 801 | CU6: 802 | CV6: 803 | CW6: 740 | CX6: 351 | CY6: 351 | CZ6: 850 | DA6: 850 | DC6: 851 | DD6: 852 | DE6: 853 | DF6: 854 | DG6: 854 | DH6: 854 | DI6: 854 | DJ6: 855
F7: موجودي نزد بانكها | G7: وجوه در راه | H7: موجودي صندوق | I7: تنخواه گردانها | J7: سرمایه گذاری کوتاه مدت | K7: حسابهای دریافتنی تجاری | L7: اسناد دریافتنی تجاری | M7: بدهي كاركنان (وام و جاري و بیمه عمر) | N7: وزارت دارایی-مالیات و عوارض ارزش افزوده | O7: سايراشخاص | P7: موجودی کالا | Q7: موجودی کالای امانی | R7: سایر موجودیها | S7: بيمه موجودی کالا و داراييهای ثابت | T7: ودیعه اجاره محل | U7: خرید کالا | V7: سازمان حسابرسی | W7: ساير | X7: دارائیهای ثابت مشهود | Y7: اجرای سکوی سایبان کرمانشاه | Z7: اصلاح انبار بندر عباس | AA7: اصلاح ساختمان اداری و درب و نرده های مرکز اهواز | AB7: احداث انبار و سیستم اطفاء و اعلام حریق و سیتم گرمایشی مرکز تبریز | AC7: اجرای سیستم دوربین مدار بسته (تهران یک، ساری،یزد،گرگان،کرمانشاهو ارومیه ) | AD7: احداث مرکز اردبیل | AE7: پروژه مرکز همدان(اعلام حریق و اطفاء حریق ) | AF7: پروژه تهران یک | AG7: سایر | AH7: حق الامتياز تلفن , برق و غيره | AI7: نرم افزارهای کامپیوتر | AJ7: زمينهاي موقوفي | AK7: سرمایه گذاریهای بلند مدت | AL7: حصه بلند مدت وام كاركنان | AM7: حصه بلند مدت اسناد دريافتني تجاری | AN7: دارائی مالیات انتقالی | AO7: اسناد پرداختني تجاري --شرکتهای گروه | AP7: اسناد پرداختني تجاري -سایر اشخاص | AQ7: حسابهای پرداختني تجاري -شرکتهای گروه | AR7: حسابهای پرداختني تجاري -سایر اشخاص | AS7: ساير اشخاص | AT7: بیمه سامان | AU7: کارو تامین | AV7: ذخيره بازخرید مرخصی | AW7: اسناد پرداختنی غیرتجاری | AX7: مطالبات معوقه کارکنان مستعفی | AY7: ذخيره هزينه هاي تعلق گرفته پرداخت نشده | AZ7: سپرده بیمه | BA7: حقوق پرداختنی | BB7: حق بيمه پرداختني | BC7: مالیات حقوق پرداختنی | BD7: واریزیهای نامشخص | BE7: سپرده حسن انجام كار | BF7: ماليات تكليفي پرداختني | BG7: مشارکت در صندوق قرض الحسنه (3%) | BH7: وزارت دارایی مالیات و عوارض | BI7: تامین اجتماعی رسیدگی مرکز تبریز | BJ7: ساير | BK7: پیش دریافتها | BL7: ذخیره مالیات | BM7: سود سهام پرداختنی | BN7: تسهیلات مالی دریافتی | BO7: سود و کارمزد سالجاری | BP7: سود و کارمزد سال آتی | BQ7: ذخیره مزایای پایان خدمت | BR7: سرمایه | BS7: اندوخته ها | BT7: سود (زیان) انباشته | BU7: سود (زیان) جاری | BV7: فروش | BW7: بهای تمام شده | BX7: حقوق و دستمزد و مزايا | BY7: پاداش ترویج فروش | BZ7: عيدي, پاداش وكارايي | CA7: مزاياي پايان خدمت و مرخصي كاركنان | CB7: بيمه سهم كارفرما و بيمه بيكاري | CC7: اياب وذهاب, سفر وفوق العاده ماموريت | CD7: كمكهاي غير نقدي | CE7: شیر و غذا پوشاک ، آبدارخانه و پذيرايي | CF7: پاداش هیئت مدیره | CG7: استهلاك داراييهاي ثابت مشهود | CH7: حمل و نقل | CI7: تعمير و نگهداري ساختمان, وسائط نقليه و اثاثه | CJ7: آب، برق, سوخت, تلفن و پست | CK7: بيمه دارایيهاي ثابت و موجودي كالا | CL7: کارمزد خدمات بانکی | CM7: اجاره محل | CN7: تبليغات و بازاريابي | CO7: مطالبات مشكوك الوصول | CP7: حقوق و مزایای تامین نیروی انسانی | CQ7: سایر | CR7: درآمد حاصل از ترویج فروش | CS7: ضایعات کالا | CT7: جوایز جنسی | CU7: خالص کسر و اضافی انبار | CV7: سایر | CW7: هزینه مالی | CX7: اصلاح مالیات عملکرد سال 1389 | CY7: پرداخت مالیات ارزش افزوده سال های 87 ، 91 ، 92 | CZ7: مالیات عوارض ارزش افزوده سال 93 الی 95 | DA7: سود ناشي از فروش دارایيهاي ثابت مشهود | DB7: سود و زیان ناشي از فروش دارایيهاي ثابت نامشهود | DC7: سود سپرده بانكي | DD7: سود سهام حاصل از سرمايه گذاريها | DE7: سود وزیان ناشی از تسعیر داراییهای وبدهیهای ارزی | DF7: درآمد حاصل از فروش ضایعات غیر دارویی | DG7: خسارت دریافتی از بیمه | DH7: درآمد حاصل از اجاره محل | DI7: مازاد ذخیره هزینه های بازآموزی وزارت بهداشت | DJ7: سایر
A8: کد حساب | B8: کد حساب | D8: بدهکار | E8: بستانکار | U8: 160004 | V8: 04-000051 | Y8: 11-000026 | Z8: 11-000022 | AA8: 11-000027 | AI8: 11-000015 | AS8: ساير | AU8: 10-000018
A9: =LEFT(B9,2) -> 10 | B9: 100001 | C9: صندوق ریالی | D9: 0 | E9: 0 | H9: =D9-E9 -> 0 | DK9: =SUM(F9:DJ9) -> 0 | DL9: =D9-E9-DK9 -> 0 | DM9: =SUM(F9:DJ9) -> 0 | DN9: =+DM9-E9-D9 -> 0
A10: =LEFT(B10,2) -> 10 | B10: 100002 | C10: صندوق ارزی | D10: 0 | E10: 0 | H10: =$D10-$E10 -> 0 | DK10: =SUM(F10:DJ10) -> 0 | DL10: =D10-E10-DK10 -> 0 | DM10: =SUM(F10:DJ10) -> 0 | DN10: =+DM10-E10-D10 -> 0
A11: =LEFT(B11,2) -> 10 | B11: 100003 | C11: تنخواه گردانها | D11: 0 | E11: 0 | I11: =$D11-$E11 -> 0 | DK11: =SUM(F11:DJ11) -> 0 | DL11: =D11-E11-DK11 -> 0 | DM11: =SUM(F11:DJ11) -> 0 | DN11: =+DM11-E11-D11 -> 0
A12: =LEFT(B12,2) -> 10 | B12: 100004 | C12: بانکها | D12: 1248931444845 | E12: 0 | F12: =D12-E12+BN12+AP12 -> 514710565158 | AP12: 0 | BN12: -734220879687 | DK12: =SUM(F12:DJ12) -> -219510314529 | DL12: =D12-E12-DK12 -> 1468441759374 | DM12: =SUM(F12:DJ12) -> -219510314529 | DN12: =+DM12-E12-D12 -> -1468441759374
A13: =LEFT(B13,2) -> 10 | B13: 100006 | C13: اوراق بهادار | D13: 0 | E13: 0 | DK13: =SUM(F13:DJ13) -> 0 | DL13: =D13-E13-DK13 -> 0 | DM13: =SUM(F13:DJ13) -> 0 | DN13: =+DM13-E13-D13 -> 0
A14: =LEFT(B14,2) -> 10 | B14: 100007 | C14: وجوه در راه | D14: 0 | E14: 0 | DK14: =SUM(F14:DJ14) -> 0 | DL14: =D14-E14-DK14 -> 0 | DM14: =SUM(F14:DJ14) -> 0 | DN14: =+DM14-E14-D14 -> 0
A15: 11 | B15: 110006 | C15: سرمایه گذاری کوتاه مدت | D15: 0 | E15: 0 | L15: =D15 -> 0 | DK15: =SUM(F15:DJ15) -> 0 | DL15: =D15-E15-DK15 -> 0 | DM15: =SUM(F15:DJ15) -> 0 | DN15: =+DM15-E15-D15 -> 0
A16: =LEFT(B16,2) -> 12 | B16: 120001 | C16: اسناد در جریان وصول شرکتهای عضو گروه | D16: 0 | E16: 0 | DK16: =SUM(F16:DJ16) -> 0 | DL16: =D16-E16-DK16 -> 0 | DM16: =SUM(F16:DJ16) -> 0 | DN16: =+DM16-#REF!-#REF! -> #REF!
A17: =LEFT(B17,2) -> 12 | B17: 120002 | C17: اسناد دریافتنی تجاری شرکتهای عضو گروه | D17: 0 | E17: 0 | DK17: =SUM(F17:DJ17) -> 0 | DL17: =D17-E17-DK17 -> 0 | DM17: =SUM(F17:DJ17) -> 0 | DN17: =+DM17-#REF!-#REF! -> #REF!
A18: =LEFT(B18,2) -> 12 | B18: 120003 | C18: اسناد دریافتنی تجاری سایر شرکتها | D18: 0 | E18: 0 | DK18: =SUM(F18:DJ18) -> 0 | DL18: =D18-E18-DK18 -> 0 | DM18: =SUM(F18:DJ18) -> 0 | DN18: =+DM18-#REF!-#REF! -> #REF!
A19: =LEFT(B19,2) -> 12 | B19: 120004 | C19: اسناد در جریان وصول سایر شرکتها | D19: 0 | E19: 0 | DK19: =SUM(F19:DJ19) -> 0 | DL19: =D19-E19-DK19 -> 0 | DM19: =SUM(F19:DJ19) -> 0 | DN19: =+DM19-#REF!-#REF! -> #REF!
A20: =LEFT(B20,2) -> 12 | B20: 120020 | C20: اسناد در جریان وصول مشتریان | D20: 3812452609425 | E20: 0 | L20: =D20-AM20 -> 3811724223801 | AM20: 728385624 | DK20: =SUM(F20:DJ20) -> 3812452609425 | DL20: =D20-E20-DK20 -> 0 | DM20: =SUM(F20:DJ20) -> 3812452609425 | DN20: =+DM20-#REF!-#REF! -> #REF!
A21: =LEFT(B21,2) -> 12 | B21: 120030 | C21: اسناد دریافتنی مشتریان | D21: 70497807836 | E21: 0 | L21: =D21-AM21 -> 70497807836 | DK21: =SUM(F21:DJ21) -> 70497807836 | DL21: =D21-E21-DK21 -> 0 | DM21: =SUM(F21:DJ21) -> 70497807836 | DN21: =+DM21-#REF!-#REF! -> #REF!
A22: 12 | B22: 120040 | C22: اوراق خزانه اسلامی ( اخزا) | D22: =50899606007+5467574397 -> 56367180404 | E22: 0 | L22: =D22-AM22 -> 56367180404 | DK22: =SUM(F22:DJ22) -> 56367180404 | DL22: =D22-E22-DK22 -> 0
A23: =LEFT(B23,2) -> 12 | B23: 120500 | C23: ذخیره مطالبات مشکوک الوصول اسناد دریافتنی تجاری | D23: 0 | E23: 0 | DK23: =SUM(F23:DJ23) -> 0 | DL23: =D23-E23-DK23 -> 0 | DM23: =SUM(F23:DJ23) -> 0 | DN23: =+DM23-E16-D16 -> 0
A24: =LEFT(B24,2) -> 13 | B24: 130001 | C24: بدهکاران تجاری شرکتهای عضو گروه | D24: 0 | E24: 0 | K24: =$D24-$E24 -> 0 | DK24: =SUM(F24:DJ24) -> 0 | DL24: =D24-E24-DK24 -> 0 | DM24: =SUM(F24:DJ24) -> 0 | DN24: =+DM24-E17-D17 -> 0
A25: =LEFT(B25,2) -> 13 | B25: 130002 | C25: چکهای برگشتی شرکتهای عضو گروه | D25: 0 | E25: 0 | DK25: =SUM(F25:DJ25) -> 0 | DL25: =D25-E25-DK25 -> 0 | DM25: =SUM(F25:DJ25) -> 0 | DN25: =+DM25-E18-D18 -> 0
A26: =LEFT(B26,2) -> 13 | B26: 130020 | C26: بدهکاران تجاری مشتریان | D26: 9.415969e+12 | E26: 0 | J26: 0 | K26: =$D26-$E26+BK26-J26 -> 9.4918001e+12 | AX26: 0 | BK26: 75831062552 | DK26: =SUM(F26:DJ26) -> 9.5676311e+12 | DL26: =D26-E26-DK26 -> -151662125104 | DM26: =SUM(F26:DJ26) -> 9.5676311e+12 | DN26: =+DM26-E19-D19 -> 9.5676311e+12
A27: =LEFT(B27,2) -> 13 | B27: 130021 | C27: بدهکاران تجاری | D27: 40594704 | E27: 0 | K27: =$D27-$E27 -> 40594704 | DK27: =SUM(F27:DJ27) -> 40594704 | DL27: =D27-E27-DK27 -> 0 | DM27: =SUM(F27:DJ27) -> 40594704 | DN27: =+DM27-E20-D20 -> -3812412014721
A28: =LEFT(B28,2) -> 13 | B28: 130022 | C28: چکهای برگشتی مشتریان | D28: 68082723542 | E28: 0 | K28: =$D28-$E28 -> 68082723542 | DK28: =SUM(F28:DJ28) -> 68082723542 | DL28: =D28-E28-DK28 -> 0 | DM28: =SUM(F28:DJ28) -> 68082723542 | DN28: =+DM28-E21-D21 -> -2415084294
A29: =LEFT(B29,2) -> 13 | B29: 130023 | C29: بدهکاران تجاری حقوقی شده | D29: 102123640727 | E29: 0 | K29: =$D29-$E29 -> 102123640727 | DK29: =SUM(F29:DJ29) -> 102123640727 | DL29: =D29-E29-DK29 -> 0 | DM29: =SUM(F29:DJ29) -> 102123640727 | DN29: =+DM29-E23-D23 -> 102123640727
A30: =LEFT(B30,2) -> 13 | B30: 130024 | C30: چکهای برگشتی مشتریان حقوقی شده | D30: 473901209953 | E30: 0 | K30: =$D30-$E30 -> 473901209953 | DK30: =SUM(F30:DJ30) -> 473901209953 | DL30: =D30-E30-DK30 -> 0 | DM30: =SUM(F30:DJ30) -> 473901209953 | DN30: =+DM30-E24-D24 -> 473901209953
A31: =LEFT(B31,2) -> 13 | B31: 130025 | C31: اسناد قابل تعویض تجاری | D31: 31713726998 | E31: 0 | K31: =$D31-$E31 -> 31713726998 | DK31: =SUM(F31:DJ31) -> 31713726998 | DL31: =D31-E31-DK31 -> 0 | DM31: =SUM(F31:DJ31) -> 31713726998 | DN31: =+DM31-E25-D25 -> 31713726998
A32: =LEFT(B32,2) -> 13 | B32: 130026 | C32: اسناد عودت شده به مشتریان | D32: 0 | E32: 0 | K32: =$D32-$E32 -> 0 | DK32: =SUM(F32:DJ32) -> 0 | DL32: =D32-E32-DK32 -> 0 | DM32: =SUM(F32:DJ32) -> 0 | DN32: =+DM32-E26-D26 -> -9.415969e+12
A33: =LEFT(B33,2) -> 13 | B33: 130500 | C33: ذخیره مطالبات مشکوک الوصول حسابهای دریافتنی تجاری | D33: 0 | E33: 101000433668 | K33: =$D33-$E33 -> -101000433668 | DK33: =SUM(F33:DJ33) -> -101000433668 | DL33: =D33-E33-DK33 -> 0 | DM33: =-SUM(F33:DJ33) -> 101000433668 | DN33: =+DM33-E27-D27 -> 100959838964
A34: =LEFT(B34,2) -> 14 | B34: 140001 | C34: اسناد دریافتنی شرکتهای عضو گروه ( غیرتجاری ) | D34: 0 | E34: 0 | DK34: =SUM(F34:DJ34) -> 0 | DL34: =D34-E34-DK34 -> 0 | DM34: =SUM(F34:DJ34) -> 0 | DN34: =+DM34-E28-D28 -> -68082723542
A35: =LEFT(B35,2) -> 14 | B35: 140002 | C35: بدهی شرکتهای عضو گروه ( غیرتجاری ) | D35: 1546389147930 | E35: 0 | K35: =1495948444700+50000000000 -> 1545948444700 | O35: =440743230+603876 -> 441347106 | BJ35: =E29 -> 0 | DK35: =SUM(F35:DJ35) -> 1546389791806 | DL35: =D35-E35-DK35 -> -643876 | DM35: =SUM(F35:DJ35) -> 1546389791806 | DN35: =+DM35-E29-D29 -> 1444266151079
A36: =LEFT(B36,2) -> 14 | B36: 140003 | C36: بدهی شرکتهای تامین کننده ( غیرتجاری ) | D36: 0 | E36: 0 | DK36: =SUM(F36:DJ36) -> 0 | DL36: =D36-E36-DK36 -> 0 | DM36: =SUM(F36:DJ36) -> 0 | DN36: =+DM36-E30-D30 -> -473901209953
A37: =LEFT(B37,2) -> 14 | B37: 140019 | C37: اسناد دریافتنی | D37: 0 | E37: 0 | DK37: =SUM(F37:DJ37) -> 0 | DL37: =D37-E37-DK37 -> 0 | DM37: =SUM(F37:DJ37) -> 0 | DN37: =+DM37-E31-D31 -> -31713726998
A38: =LEFT(B38,2) -> 14 | B38: 140020 | C38: اسناد در جریان وصول | D38: 222260000 | E38: 0 | O38: =D38 -> 222260000 | DK38: =SUM(F38:DJ38) -> 222260000 | DL38: =D38-E38-DK38 -> 0 | DM38: =SUM(F38:DJ38) -> 222260000 | DN38: =+DM38-E32-D32 -> 222260000
A39: =LEFT(B39,2) -> 14 | B39: 140021 | C39: چکهای برگشتی غیرتجاری | D39: 0 | E39: 0 | DK39: =SUM(F39:DJ39) -> 0 | DL39: =D39-E39-DK39 -> 0 | DM39: =SUM(F39:DJ39) -> 0 | DN39: =+DM39-E33-D33 -> -101000433668
A40: =LEFT(B40,2) -> 14 | B40: 140022 | C40: چکهای برگشتی حقوقی شده غیرتجاری | D40: 70022578885 | E40: 0 | O40: =D40 -> 70022578885 | DK40: =SUM(F40:DJ40) -> 70022578885 | DL40: =D40-E40-DK40 -> 0 | DM40: =SUM(F40:DJ40) -> 70022578885 | DN40: =+DM40-E34-D34 -> 70022578885
A41: =LEFT(B41,2) -> 14 | B41: 140023 | C41: بدهکاران غیرتجاری | D41: 21396120513 | E41: 0 | O41: =D41-X41 -> 17811180311 | X41: 3584940202 | AI41: 0 | DK41: =SUM(F41:DJ41) -> 21396120513 | DL41: =D41-E41-DK41 -> 0 | DM41: =SUM(F41:DJ41) -> 21396120513 | DN41: =+DM41-E35-D35 -> -1524993027417
A42: =LEFT(B42,2) -> 14 | B42: 140024 | C42: بدهکاران سازمان امورمالیاتی- مالیات بر ارزش افزوده | D42: 422706168 | E42: 0 | N42: =D42-E42 -> 422706168 | DK42: =SUM(F42:DJ42) -> 422706168 | DL42: =D42-E42-DK42 -> 0 | DM42: =SUM(F42:DJ42) -> 422706168 | DN42: =+DM42-E36-D36 -> 422706168
A43: =LEFT(B43,2) -> 14 | B43: 140025 | C43: بدهکاران سازمان امورمالیاتی- عوارض بر ارزش افزوده | D43: 211354604 | E43: 0 | N43: =D43-E43 -> 211354604 | DK43: =SUM(F43:DJ43) -> 211354604 | DL43: =D43-E43-DK43 -> 0 | DM43: =SUM(F43:DJ43) -> 211354604 | DN43: =+DM43-E37-D37 -> 211354604
A44: =LEFT(B44,2) -> 14 | B44: 140026 | C44: اسناد قابل تعویض غیرتجاری | D44: 0 | E44: 0 | O44: =D44-E44 -> 0 | DK44: =SUM(F44:DJ44) -> 0 | DL44: =D44-E44-DK44 -> 0 | DM44: =SUM(F44:DJ44) -> 0 | DN44: =+DM44-E38-D38 -> -222260000
A45: =LEFT(B45,2) -> 14 | B45: 140050 | C45: جاری کارکنان - وام مسکن | D45: 42311118000 | E45: 0 | M45: =D45-AL45 -> 13882958000 | AL45: 28428160000 | DK45: =SUM(F45:DJ45) -> 42311118000 | DL45: =D45-E45-DK45 -> 0 | DM45: =SUM(F45:DJ45) -> 42311118000 | DN45: =+DM45-E39-D39 -> 42311118000
A46: =LEFT(B46,2) -> 14 | B46: 140051 | C46: جاری کارکنان - وام اتومبیل | D46: 14585149998 | E46: 0 | M46: =D46-AL46 -> 4834729998 | AL46: 9750420000 | DK46: =SUM(F46:DJ46) -> 14585149998 | DL46: =D46-E46-DK46 -> 0 | DM46: =SUM(F46:DJ46) -> 14585149998 | DN46: =+DM46-E40-D40 -> -55437428887
A47: =LEFT(B47,2) -> 14 | B47: 140052 | C47: جاری کارکنان - وام ضروری | D47: 17268159416 | E47: 0 | M47: =D47-AL47 -> 8983829416 | AL47: 8284330000 | DK47: =SUM(F47:DJ47) -> 17268159416 | DL47: =D47-E47-DK47 -> 0 | DM47: =SUM(F47:DJ47) -> 17268159416 | DN47: =+DM47-E41-D41 -> -4127961097
A48: =LEFT(B48,2) -> 14 | B48: 140053 | C48: جاری کارکنان - وام اضطراری | D48: 0 | E48: 0 | M48: =D48-AL48 -> 0 | AL48: 0 | DK48: =SUM(F48:DJ48) -> 0 | DL48: =D48-E48-DK48 -> 0 | DM48: =SUM(F48:DJ48) -> 0 | DN48: =+DM48-E42-D42 -> -422706168
A49: =LEFT(B49,2) -> 14 | B49: 140054 | C49: جاری کارکنان - وام موبایل | D49: 0 | E49: 0 | M49: =D49-AL49 -> 0 | AL49: 0 | DK49: =SUM(F49:DJ49) -> 0 | DL49: =D49-E49-DK49 -> 0 | DM49: =SUM(F49:DJ49) -> 0 | DN49: =+DM49-E43-D43 -> -211354604
A50: =LEFT(B50,2) -> 14 | B50: 140055 | C50: جاری کارکنان - پرداخت مدیریتی | D50: 0 | E50: 0 | M50: =D50-AL50 -> 0 | AL50: 0 | DK50: =SUM(F50:DJ50) -> 0 | DL50: =D50-E50-DK50 -> 0 | DM50: =SUM(F50:DJ50) -> 0 | DN50: =+DM50-E44-D44 -> 0
A51: =LEFT(B51,2) -> 14 | B51: 140056 | C51: جاری کارکنان - وام ازدواج | D51: 3675000000 | E51: 0 | M51: =D51-AL51 -> 1571875000 | AL51: 2103125000 | DK51: =SUM(F51:DJ51) -> 3675000000 | DL51: =D51-E51-DK51 -> 0 | DM51: =SUM(F51:DJ51) -> 3675000000 | DN51: =+DM51-E45-D45 -> -38636118000
A52: =LEFT(B52,2) -> 14 | B52: 140058 | C52: جاری کارکنان - بیمه درمان گروهی(دندانپزشکی) | D52: 1174465260 | E52: 0 | M52: =D52-AL52 -> 1174465260 | AL52: 0 | DK52: =SUM(F52:DJ52) -> 1174465260 | DL52: =D52-E52-DK52 -> 0 | DM52: =SUM(F52:DJ52) -> 1174465260 | DN52: =+DM52-E46-D46 -> -13410684738
A53: =LEFT(B53,2) -> 14 | B53: 140059 | C53: جاری کارکنان - خسارت درمان دریافتی از بیمه | D53: 0 | E53: 0 | M53: =D53-AL53 -> 0 | AL53: 0 | DK53: =SUM(F53:DJ53) -> 0 | DL53: =D53-E53-DK53 -> 0 | DM53: =SUM(F53:DJ53) -> 0 | DN53: =+DM53-E47-D47 -> -17268159416
A54: =LEFT(B54,2) -> 14 | B54: 140060 | C54: جاری کارکنان - بیمه درمان گروهی | D54: 1264885452 | E54: 0 | M54: =D54-AL54 -> 1264885452 | AL54: 0 | DK54: =SUM(F54:DJ54) -> 1264885452 | DL54: =D54-E54-DK54 -> 0 | DM54: =-SUM(F54:DJ54) -> -1264885452 | DN54: =+DM54-E48-D48 -> -1264885452
A55: =LEFT(B55,2) -> 14 | B55: 140061 | C55: جاری کارکنان - بیمه عمرو حوادث | D55: 30531435 | E55: 0 | M55: =D55-AL55 -> 30531435 | AL55: 0 | DK55: =SUM(F55:DJ55) -> 30531435 | DL55: =D55-E55-DK55 -> 0 | DM55: =SUM(F55:DJ55) -> 30531435 | DN55: =+DM55-E49-D49 -> 30531435
A56: =LEFT(B56,2) -> 14 | B56: 140062 | C56: جاری کارکنان - مساعده حقوق | D56: 0 | E56: 0 | M56: =D56-AL56 -> 0 | AL56: 0 | DK56: =SUM(F56:DJ56) -> 0 | DL56: =D56-E56-DK56 -> 0 | DM56: =SUM(F56:DJ56) -> 0 | DN56: =+DM56-E50-D50 -> 0
A57: =LEFT(B57,2) -> 14 | B57: 140063 | C57: جاری کارکنان - علی الحساب | D57: 20000000 | E57: 0 | M57: =D57-AL57 -> 20000000 | AL57: 0 | DK57: =SUM(F57:DJ57) -> 20000000 | DL57: =D57-E57-DK57 -> 0 | DM57: =SUM(F57:DJ57) -> 20000000 | DN57: =+DM57-E51-D51 -> -3655000000
A58: =LEFT(B58,2) -> 14 | B58: 140064 | C58: جاری کارکنان - حق ماموریت | D58: 0 | E58: 0 | M58: =D58-AL58 -> 0 | AL58: 0 | DK58: =SUM(F58:DJ58) -> 0 | DL58: =D58-E58-DK58 -> 0 | DM58: =SUM(F58:DJ58) -> 0 | DN58: =+DM58-E52-D52 -> -1174465260
A59: =LEFT(B59,2) -> 14 | B59: 140065 | C59: جاری کارکنان - سود سهام | D59: 0 | E59: 0 | M59: =D59-AL59 -> 0 | AL59: 0 | DK59: =SUM(F59:DJ59) -> 0 | DL59: =D59-E59-DK59 -> 0 | DM59: =SUM(F59:DJ59) -> 0 | DN59: =+DM59-E53-D53 -> 0
A60: =LEFT(B60,2) -> 14 | B60: 140067 | C60: جاری کارکنان - بدهی ناشی از خرید سهام | D60: 0 | E60: 0 | M60: =D60-AL60 -> 0 | AL60: 0 | DK60: =SUM(F60:DJ60) -> 0 | DL60: =D60-E60-DK60 -> 0 | DM60: =SUM(F60:DJ60) -> 0 | DN60: =+DM60-E54-D54 -> -1264885452
A61: =LEFT(B61,2) -> 14 | B61: 140068 | C61: جاری کارکنان - خرید دارو | D61: 4611088 | E61: 0 | M61: =D61-AL61 -> 4611088 | AL61: 0 | DK61: =SUM(F61:DJ61) -> 4611088 | DL61: =D61-E61-DK61 -> 0 | DM61: =SUM(F61:DJ61) -> 4611088 | DN61: =+DM61-E55-D55 -> -25920347
A62: =LEFT(B62,2) -> 14 | B62: 140069 | C62: جاری کارکنان - بیمه اتومبیل | D62: 63833148 | E62: 0 | M62: =D62-AL62 -> 63833148 | AL62: 0 | DK62: =SUM(F62:DJ62) -> 63833148 | DL62: =D62-E62-DK62 -> 0 | DM62: =SUM(F62:DJ62) -> 63833148 | DN62: =+DM62-E56-D56 -> 63833148
A63: =LEFT(B63,2) -> 14 | B63: 140070 | C63: جاری کارکنان - بدهی به تعاونی مصرف | D63: 1207968507 | E63: 0 | M63: =D63-AL63 -> 1207968507 | AL63: 0 | DK63: =SUM(F63:DJ63) -> 1207968507 | DL63: =D63-E63-DK63 -> 0 | DM63: =SUM(F63:DJ63) -> 1207968507 | DN63: =+DM63-E57-D57 -> 1187968507
A64: =LEFT(B64,2) -> 14 | B64: 140071 | C64: جاری کارکنان - بدهی مرخصی | D64: 0 | E64: 0 | M64: =D64-AL64 -> 0 | AL64: 0 | DK64: =SUM(F64:DJ64) -> 0 | DL64: =D64-E64-DK64 -> 0 | DM64: =SUM(F64:DJ64) -> 0 | DN64: =+DM64-E58-D58 -> 0
A65: =LEFT(B65,2) -> 14 | B65: 140072 | C65: جاری کارکنان - بدهی بابت ضایعات و کسری | D65: 0 | E65: 0 | M65: =D65-AL65 -> 0 | AL65: 0 | DK65: =SUM(F65:DJ65) -> 0 | DL65: =D65-E65-DK65 -> 0 | DM65: =SUM(F65:DJ65) -> 0 | DN65: =+DM65-E59-D59 -> 0
A66: =LEFT(B66,2) -> 14 | B66: 140073 | C66: جاری کارکنان - بدهی ناشی از اجرای احکام ( دیونی ) | D66: 0 | E66: 0 | M66: =D66-AL66 -> 0 | AL66: 0 | BJ66: 0 | DK66: =SUM(F66:DJ66) -> 0 | DL66: =D66-E66-DK66 -> 0 | DM66: =SUM(F66:DJ66) -> 0 | DN66: =+DM66-E60-D60 -> 0
A67: =LEFT(B67,2) -> 14 | B67: 140074 | C67: جاری کارکنان - بدهی به بانکها بابت وام خارج ازشرکت | D67: 0 | E67: 0 | M67: =D67-AL67 -> 0 | AL67: 0 | BJ67: =E61 -> 0 | DK67: =SUM(F67:DJ67) -> 0 | DL67: =D67-E67-DK67 -> 0 | DM67: =SUM(F67:DJ67) -> 0 | DN67: =+DM67-E61-D61 -> -4611088
A68: =LEFT(B68,2) -> 14 | B68: 140077 | C68: جاری کارکنان - سایر | D68: 9459273118 | E68: 0 | M68: =D68-AL68 -> 9451773118 | AL68: 7500000 | BJ68: =E62 -> 0 | DK68: =SUM(F68:DJ68) -> 9459273118 | DL68: =D68-E68-DK68 -> 0 | DM68: =-SUM(F68:DJ68) -> -9459273118 | DN68: =+DM68-E62-D62 -> -9523106266
A69: =LEFT(B69,2) -> 14 | B69: 140080 | C69: ذخیره مطالبات مشکوک الوصول حسابهای دریافتنی غیرتجا | D69: 0 | E69: 0 | O69: =D69-E69 -> 0 | DK69: =SUM(F69:DJ69) -> 0 | DL69: =D69-E69-DK69 -> 0 | DM69: =SUM(F69:DJ69) -> 0 | DN69: =+DM69-E63-D63 -> -1207968507
A70: =LEFT(B70,2) -> 15 | B70: 150010 | C70: موجودی کالا - انبار 001 | D70: 0 | E70: 0 | P70: =D70-E70 -> 0 | DK70: =SUM(F70:DJ70) -> 0 | DL70: =D70-E70-DK70 -> 0 | DM70: =-SUM(F70:DJ70) -> 0 | DN70: =+DM70-E64-D64 -> 0
A71: =LEFT(B71,2) -> 15 | B71: 150020 | C71: موجودی کالا - انبار 002 | D71: 45891036296 | E71: 0 | P71: =D71-E71 -> 45891036296 | DK71: =SUM(F71:DJ71) -> 45891036296 | DL71: =D71-E71-DK71 -> 0 | DM71: =SUM(F71:DJ71) -> 45891036296 | DN71: =+DM71-E65-D65 -> 45891036296
A72: =LEFT(B72,2) -> 15 | B72: 150030 | C72: موجودی کالا - انبار 003 ( مواد مخدر ) | D72: 146647396252 | E72: 0 | P72: =D72-E72 -> 146647396252 | DK72: =SUM(F72:DJ72) -> 146647396252 | DL72: =D72-E72-DK72 -> 0 | DM72: =SUM(F72:DJ72) -> 146647396252 | DN72: =+DM72-E66-D66 -> 146647396252
A73: =LEFT(B73,2) -> 15 | B73: 150040 | C73: موجودی کالا - انبار مراکز توزیع | D73: 2770143386204 | E73: 0 | P73: =D73-E73 -> 2770143386204 | DK73: =SUM(F73:DJ73) -> 2770143386204 | DL73: =D73-E73-DK73 -> 0 | DM73: =SUM(F73:DJ73) -> 2770143386204 | DN73: =+DM73-E67-D67 -> 2770143386204
A74: =LEFT(B74,2) -> 15 | B74: 150042 | C74: موجودی کالا - انبارک مراکز توزیع | D74: 0 | E74: 0 | P74: =D74-E74 -> 0 | DK74: =SUM(F74:DJ74) -> 0 | DL74: =D74-E74-DK74 -> 0 | DM74: =SUM(F74:DJ74) -> 0 | DN74: =+DM74-E68-D68 -> -9459273118
A75: =LEFT(B75,2) -> 15 | B75: 150045 | C75: موجودی کالا - ناشی از تغییر نرخ | D75: 50312736857 | E75: 0 | P75: =D75-E75 -> 50312736857 | DK75: =SUM(F75:DJ75) -> 50312736857 | DL75: =D75-E75-DK75 -> 0 | DM75: =SUM(F75:DJ75) -> 50312736857 | DN75: =+DM75-E69-D69 -> 50312736857
A76: =LEFT(B76,2) -> 15 | B76: 150050 | C76: انبار لوازم و قطعات یدکی | D76: 859496839 | E76: 0 | R76: =D76-E76 -> 859496839 | DK76: =SUM(F76:DJ76) -> 859496839 | DL76: =D76-E76-DK76 -> 0 | DM76: =SUM(F76:DJ76) -> 859496839 | DN76: =+DM76-E70-D70 -> 859496839
A77: =LEFT(B77,2) -> 15 | B77: 150060 | C77: انبار تدارکات | D77: 1688350093 | E77: 0 | R77: =D77-E77 -> 1688350093 | DK77: =SUM(F77:DJ77) -> 1688350093 | DL77: =D77-E77-DK77 -> 0 | DM77: =SUM(F77:DJ77) -> 1688350093 | DN77: =+DM77-E71-D71 -> -44202686203
A78: =LEFT(B78,2) -> 15 | B78: 150061 | C78: انبار ضایعات تدارکات | D78: 0 | E78: 0 | R78: =D78-E78 -> 0 | DK78: =SUM(F78:DJ78) -> 0 | DL78: =D78-E78-DK78 -> 0 | DM78: =SUM(F78:DJ78) -> 0 | DN78: =+DM78-E72-D72 -> -146647396252
A79: =LEFT(B79,2) -> 15 | B79: 150065 | C79: انبار رایانه | D79: 0 | E79: 0 | R79: =D79-E79 -> 0 | DK79: =SUM(F79:DJ79) -> 0 | DL79: =D79-E79-DK79 -> 0 | DM79: =SUM(F79:DJ79) -> 0 | DN79: =+DM79-E73-D73 -> -2770143386204
A80: =LEFT(B80,2) -> 15 | B80: 150070 | C80: انبار کالای ضایعاتی | D80: 3111226095 | E80: 0 | P80: =D80-E80 -> 3111226095 | DK80: =SUM(F80:DJ80) -> 3111226095 | DL80: =D80-E80-DK80 -> 0 | DM80: =SUM(F80:DJ80) -> 3111226095 | DN80: =+DM80-E74-D74 -> 3111226095
A81: =LEFT(B81,2) -> 15 | B81: 150080 | C81: موجودی کالای در راه | D81: 0 | E81: 0 | DK81: =SUM(F81:DJ81) -> 0 | DL81: =D81-E81-DK81 -> 0 | DM81: =SUM(F81:DJ81) -> 0 | DN81: =+DM81-E75-D75 -> -50312736857
A82: =LEFT(B82,2) -> 15 | B82: 150099 | C82: سایر موجودیها | D82: 14501450784 | E82: 0 | P82: =D82 -> 14501450784 | DK82: =SUM(F82:DJ82) -> 14501450784 | DL82: =D82-E82-DK82 -> 0 | DM82: =SUM(F82:DJ82) -> 14501450784 | DN82: =+DM82-E76-D76 -> 13641953945
A83: =LEFT(B83,2) -> 15 | B83: 150520 | C83: انبارهای قرنطینه | D83: 0 | E83: 0 | DK83: =SUM(F83:DJ83) -> 0 | DL83: =D83-E83-DK83 -> 0 | DM83: =SUM(F83:DJ83) -> 0 | DN83: =+DM83-E77-D77 -> -1688350093
A84: =LEFT(B84,2) -> 16 | B84: 160001 | C84: سپرده نزد اشخاص حقوقی | D84: 9505560219 | E84: 0 | W84: =D84-E84 -> 9505560219 | DK84: =SUM(F84:DJ84) -> 9505560219 | DL84: =D84-E84-DK84 -> 0 | DM84: =SUM(F84:DJ84) -> 9505560219 | DN84: =+DM84-E78-D78 -> 9505560219
A85: =LEFT(B85,2) -> 16 | B85: 160002 | C85: سپرده نزد اشخاص حقیقی | D85: 1237500000 | E85: 0 | T85: 1237500000 | W85: =D85-T85 -> 0 | DK85: =SUM(F85:DJ85) -> 1237500000 | DL85: =D85-E85-DK85 -> 0 | DM85: =SUM(F85:DJ85) -> 1237500000 | DN85: =+DM85-E79-D79 -> 1237500000
A86: =LEFT(B86,2) -> 16 | B86: 160003 | C86: پیش پرداخت خرید خدمات | D86: 7829569903 | E86: 0 | W86: =D86-E86 -> 7829569903 | DK86: =SUM(F86:DJ86) -> 7829569903 | DL86: =D86-E86-DK86 -> 0 | DM86: =SUM(F86:DJ86) -> 7829569903 | DN86: =+DM86-E80-D80 -> 4718343808
A87: =LEFT(B87,2) -> 16 | B87: 160004 | C87: پیش پرداخت خرید کالا | D87: 51800000 | E87: 0 | U87: =D87-E87 -> 51800000 | DK87: =SUM(F87:DJ87) -> 51800000 | DL87: =D87-E87-DK87 -> 0 | DM87: =SUM(F87:DJ87) -> 51800000 | DN87: =+DM87-E81-D81 -> 51800000
A88: =LEFT(B88,2) -> 16 | B88: 160005 | C88: پیش پرداخت سرمایه ای | D88: 2225788000 | E88: 0 | X88: =$D88-$E88 -> 2225788000 | DK88: =SUM(F88:DJ88) -> 2225788000 | DL88: =D88-E88-DK88 -> 0 | DM88: =SUM(F88:DJ88) -> 2225788000 | DN88: =+DM88-E82-D82 -> -12275662784
A89: =LEFT(B89,2) -> 16 | B89: 160006 | C89: پیش پرداخت مالیات | D89: 0 | E89: 0 | W89: =D89 -> 0 | DK89: =SUM(F89:DJ89) -> 0 | DL89: =D89-E89-DK89 -> 0 | DM89: =SUM(F89:DJ89) -> 0 | DN89: =+DM89-E83-D83 -> 0
A90: =LEFT(B90,2) -> 16 | B90: 160007 | C90: پیش پرداخت بیمه موجودی کالا | D90: 1363126342 | E90: 0 | S90: =$D90-$E90 -> 1363126342 | DK90: =SUM(F90:DJ90) -> 1363126342 | DL90: =D90-E90-DK90 -> 0 | DM90: =SUM(F90:DJ90) -> 1363126342 | DN90: =+DM90-E84-D84 -> -8142433877
A91: =LEFT(B91,2) -> 16 | B91: 160008 | C91: پیش پرداخت بیمه وسایط نقلیه | D91: 3227122501 | E91: 0 | S91: =$D91-$E91 -> 3227122501 | DK91: =SUM(F91:DJ91) -> 3227122501 | DL91: =D91-E91-DK91 -> 0 | DM91: =SUM(F91:DJ91) -> 3227122501 | DN91: =+DM91-E85-D85 -> 1989622501
A92: =LEFT(B92,2) -> 16 | B92: 160009 | C92: پیش پرداخت بیمه ساختمان و تاسیسات | D92: 322770305 | E92: 0 | S92: =$D92-$E92 -> 322770305 | DK92: =SUM(F92:DJ92) -> 322770305 | DL92: =D92-E92-DK92 -> 0 | DM92: =SUM(F92:DJ92) -> 322770305 | DN92: =+DM92-E86-D86 -> -7506799598
A93: =LEFT(B93,2) -> 16 | B93: 160010 | C93: پیش پرداخت بیمه اثاثه و منصوبات و ابزار و لوازم | D93: 23304021 | E93: 0 | S93: =$D93-$E93 -> 23304021 | DK93: =SUM(F93:DJ93) -> 23304021 | DL93: =D93-E93-DK93 -> 0 | DM93: =SUM(F93:DJ93) -> 23304021 | DN93: =+DM93-E87-D87 -> -28495979
A94: =LEFT(B94,2) -> 16 | B94: 160014 | C94: پیش پرداخت پرونده های واحد حقوقی | D94: 1550000000 | E94: 0 | W94: =D94-E94 -> 1550000000 | DK94: =SUM(F94:DJ94) -> 1550000000 | DL94: =D94-E94-DK94 -> 0 | DM94: =SUM(F94:DJ94) -> 1550000000 | DN94: =+DM94-E88-D88 -> -675788000
A95: =LEFT(B95,2) -> 20 | B95: 200001 | C95: زمین | D95: 140155194422 | E95: 0 | X95: =D95-E95 -> 140155194422 | DK95: =SUM(F95:DJ95) -> 140155194422 | DL95: =D95-E95-DK95 -> 0 | DM95: =SUM(F95:DJ95) -> 140155194422 | DN95: =+DM95-E89-D89 -> 140155194422
A96: =LEFT(B96,2) -> 20 | B96: 200002 | C96: ساختمان | D96: 263294983885 | E96: 0 | X96: =D96-E96 -> 263294983885 | DK96: =SUM(F96:DJ96) -> 263294983885 | DL96: =D96-E96-DK96 -> 0 | DM96: =SUM(F96:DJ96) -> 263294983885 | DN96: =+DM96-E90-D90 -> 261931857543
A97: =LEFT(B97,2) -> 20 | B97: 200003 | C97: تاسیسات | D97: 135399244148 | E97: 0 | X97: =D97-E97 -> 135399244148 | DK97: =SUM(F97:DJ97) -> 135399244148 | DL97: =D97-E97-DK97 -> 0 | DM97: =SUM(F97:DJ97) -> 135399244148 | DN97: =+DM97-E91-D91 -> 132172121647
A98: =LEFT(B98,2) -> 20 | B98: 200004 | C98: ماشینهای محاسب و الکترونیک | D98: 59410618605 | E98: 0 | X98: =D98-E98 -> 59410618605 | DK98: =SUM(F98:DJ98) -> 59410618605 | DL98: =D98-E98-DK98 -> 0 | DM98: =SUM(F98:DJ98) -> 59410618605 | DN98: =+DM98-E92-D92 -> 59087848300
A99: =LEFT(B99,2) -> 20 | B99: 200005 | C99: اثاثه | D99: 84368547768 | E99: 0 | X99: =D99-E99 -> 84368547768 | DK99: =SUM(F99:DJ99) -> 84368547768 | DL99: =D99-E99-DK99 -> 0 | DM99: =SUM(F99:DJ99) -> 84368547768 | DN99: =+DM99-E93-D93 -> 84345243747
A100: =LEFT(B100,2) -> 20 | B100: 200006 | C100: ابزار و لوازم فنی | D100: 2066615740 | E100: 0 | X100: =D100-E100 -> 2066615740 | DK100: =SUM(F100:DJ100) -> 2066615740 | DL100: =D100-E100-DK100 -> 0 | DM100: =SUM(F100:DJ100) -> 2066615740 | DN100: =+DM100-E94-D94 -> 516615740
...

Sheet همراهان سافت

Sheet 60-20moin13970631
F1: موجودی نقد و بانک | K1: اسناد دریافتنی تجاری | L1: حسابهای دریافتنی تجاری | M1: حسابها و اسناد دریافتنی غیر تجاری | P1: موجودی کالا | S1: سپرده و پیش پرداختها | T1: سپرده و پیش پرداختها | X1: دارائیهای ثابت مشهود | AH1: دارائیهای نامشهود | AK1: سرمایه گذاریهای بلند مدت | AL1: سایر دارائیها | AN1: اسناد پرداختنی تجاری | AO1: اسناد پرداختنی تجاری | AQ1: حسابهای پرداختنی تجاری | BH1: ذخیره مالیات | BI1: سود سهام پرداختنی | BJ1: تسهیلات مالی دریافتی | BK1: تسهیلات مالی دریافتی | BL1: تسهیلات مالی دریافتی | BM1: ذخیره مزایای پایان خدمت کارکنان | BN1: سرمایه | BO1: اندوخته ها | BP1: سود (زیان) انباشته | BQ1: سود (زیان) جاری | BT1: هزینه های توزیع و فروش | CS1: هزینه مالی | DD1: سایر درآمدها و(هزینه های) عملیاتی
F2: 146061763873 | K2: 696176795595 | L2: 1085623835217 | M2: 6189565588 | P2: 897814856268 | S2: 7843473671 | T2: 7843473671 | X2: 1.2225803e+11 | AH2: 4206214756 | AK2: 3738354260 | AL2: 3854274049 | AN2: 0 | AO2: 0 | AQ2: 0 | BH2: 0 | BI2: 0 | BJ2: 0 | BK2: 0 | BL2: 0 | BM2: 0 | BN2: 0 | BO2: 0 | BP2: 0 | BQ2: 0 | BT2: 23541017883 | CS2: 7450842054 | DD2: 0
F3: 0 | K3: 0 | L3: 0 | M3: 0 | P3: 0 | S3: 0 | T3: 0 | X3: 0 | AH3: 0 | AK3: 0 | AL3: 0 | AN3: -283542299159 | AO3: -283542299159 | AQ3: -1984940580150 | BH3: -195967152 | BI3: -135000043320 | BJ3: -43698630137 | BK3: -43698630137 | BL3: -43698630137 | BM3: -51030832648 | BN3: -50000000000 | BO3: -5000000000 | BP3: -26386619115 | BQ3: 0 | CS3: 0 | DD3: 0
C4: کـــــاربرگ طبقه بندی
C5: نام حساب | D5: تراز معین | F5: موجودی نقد و بانک | J5: سرمایه گذاری کوتاه مدت | K5: حسابها و اسناد دریافتنی تجاری | M5: حسابها و اسناد دریافتنی غیر تجاری | P5: موجودی کالا | S5: سپرده و پیش پرداختها | T5: سپرده و پیش پرداختها | X5: دارائیهای ثابت مشهود | AH5: دارائیهای نامشهود | AK5: سرمایه گذاریهای بلند مدت | AL5: سایر دارائیها | AN5: حسابها واسناد پرداختنی تجاری | AR5: حسابها واسناد پرداختنی غیر تجاری | AS5: حسابها واسناد پرداختنی غیر تجاری | AT5: حسابها واسناد پرداختنی غیر تجاری | AU5: حسابها واسناد پرداختنی غیر تجاری | AV5: حسابها واسناد پرداختنی غیر تجاری | AW5: حسابها واسناد پرداختنی غیر تجاری | BH5: ذخیره مالیات | BI5: سود سهام پرداختنی | BJ5: تسهیلات مالی دریافتی | BM5: ذخیره مزایای پایان خدمت | BN5: سرمایه | BO5: اندوخته ها | BP5: سود (زیان) انباشته | BQ5: سود (زیان) جاری | BR5: فروش | BS5: بهای تمام شده | BT5: هزینه های پرسنلی | CC5: اسنهلاک | CD5: هزینه های عمومی و توزیع و فروش | CN5: سایر درآمدها و(هزینه های) عملیاتی | CS5: هزینه مالی | CU5: سایر درآمدها و(هزینه های) غیر عملیاتی | DD5: جمع
F6: 101 | G6: 102 | H6: 103 | I6: 104 | J6: 110 | K6: 120 | L6: 121 | M6: 140 | N6: 141 | O6: 142 | P6: 150 | Q6: 151 | R6: 152 | S6: 160 | T6: 160 | U6: 161 | V6: 161 | W6: 162 | X6: 200 | Y6: 203 | Z6: 201 | AA6: 202 | AB6: 204 | AC6: 204 | AD6: 204 | AE6: 204 | AF6: 205 | AG6: 206 | AH6: 250 | AI6: 251 | AJ6: 252 | AK6: 260 | AL6: 270 | AM6: 271 | AN6: 300 | AO6: 300 | AP6: 301 | AQ6: 302 | AR6: 333 | AS6: 334 | AT6: 335 | AU6: 336 | AV6: 337 | AW6: 338 | AX6: 339 | AY6: 3316 | AZ6: 3310 | BA6: 3311 | BB6: 3312 | BC6: 3313 | BD6: 3314 | BE6: 3317 | BF6: 3315 | BG6: 337 | BH6: 350 | BI6: 360 | BJ6: 380 | BK6: 380 | BL6: 380 | BM6: 420 | BN6: 450 | BO6: 460 | BP6: 470 | BQ6: 480 | BR6: 500 | BS6: 600 | BT6: 700 | BU6: 701 | BV6: 701 | BW6: 702 | BX6: 703 | BY6: 704 | BZ6: 705 | CA6: 705 | CB6: 717 | CC6: 730 | CD6: 710 | CE6: 711 | CF6: 712 | CG6: 713 | CH6: 714 | CI6: 715 | CJ6: 716 | CL6: 717 | CM6: 718 | CN6: 800 | CP6: 801 | CQ6: 802 | CR6: 803 | CS6: 740 | CT6: 351 | CU6: 850 | CW6: 851 | CX6: 852 | CY6: 853 | CZ6: 854 | DA6: 854 | DB6: 854 | DC6: 855
F7: موجودي نزد بانكها | G7: وجوه در راه | H7: موجودي صندوق | I7: تنخواه گردانها | J7: سرمایه گذاری کوتاه مدت | K7: حسابهای دریافتنی تجاری | L7: اسناد دریافتنی تجاری | M7: بدهي كاركنان (وام و جاري و بیمه عمر) | N7: وزارت دارایی-مالیات و عوارض ارزش افزوده | O7: سايراشخاص | P7: موجودی کالا | Q7: موجودی کالای امانی | R7: سایر موجودیها | S7: بيمه موجودی کالا و داراييهای ثابت | T7: ودیعه اجاره محل | U7: خرید کالا | V7: سازمان حسابرسی | W7: ساير | X7: دارائیهای ثابت مشهود | Y7: اصلاح انبار بندر عباس | Z7: اجرای سیستم دوربین مراکز | AA7: خرید 5 دستگاه کامیون 18 تن ایسوزو | AB7: احداث انبار مرکز تبریز | AC7: پروژه مرکز کرمان (سیستم اعلام حریق ، دوربین مدار بسته و بازسازی مرکز ) | AD7: همدان | AE7: پروژه تهران یک | AF7: پروزه اردبیل | AG7: سایر | AH7: حق الامتياز تلفن , برق و غيره | AI7: نرم افزارهای کامپیوتر | AJ7: زمينهاي موقوفي | AK7: سرمایه گذاریهای بلند مدت | AL7: حصه بلند مدت وام كاركنان | AM7: حصه بلند مدت اسناد دريافتني تجاری | AN7: اسناد پرداختني تجاري --شرکتهای گروه | AO7: اسناد پرداختني تجاري -سایر اشخاص | AP7: حسابهای پرداختني تجاري -شرکتهای گروه | AQ7: حسابهای پرداختني تجاري -سایر اشخاص | AR7: ساير اشخاص | AS7: وزارت بهداشت | AT7: ذخيره بازخرید مرخصی | AU7: اسناد پرداختنی غیرتجاری | AV7: مطالبات معوقه کارکنان مستعفی | AW7: ذخيره هزينه هاي تعلق گرفته پرداخت نشده | AX7: سپرده بیمه | AY7: حقوق پرداختنی | AZ7: حق بيمه پرداختني | BA7: مالیات حقوق پرداختنی | BB7: واریزیهای نامشخص | BC7: سپرده حسن انجام كار | BD7: ماليات تكليفي پرداختني | BE7: وزارت دارایی مالیات و عوارض | BF7: ساير | BG7: پیش دریافتها | BH7: ذخیره مالیات | BI7: سود سهام پرداختنی | BJ7: تسهیلات مالی دریافتی | BK7: سود و کارمزد سالجاری | BL7: سود و کارمزد سال آتی | BM7: ذخیره مزایای پایان خدمت | BN7: سرمایه | BO7: اندوخته ها | BP7: سود (زیان) انباشته | BQ7: سود (زیان) جاری | BR7: فروش | BS7: بهای تمام شده | BT7: حقوق و دستمزد و مزايا | BU7: پاداش ترویج فروش | BV7: عيدي, پاداش وكارايي | BW7: مزاياي پايان خدمت و مرخصي كاركنان | BX7: بيمه سهم كارفرما و بيمه بيكاري | BY7: اياب وذهاب, سفر وفوق العاده ماموريت | BZ7: كمكهاي غير نقدي | CA7: شیر و غذا پوشاک ، آبدارخانه و پذيرايي | CB7: پاداش هیئت مدیره | CC7: استهلاك داراييهاي ثابت مشهود | CD7: حمل و نقل | CE7: تعمير و نگهداري ساختمان, وسائط نقليه و اثاثه | CF7: آب، برق, سوخت, تلفن و پست | CG7: بيمه دارایيهاي ثابت و موجودي كالا | CH7: کارمزد خدمات بانکی | CI7: اجاره محل | CJ7: تبليغات و بازاريابي | CK7: حقوق و مزایای تامین نیروی انسانی | CL7: مطالبات مشكوك الوصول | CM7: سایر | CN7: درآمد حاصل از ترویج فروش | CO7: ضایعات کالا | CP7: جوایز جنسی | CQ7: خالص کسر و اضافی انبار | CR7: سایر | CS7: هزینه مالی | CT7: اصلاح مالیات عملکرد سال 1389 | CU7: سود ناشي از فروش دارایيهاي ثابت مشهود | CV7: سود و زیان ناشي از فروش دارایيهاي ثابت نامشهود | CW7: سود سپرده بانكي | CX7: سود سهام حاصل از سرمايه گذاريها | CY7: سود وزیان ناشی از تسعیر داراییهای وبدهیهای ارزی | CZ7: درآمد حاصل از فروش ضایعات غیر دارویی | DA7: خسارت دریافتی از بیمه | DB7: درآمد حاصل از اجاره محل | DC7: سایر
A8: کد حساب | B8: کد حساب | D8: بدهکار | E8: بستانکار | U8: 160004 | V8: 04-000051 | Y8: 11-000026 | Z8: 11-000022 | AA8: 11-000027 | AI8: 11-000015 | AR8: ساير | AS8: 10-000018
A9: =LEFT(B9,2) -> 10 | B9: 100001 | C9: صندوق ریالی | D9: 117664150 | E9: 0 | H9: =D9-E9 -> 117664150 | DD9: =SUM(F9:DC9) -> 117664150 | DE9: =D9-E9-DD9 -> 0
A10: =LEFT(B10,2) -> 10 | B10: 100002 | C10: صندوق ارزی | D10: 0 | E10: 0 | H10: =$D10-$E10 -> 0 | DD10: =SUM(F10:DC10) -> 0 | DE10: =D10-E10-DD10 -> 0
A11: =LEFT(B11,2) -> 10 | B11: 100003 | C11: تنخواه گردانها | D11: 8966130138 | E11: 0 | I11: =$D11-$E11 -> 8966130138 | DD11: =SUM(F11:DC11) -> 8966130138 | DE11: =D11-E11-DD11 -> 0
A12: =LEFT(B12,2) -> 10 | B12: 100004 | C12: بانکها | D12: 1272554173048 | E12: 0 | F12: =$D12-$E12+BJ12 -> 640534173048 | BJ12: -632020000000 | DD12: =SUM(F12:DC12) -> 8514173048 | DE12: =D12-E12+DD12 -> 1281068346096
A13: =LEFT(B13,2) -> 10 | B13: 100006 | C13: =+[18]Sheet1!$B$7 -> اوراق بهادار | D13: 0 | E13: 0 | DD13: =SUM(F13:DC13) -> 0 | DE13: =D13-E13-DD13 -> 0
A14: =LEFT(B14,2) -> 10 | B14: 100007 | C14: وجوه درراه | D14: 0 | E14: 0 | G14: =$D14-$E14 -> 0 | DD14: =SUM(F14:DC14) -> 0 | DE14: =D14-E14-DD14 -> 0
A15: 11 | B15: 110006 | C15: اوراق خزانه اسلامی ( اخزا) | D15: 4494465939 | E15: 0 | L15: =D15 -> 4494465939 | DD15: =SUM(F15:DC15) -> 4494465939 | DE15: =D15-E15-DD15 -> 0
A16: =LEFT(B16,2) -> 12 | B16: 120001 | C16: اسناد درجریان وصول شرکتهای عضو گروه | D16: 0 | E16: 0 | DD16: =SUM(F16:DC16) -> 0 | DE16: =D16-E16-DD16 -> 0
A17: =LEFT(B17,2) -> 12 | B17: 120002 | C17: اسناد دریافتنی تجاری شرکتهای عضو گروه | D17: 0 | E17: 0 | DD17: =SUM(F17:DC17) -> 0 | DE17: =D17-E17-DD17 -> 0
A18: =LEFT(B18,2) -> 12 | B18: 120003 | C18: اسناد دریافتنی تجاری سایر شرکتها | D18: 0 | E18: 0 | DD18: =SUM(F18:DC18) -> 0 | DE18: =D18-E18-DD18 -> 0
A19: =LEFT(B19,2) -> 12 | B19: 120004 | C19: اسناد درجریان وصول سایر شرکتها | D19: 0 | E19: 0 | DD19: =SUM(F19:DC19) -> 0 | DE19: =D19-E19-DD19 -> 0
A20: =LEFT(B20,2) -> 12 | B20: 120020 | C20: اسناد درجریان وصول مشتریان | D20: 4873667379118 | E20: 0 | L20: =D20-AM20 -> 4871755582992 | AM20: 1911796126 | DD20: =SUM(F20:DC20) -> 4873667379118 | DE20: =D20-E20-DD20 -> 0
A21: =LEFT(B21,2) -> 12 | B21: 120030 | C21: اسناد دریافتنی مشتریان | D21: 105153158328 | E21: 0 | L21: =D21-AM21 -> 105153158328 | AM21: 0 | DD21: =SUM(F21:DC21) -> 105153158328 | DE21: =D21-E21-DD21 -> 0
A22: =LEFT(B22,2) -> 12 | B22: 120500 | C22: ذخیره مطالبات مشکوک الوصول اسناد دریافتنی تجاری | D22: 0 | E22: 0 | DD22: =SUM(F22:DC22) -> 0 | DE22: =D22-E22-DD22 -> 0
A23: =LEFT(B23,2) -> 13 | B23: 130001 | C23: بدهکاران تجاری شرکتهای عضو گروه | D23: 0 | E23: 0 | AP23: =D23 -> 0 | DD23: =SUM(F23:DC23) -> 0 | DE23: =D23-E23-DD23 -> 0
A24: =LEFT(B24,2) -> 13 | B24: 130002 | C24: چکهای برگشتی شرکتهای عضو گروه | D24: 0 | E24: 0 | DD24: =SUM(F24:DC24) -> 0 | DE24: =D24-E24-DD24 -> 0
A25: =LEFT(B25,2) -> 13 | B25: 130020 | C25: بدهکاران تجاری مشتریان | D25: 9608528029934 | E25: 0 | K25: =$D25-$E25+BG25 -> 9646256578012 | BG25: =342069687565-282192109588-12199003316-9950026583 -> 37728548078 | DD25: =K25-BG25 -> 9608528029934 | DE25: =D25-E25-DD25 -> 0
A26: =LEFT(B26,2) -> 13 | B26: 130021 | C26: بدهکاران تجاری | D26: 0 | E26: 0 | O26: =D26 -> 0 | DD26: =SUM(F26:DC26) -> 0 | DE26: =D26-E26-DD26 -> 0
A27: =LEFT(B27,2) -> 13 | B27: 130022 | C27: چکهای برگشتی مشتریان | D27: 86637533406 | E27: 0 | K27: =$D27-$E27 -> 86637533406 | DD27: =SUM(F27:DC27) -> 86637533406 | DE27: =D27-E27-DD27 -> 0
A28: =LEFT(B28,2) -> 13 | B28: 130023 | C28: بدهکاران تجاری حقوقی شده | D28: 172945902792 | E28: 0 | K28: =$D28-$E28 -> 172945902792 | DD28: =SUM(F28:DC28) -> 172945902792 | DE28: =D28-E28-DD28 -> 0
A29: =LEFT(B29,2) -> 13 | B29: 130024 | C29: چکهای برگشتی مشتریان حقوقی شده | D29: 490658329334 | E29: 0 | K29: =$D29-$E29 -> 490658329334 | DD29: =SUM(F29:DC29) -> 490658329334 | DE29: =D29-E29-DD29 -> 0
A30: =LEFT(B30,2) -> 13 | B30: 130025 | C30: اسناد قابل تعویض تجاری | D30: 48854566835 | E30: 0 | K30: =$D30-$E30 -> 48854566835 | DD30: =SUM(F30:DC30) -> 48854566835 | DE30: =D30-E30-DD30 -> 0
A31: =LEFT(B31,2) -> 13 | B31: 130026 | C31: اسناد عودت شده به مشتریان | D31: 636348492 | E31: 0 | K31: =$D31-$E31 -> 636348492 | DD31: =SUM(F31:DC31) -> 636348492 | DE31: =D31-E31-DD31 -> 0
A32: =LEFT(B32,2) -> 13 | B32: 130500 | C32: ذخیره مطالبات مشکوک الوصول حسابهای دریافتنی تجاری | D32: 0 | E32: 20753984097 | K32: =$D32-$E32 -> -20753984097 | DD32: =SUM(F32:DC32) -> -20753984097 | DE32: =D32-E32-DD32 -> 0
A33: =LEFT(B33,2) -> 14 | B33: 140001 | C33: اسناد دریافتنی شرکتهای عضو گروه (غیرتجاری) | D33: 0 | E33: 0 | DD33: =SUM(F33:DC33) -> 0 | DE33: =D33-E33-DD33 -> 0
A34: =LEFT(B34,2) -> 14 | B34: 140002 | C34: بدهی شرکتهای عضو گروه (غیرتجاری) | D34: 1720686336931 | E34: 0 | K34: 1717324875374 | O34: =D34-K34 -> 3361461557 | BF34: =E34 -> 0 | DD34: =SUM(F34:DC34) -> 1720686336931 | DE34: =D34-E34-DD34 -> 0
A35: =LEFT(B35,2) -> 14 | B35: 140003 | C35: بدهی شرکتهای تامین کننده (غیرتجاری) | D35: 0 | E35: 0 | DD35: =SUM(F35:DC35) -> 0 | DE35: =D35-E35-DD35 -> 0
A36: =LEFT(B36,2) -> 14 | B36: 140019 | C36: اسناد دریافتنی | D36: 0 | E36: 0 | O36: =D36-L36 -> 0 | DD36: =SUM(F36:DC36) -> 0 | DE36: =D36-E36-DD36 -> 0
A37: =LEFT(B37,2) -> 14 | B37: 140020 | C37: اسناد درجریان وصول | D37: 0 | E37: 0 | O37: =D37-L37 -> 0 | DD37: =SUM(F37:DC37) -> 0 | DE37: =D37-E37-DD37 -> 0
A38: =LEFT(B38,2) -> 14 | B38: 140021 | C38: چکهای برگشتی غیر تجاری | D38: 0 | E38: 0 | O38: =D38 -> 0 | DD38: =SUM(F38:DC38) -> 0 | DE38: =D38-E38-DD38 -> 0
A39: =LEFT(B39,2) -> 14 | B39: 140022 | C39: چکهای برگشتی حقوقی شده غیر تجاری | D39: 70022578885 | E39: 0 | O39: =$D39-$E39 -> 70022578885 | DD39: =SUM(F39:DC39) -> 70022578885 | DE39: =D39-E39-DD39 -> 0
A40: =LEFT(B40,2) -> 14 | B40: 140023 | C40: بدهکاران غیرتجاری | D40: 25928420111 | E40: 0 | O40: =D40-X40+BF40 -> 25371816649 | X40: 577008362 | AI40: 0 | BF40: 20404900 | DD40: =SUM(F40:DC40) -> 25969229911 | DE40: =D40-E40-DD40 -> -40809800
A41: =LEFT(B41,2) -> 14 | B41: 140024 | C41: بدهکاران سازمان امورمالیاتی - مالیات ارزش افزوده | D41: 0 | E41: 0 | N41: =D41 -> 0 | DD41: =SUM(F41:DC41) -> 0 | DE41: =D41-E41-DD41 -> 0
A42: =LEFT(B42,2) -> 14 | B42: 140025 | C42: بدهکاران سازمان امورمالیاتی - عوارض ارزش افزوده | D42: 0 | E42: 0 | N42: =D42 -> 0 | DD42: =SUM(F42:DC42) -> 0 | DE42: =D42-E42-DD42 -> 0
A43: =LEFT(B43,2) -> 14 | B43: 140026 | C43: اسناد قابل تعویض غیر تجاری | D43: 0 | E43: 0 | O43: =D43-E43 -> 0 | DD43: =SUM(F43:DC43) -> 0 | DE43: =D43-E43-DD43 -> 0
A44: =LEFT(B44,2) -> 14 | B44: 140027 | C44: بدهکاران سازمان امورمالیاتی-مالیات ارزش افزوده غ | D44: 0 | E44: 0 | DD44: =SUM(F44:DC44) -> 0 | DE44: =D44-E44-DD44 -> 0
A45: =LEFT(B45,2) -> 14 | B45: 140028 | C45: بدهکاران سازمان امورمالیاتی-عوارض ارزش افزوده غ | D45: 0 | E45: 0 | DD45: =SUM(F45:DC45) -> 0 | DE45: =D45-E45-DD45 -> 0
A46: =LEFT(B46,2) -> 14 | B46: 140050 | C46: جاری کارکنان - وام مسکن | D46: 39312722000 | E46: 0 | M46: =D46-AL46 -> 20235232000 | AL46: 19077490000 | DD46: =SUM(F46:DC46) -> 39312722000 | DE46: =D46-E46-DD46 -> 0
A47: =LEFT(B47,2) -> 14 | B47: 140051 | C47: جاری کارکنان - وام اتومبیل | D47: 14615219998 | E47: 0 | M47: =D47-AL47 -> 4917869998 | AL47: 9697350000 | DD47: =SUM(F47:DC47) -> 14615219998 | DE47: =D47-E47-DD47 -> 0
A48: =LEFT(B48,2) -> 14 | B48: 140052 | C48: جاری کارکنان - وام ضروری | D48: 14908139562 | E48: 0 | M48: =D48-AL48 -> 8309620000 | AL48: 6598519562 | DD48: =SUM(F48:DC48) -> 14908139562 | DE48: =D48-E48-DD48 -> 0
A49: =LEFT(B49,2) -> 14 | B49: 140053 | C49: جاری کارکنان - وام اضطراری | D49: 0 | E49: 0 | M49: =D49-AL49 -> 0 | AL49: 0 | DD49: =SUM(F49:DC49) -> 0 | DE49: =D49-E49-DD49 -> 0
A50: =LEFT(B50,2) -> 14 | B50: 140054 | C50: جاری کارکنان - وام موبایل | D50: 0 | E50: 0 | M50: =D50 -> 0 | AL50: 0 | DD50: =SUM(F50:DC50) -> 0 | DE50: =D50-E50-DD50 -> 0
A51: =LEFT(B51,2) -> 14 | B51: 140055 | C51: جاری کارکنان - وام مدیریتی | D51: 35000000 | E51: 0 | M51: =D51-AL51 -> 35000000 | AL51: 0 | DD51: =SUM(F51:DC51) -> 35000000 | DE51: =D51-E51-DD51 -> 0
A52: =LEFT(B52,2) -> 14 | B52: 140056 | C52: جاری کارکنان - وام ازدواج | D52: 3806250000 | E52: 0 | M52: =D52-AL52 -> 1581250000 | AL52: 2225000000 | DD52: =SUM(F52:DC52) -> 3806250000 | DE52: =D52-E52-DD52 -> 0
A53: 14 | B53: 140058 | C53: (دندانپزشکی) جاری کارکنان - بیمه درمان گروهی | D53: 4468621851 | E53: 0 | M53: =D53-AL53 -> 4468621851 | DD53: =SUM(F53:DC53) -> 4468621851 | DE53: =D53-E53-DD53 -> 0
A54: =LEFT(B54,2) -> 14 | B54: 140059 | C54: جاری کارکنان - خسارت درمانی دریافتی از بیمه | D54: 0 | E54: 0 | M54: =$D54-$E54 -> 0 | DD54: =SUM(F54:DC54) -> 0 | DE54: =D54-E54-DD54 -> 0
A55: =LEFT(B55,2) -> 14 | B55: 140060 | C55: جاری کارکنان - بیمه درمان گروهی | D55: 4891907700 | E55: 0 | M55: =$D55-$E55 -> 4891907700 | DD55: =SUM(F55:DC55) -> 4891907700 | DE55: =D55-E55-DD55 -> 0
A56: =LEFT(B56,2) -> 14 | B56: 140061 | C56: جاری کارکنان - بیمه عمرو حوادث | D56: 722133720 | E56: 0 | M56: =$D56-$E56 -> 722133720 | DD56: =SUM(F56:DC56) -> 722133720 | DE56: =D56-E56-DD56 -> 0
A57: =LEFT(B57,2) -> 14 | B57: 140062 | C57: جاری کارکنان - مساعده حقوق | D57: 0 | E57: 0 | DD57: =SUM(F57:DC57) -> 0 | DE57: =D57-E57-DD57 -> 0
A58: =LEFT(B58,2) -> 14 | B58: 140063 | C58: جاری کارکنان - علی الحساب | D58: 41860000 | E58: 0 | M58: =D58 -> 41860000 | DD58: =SUM(F58:DC58) -> 41860000 | DE58: =D58-E58-DD58 -> 0
A59: =LEFT(B59,2) -> 14 | B59: 140064 | C59: جاری کارکنان - حق ماموریت | D59: 0 | E59: 0 | DD59: =SUM(F59:DC59) -> 0 | DE59: =D59-E59-DD59 -> 0
A60: =LEFT(B60,2) -> 14 | B60: 140065 | C60: جاری کارکنان - سود سهام | D60: 0 | E60: 0 | DD60: =SUM(F60:DC60) -> 0 | DE60: =D60-E60-DD60 -> 0
A61: =LEFT(B61,2) -> 14 | B61: 140067 | C61: جاری کارکنان - بدهی ناشی از خرید سهام | D61: 0 | E61: 0 | DD61: =SUM(F61:DC61) -> 0 | DE61: =D61-E61-DD61 -> 0
A62: =LEFT(B62,2) -> 14 | B62: 140068 | C62: جاری کارکنان - خرید دارو | D62: 2250006 | E62: 0 | M62: =+D62-E62 -> 2250006 | DD62: =SUM(F62:DC62) -> 2250006 | DE62: =D62-E62-DD62 -> 0
A63: =LEFT(B63,2) -> 14 | B63: 140069 | C63: جاری کارکنان - بیمه اتومبیل | D63: 40014482 | E63: 0 | M63: =$D63-$E63 -> 40014482 | DD63: =SUM(F63:DC63) -> 40014482 | DE63: =D63-E63-DD63 -> 0
A64: =LEFT(B64,2) -> 14 | B64: 140070 | C64: جاری کارکنان - بدهی به تعاونی مصرف | D64: 1741819100 | E64: 0 | M64: =$D64-$E64 -> 1741819100 | DD64: =SUM(F64:DC64) -> 1741819100 | DE64: =D64-E64-DD64 -> 0
A65: =LEFT(B65,2) -> 14 | B65: 140071 | C65: جاری کارکنان - بدهی مرخصی | D65: 0 | E65: 0 | M65: =$D65-$E65 -> 0 | DD65: =SUM(F65:DC65) -> 0 | DE65: =D65-E65-DD65 -> 0
A66: =LEFT(B66,2) -> 14 | B66: 140072 | C66: جاری کارکنان - بدهی بابت ضایعات وکسری | D66: 0 | E66: 0 | M66: =$D66-$E66 -> 0 | DD66: =SUM(F66:DC66) -> 0 | DE66: =D66-E66-DD66 -> 0
A67: =LEFT(B67,2) -> 14 | B67: 140073 | C67: جاری کارکنان - بدهی ناشی از اجرای احکام (دیونی) | D67: 0 | E67: 52100000 | M67: 0 | BF67: =E67 -> 52100000 | DD67: =SUM(F67:DC67) -> 52100000 | DE67: =D67-E67-DD67 -> -104200000
A68: =LEFT(B68,2) -> 14 | B68: 140074 | C68: جاری کارکنان - بدهی به بانکها بابت وام خارج ازشرکت | D68: 3000000 | E68: 0 | M68: =D68 -> 3000000 | BF68: =E68 -> 0 | DD68: =SUM(F68:DC68) -> 3000000 | DE68: =D68-E68+DD68 -> 6000000
A69: =LEFT(B69,2) -> 14 | B69: 140077 | C69: جاری کارکنان - سایر | D69: 3590732169 | E69: 0 | M69: =$D69-$E69-AL69 -> 3590732169 | DD69: =SUM(F69:DC69) -> 3590732169 | DE69: =D69-E69-DD69 -> 0
A70: =LEFT(B70,2) -> 14 | B70: 140080 | C70: ذخیره مطالبات مشکوک الوصول حسابهای دریافتنی غیرتجاری | D70: 0 | E70: 0 | O70: =$D70-$E70 -> 0 | DD70: =SUM(F70:DC70) -> 0 | DE70: =D70-E70-DD70 -> 0
A71: =LEFT(B71,2) -> 15 | B71: 150010 | C71: موجودی کالا - انبار 001 | D71: 1107066618697 | E71: 0 | P71: =$D71-$E71 -> 1107066618697 | DD71: =SUM(F71:DC71) -> 1107066618697 | DE71: =D71-E71-DD71 -> 0
A72: =LEFT(B72,2) -> 15 | B72: 150020 | C72: موجودی کالا - انبار 002 | D72: 514252016608 | E72: 0 | P72: =$D72-$E72 -> 514252016608 | DD72: =SUM(F72:DC72) -> 514252016608 | DE72: =D72-E72-DD72 -> 0
A73: =LEFT(B73,2) -> 15 | B73: 150030 | C73: موجودی کالا - انبار 003 (مواد مخدر) | D73: 145182292996 | E73: 0 | P73: =$D73-$E73 -> 145182292996 | DD73: =SUM(F73:DC73) -> 145182292996 | DE73: =D73-E73-DD73 -> 0
A74: =LEFT(B74,2) -> 15 | B74: 150040 | C74: موجودی کالا - انبار مراکز توزیع | D74: 2221206226855 | E74: 0 | P74: =$D74-$E74 -> 2221206226855 | DD74: =SUM(F74:DC74) -> 2221206226855 | DE74: =D74-E74-DD74 -> 0
A75: =LEFT(B75,2) -> 15 | B75: 150042 | C75: موجودی کالا - انبارک مراکز توزیع | D75: 0 | E75: 0 | P75: =$D75-$E75 -> 0 | DD75: =SUM(F75:DC75) -> 0 | DE75: =D75-E75-DD75 -> 0
A76: =LEFT(B76,2) -> 15 | B76: 150045 | C76: موجودی کالا - ناشی از تغییر نرخ | D76: 59427587081 | E76: 0 | P76: =$D76-$E76 -> 59427587081 | DD76: =SUM(F76:DC76) -> 59427587081 | DE76: =D76-E76-DD76 -> 0
A77: =LEFT(B77,2) -> 15 | B77: 150050 | C77: انبار لوازم وقطعات یدکی | D77: 859496839 | E77: 0 | R77: =$D77-$E77 -> 859496839 | DD77: =SUM(F77:DC77) -> 859496839 | DE77: =D77-E77-DD77 -> 0
A78: =LEFT(B78,2) -> 15 | B78: 150060 | C78: انبار تدارکات | D78: 1809334887 | E78: 0 | R78: =$D78-$E78-X78 -> 1809334887 | DD78: =SUM(F78:DC78) -> 1809334887 | DE78: =D78-E78-DD78 -> 0
A79: =LEFT(B79,2) -> 15 | B79: 150061 | C79: انبار ضایعات تدارکات | D79: 0 | E79: 0 | R79: =$D79-$E79 -> 0 | DD79: =SUM(F79:DC79) -> 0 | DE79: =D79-E79-DD79 -> 0
A80: =LEFT(B80,2) -> 15 | B80: 150065 | C80: انبار رایانه | D80: 0 | E80: 0 | R80: =$D80-$E80 -> 0 | DD80: =SUM(F80:DC80) -> 0 | DE80: =D80-E80-DD80 -> 0
A81: =LEFT(B81,2) -> 15 | B81: 150070 | C81: انبار کالای ضایعاتی | D81: 2876402253 | E81: 0 | P81: =$D81-$E81 -> 2876402253 | DD81: =SUM(F81:DC81) -> 2876402253 | DE81: =D81-E81-DD81 -> 0
A82: =LEFT(B82,2) -> 15 | B82: 150080 | C82: موجودی کالای در راه | D82: 0 | E82: 0 | P82: =$D82-$E82 -> 0 | DD82: =SUM(F82:DC82) -> 0 | DE82: =D82-E82-DD82 -> 0
A83: =LEFT(B83,2) -> 15 | B83: 150099 | C83: سایر موجودیها | D83: 0 | E83: 0 | P83: =$D83-$E83 -> 0 | DD83: =SUM(F83:DC83) -> 0 | DE83: =D83-E83-DD83 -> 0
A84: =LEFT(B84,2) -> 15 | B84: 150520 | C84: انبارهای قرنطینه | D84: 0 | E84: 0 | P84: =$D84-$E84 -> 0 | DD84: =SUM(F84:DC84) -> 0 | DE84: =D84-E84-DD84 -> 0
A85: =LEFT(B85,2) -> 16 | B85: 160001 | C85: سپرده نزد اشخاص حقوقی | D85: 9502760219 | E85: 0 | W85: =$D85-$E85 -> 9502760219 | DD85: =SUM(F85:DC85) -> 9502760219 | DE85: =D85-E85-DD85 -> 0
A86: =LEFT(B86,2) -> 16 | B86: 160002 | C86: سپرده نزد اشخاص حقیقی | D86: 1275000000 | E86: 0 | T86: =D86 -> 1275000000 | W86: 0 | DD86: =SUM(F86:DC86) -> 1275000000 | DE86: =D86-E86-DD86 -> 0
A87: =LEFT(B87,2) -> 16 | B87: 160003 | C87: پیش پرداخت خرید خدمات | D87: 270400000 | E87: 0 | V87: 0 | W87: =+D87-V87 -> 270400000 | DD87: =SUM(F87:DC87) -> 270400000 | DE87: =D87-E87-DD87 -> 0
A88: =LEFT(B88,2) -> 16 | B88: 160004 | C88: پیش پرداخت خرید کالا | D88: 755885210 | E88: 0 | U88: 0 | W88: =D88-E88 -> 755885210 | AO88: 0 | DD88: =SUM(F88:DC88) -> 755885210 | DE88: =D88-E88-DD88 -> 0
A89: =LEFT(B89,2) -> 16 | B89: 160005 | C89: پیش پرداخت سرمایه ای | D89: 19949029950 | E89: 0 | X89: =$D89-$E89 -> 19949029950 | DD89: =SUM(F89:DC89) -> 19949029950 | DE89: =D89-E89-DD89 -> 0
A90: =LEFT(B90,2) -> 16 | B90: 160006 | C90: پیش پرداخت مالیات | D90: 0 | E90: 0 | W90: 0 | BH90: =E90-D90+W90 -> 0 | DD90: =SUM(F90:DC90) -> 0 | DE90: =D90-E90-DD90 -> 0
A91: =LEFT(B91,2) -> 16 | B91: 160007 | C91: پیش پرداخت بیمه موجودی کالا | D91: 0 | E91: 0 | S91: =$D91-$E91 -> 0 | DD91: =SUM(F91:DC91) -> 0 | DE91: =D91-E91-DD91 -> 0
A92: =LEFT(B92,2) -> 16 | B92: 160008 | C92: پیش پرداخت بیمه وسایط نقلیه | D92: 0 | E92: 0 | S92: =$D92-$E92 -> 0 | DD92: =SUM(F92:DC92) -> 0 | DE92: =D92-E92-DD92 -> 0
A93: =LEFT(B93,2) -> 16 | B93: 160009 | C93: پیش پرداخت بیمه ساختمان وتاسیسات | D93: 0 | E93: 0 | S93: =$D93-$E93 -> 0 | DD93: =SUM(F93:DC93) -> 0 | DE93: =D93-E93-DD93 -> 0
A94: =LEFT(B94,2) -> 16 | B94: 160010 | C94: پیش پرداخت بیمه اثاثه ومنصوبات وابزارو لوازم | D94: 0 | E94: 0 | S94: =$D94-$E94 -> 0 | DD94: =SUM(F94:DC94) -> 0 | DE94: =D94-E94-DD94 -> 0
A95: =LEFT(B95,2) -> 16 | B95: 160014 | C95: پیش پرداخت پروندهای واحد حقوقی | D95: 1701600000 | E95: 0 | W95: =$D95-$E95 -> 1701600000 | DD95: =SUM(F95:DC95) -> 1701600000 | DE95: =D95-E95-DD95 -> 0
A96: =LEFT(B96,2) -> 20 | B96: 200001 | C96: زمین | D96: 140155194422 | E96: 0 | X96: =$D96-$E96 -> 140155194422 | DD96: =SUM(F96:DC96) -> 140155194422 | DE96: =D96-E96-DD96 -> 0
A97: =LEFT(B97,2) -> 20 | B97: 200002 | C97: ساختمان | D97: 256469965543 | E97: 0 | X97: =$D97-$E97 -> 256469965543 | DD97: =SUM(F97:DC97) -> 256469965543 | DE97: =D97-E97-DD97 -> 0
A98: =LEFT(B98,2) -> 20 | B98: 200003 | C98: تاسیسات | D98: 131515857658 | E98: 0 | X98: =$D98-$E98 -> 131515857658 | DD98: =SUM(F98:DC98) -> 131515857658 | DE98: =D98-E98-DD98 -> 0
A99: =LEFT(B99,2) -> 20 | B99: 200004 | C99: ماشینهای محاسب و الکترونیک | D99: 38812747615 | E99: 0 | X99: =$D99-$E99 -> 38812747615 | DD99: =SUM(F99:DC99) -> 38812747615 | DE99: =D99-E99-DD99 -> 0
A100: =LEFT(B100,2) -> 20 | B100: 200005 | C100: اثاثه | D100: 81726608133 | E100: 0 | X100: =$D100-$E100 -> 81726608133 | DD100: =SUM(F100:DC100) -> 81726608133 | DE100: =D100-E100-DD100 -> 0
...

Sheet 60-20moin-0
F1: موجودی نقد و بانک | K1: اسناد دریافتنی تجاری | L1: حسابهای دریافتنی تجاری | M1: حسابها و اسناد دریافتنی غیر تجاری | S1: سپرده و پیش پرداختها | T1: سپرده و پیش پرداختها | X1: دارائیهای ثابت مشهود | AH1: دارائیهای نامشهود | AK1: سرمایه گذاریهای بلند مدت | AL1: سایر دارائیها | AO1: اسناد پرداختنی تجاری | AP1: اسناد پرداختنی تجاری | AR1: حسابهای پرداختنی تجاری | BL1: ذخیره مالیات | BM1: سود سهام پرداختنی | BN1: تسهیلات مالی دریافتی | BO1: تسهیلات مالی دریافتی | BP1: تسهیلات مالی دریافتی | BQ1: ذخیره مزایای پایان خدمت کارکنان | BR1: سرمایه | BS1: اندوخته ها | BT1: سود (زیان) انباشته | BU1: سود (زیان) جاری | BX1: هزینه های توزیع و فروش | CW1: هزینه مالی | DK1: سایر درآمدها و(هزینه های) عملیاتی
F2: 146061763873 | K2: 696176795595 | L2: 1085623835217 | M2: 6189565588 | S2: 7843473671 | T2: 7843473671 | X2: 1.2225803e+11 | AH2: 4206214756 | AK2: 3738354260 | AL2: 3854274049 | AO2: 0 | AP2: 0 | AR2: 0 | BL2: 0 | BM2: 0 | BN2: 0 | BO2: 0 | BP2: 0 | BQ2: 0 | BR2: 0 | BS2: 0 | BT2: 0 | BU2: 0 | BX2: 23541017883 | CW2: 7450842054 | DK2: 0
F3: 0 | K3: 0 | L3: 0 | M3: 0 | S3: 0 | T3: 0 | X3: 0 | AH3: 0 | AK3: 0 | AL3: 0 | AO3: -283542299159 | AP3: -283542299159 | AR3: -1984940580150 | BL3: -195967152 | BM3: -135000043320 | BN3: -43698630137 | BO3: -43698630137 | BP3: -43698630137 | BQ3: -51030832648 | BR3: -50000000000 | BS3: -5000000000 | BT3: -26386619115 | BU3: 0 | CW3: 0 | DK3: 0
C4: کـــــاربرگ طبقه بندی
C5: نام حساب | D5: تراز معین | F5: موجودی نقد و بانک | J5: سرمایه گذاری کوتاه مدت | K5: حسابها و اسناد دریافتنی تجاری | M5: حسابها و اسناد دریافتنی غیر تجاری | P5: موجودی کالا | S5: سپرده و پیش پرداختها | T5: سپرده و پیش پرداختها | X5: دارائیهای ثابت مشهود | AH5: دارائیهای نامشهود | AK5: سرمایه گذاریهای بلند مدت | AL5: سایر دارائیها | AO5: حسابها واسناد پرداختنی تجاری | AS5: حسابها واسناد پرداختنی غیر تجاری | AU5: حسابها واسناد پرداختنی غیر تجاری | AV5: حسابها واسناد پرداختنی غیر تجاری | AW5: حسابها واسناد پرداختنی غیر تجاری | AX5: حسابها واسناد پرداختنی غیر تجاری | AY5: حسابها واسناد پرداختنی غیر تجاری | BL5: ذخیره مالیات | BM5: سود سهام پرداختنی | BN5: تسهیلات مالی دریافتی | BQ5: ذخیره مزایای پایان خدمت | BR5: سرمایه | BS5: اندوخته ها | BT5: سود (زیان) انباشته | BU5: سود (زیان) جاری | BV5: فروش | BW5: بهای تمام شده | BX5: هزینه های پرسنلی | CG5: اسنهلاک | CH5: هزینه های عمومی و توزیع و فروش | CR5: سایر درآمدها و(هزینه های) عملیاتی | CW5: هزینه مالی | DA5: سایر درآمدها و(هزینه های) غیر عملیاتی | DK5: جمع
F6: 101 | G6: 102 | H6: 103 | I6: 104 | J6: 110 | K6: 120 | L6: 121 | M6: 140 | N6: 141 | O6: 142 | P6: 150 | Q6: 151 | R6: 152 | S6: 160 | T6: 160 | U6: 161 | V6: 161 | W6: 162 | X6: 200 | Y6: 203 | Z6: 201 | AA6: 202 | AB6: 204 | AC6: 204 | AF6: 204 | AG6: 205 | AH6: 250 | AI6: 251 | AJ6: 252 | AK6: 260 | AL6: 270 | AM6: 271 | AO6: 300 | AP6: 300 | AQ6: 301 | AR6: 302 | AS6: 333 | AT6: 334 | AU6: 334 | AV6: 335 | AW6: 336 | AX6: 337 | AY6: 338 | AZ6: 339 | BA6: 3316 | BB6: 3310 | BC6: 3311 | BD6: 3312 | BE6: 3313 | BF6: 3314 | BG6: 3319 | BI6: 3317 | BJ6: 3315 | BK6: 337 | BL6: 350 | BM6: 360 | BN6: 380 | BO6: 380 | BP6: 380 | BQ6: 420 | BR6: 450 | BS6: 460 | BT6: 470 | BU6: 480 | BV6: 500 | BW6: 600 | BX6: 700 | BY6: 701 | BZ6: 701 | CA6: 702 | CB6: 703 | CC6: 704 | CD6: 705 | CE6: 705 | CF6: 717 | CG6: 730 | CH6: 710 | CI6: 711 | CJ6: 712 | CK6: 713 | CL6: 714 | CM6: 715 | CN6: 716 | CO6: 717 | CQ6: 718 | CR6: 800 | CT6: 801 | CU6: 802 | CV6: 803 | CW6: 740 | CX6: 351 | CY6: 351 | CZ6: 850 | DA6: 850 | DC6: 851 | DD6: 852 | DE6: 853 | DF6: 854 | DG6: 854 | DH6: 854 | DI6: 854 | DJ6: 855
F7: موجودي نزد بانكها | G7: وجوه در راه | H7: موجودي صندوق | I7: تنخواه گردانها | J7: سرمایه گذاری کوتاه مدت | K7: حسابهای دریافتنی تجاری | L7: اسناد دریافتنی تجاری | M7: بدهي كاركنان (وام و جاري و بیمه عمر) | N7: وزارت دارایی-مالیات و عوارض ارزش افزوده | O7: سايراشخاص | P7: موجودی کالا | Q7: موجودی کالای امانی | R7: سایر موجودیها | S7: بيمه موجودی کالا و داراييهای ثابت | T7: ودیعه اجاره محل | U7: خرید کالا | V7: سازمان حسابرسی | W7: ساير | X7: دارائیهای ثابت مشهود | Y7: اجرای سکوی سایبان کرمانشاه | Z7: اصلاح انبار بندر عباس | AA7: اصلاح ساختمان اداری و درب و نرده های مرکز اهواز | AB7: احداث انبار و سیستم اطفاء و اعلام حریق و سیتم گرمایشی مرکز تبریز | AC7: اجرای سیستم دوربین مدار بسته (تهران یک، ساری،یزد،گرگان،کرمانشاهو ارومیه ) | AD7: احداث مرکز اردبیل | AE7: پروژه مرکز همدان(اعلام حریق و اطفاء حریق ) | AF7: پروژه تهران یک | AG7: سایر | AH7: حق الامتياز تلفن , برق و غيره | AI7: نرم افزارهای کامپیوتر | AJ7: زمينهاي موقوفي | AK7: سرمایه گذاریهای بلند مدت | AL7: حصه بلند مدت وام كاركنان | AM7: حصه بلند مدت اسناد دريافتني تجاری | AN7: دارائی مالیات انتقالی | AO7: اسناد پرداختني تجاري --شرکتهای گروه | AP7: اسناد پرداختني تجاري -سایر اشخاص | AQ7: حسابهای پرداختني تجاري -شرکتهای گروه | AR7: حسابهای پرداختني تجاري -سایر اشخاص | AS7: ساير اشخاص | AT7: بیمه سامان | AU7: کارو تامین | AV7: ذخيره بازخرید مرخصی | AW7: اسناد پرداختنی غیرتجاری | AX7: مطالبات معوقه کارکنان مستعفی | AY7: ذخيره هزينه هاي تعلق گرفته پرداخت نشده | AZ7: سپرده بیمه | BA7: حقوق پرداختنی | BB7: حق بيمه پرداختني | BC7: مالیات حقوق پرداختنی | BD7: واریزیهای نامشخص | BE7: سپرده حسن انجام كار | BF7: ماليات تكليفي پرداختني | BG7: مشارکت در صندوق قرض الحسنه (3%) | BH7: وزارت دارایی مالیات و عوارض | BI7: تامین اجتماعی رسیدگی مرکز تبریز | BJ7: ساير | BK7: پیش دریافتها | BL7: ذخیره مالیات | BM7: سود سهام پرداختنی | BN7: تسهیلات مالی دریافتی | BO7: سود و کارمزد سالجاری | BP7: سود و کارمزد سال آتی | BQ7: ذخیره مزایای پایان خدمت | BR7: سرمایه | BS7: اندوخته ها | BT7: سود (زیان) انباشته | BU7: سود (زیان) جاری | BV7: فروش | BW7: بهای تمام شده | BX7: حقوق و دستمزد و مزايا | BY7: پاداش ترویج فروش | BZ7: عيدي, پاداش وكارايي | CA7: مزاياي پايان خدمت و مرخصي كاركنان | CB7: بيمه سهم كارفرما و بيمه بيكاري | CC7: اياب وذهاب, سفر وفوق العاده ماموريت | CD7: كمكهاي غير نقدي | CE7: شیر و غذا پوشاک ، آبدارخانه و پذيرايي | CF7: پاداش هیئت مدیره | CG7: استهلاك داراييهاي ثابت مشهود | CH7: حمل و نقل | CI7: تعمير و نگهداري ساختمان, وسائط نقليه و اثاثه | CJ7: آب، برق, سوخت, تلفن و پست | CK7: بيمه دارایيهاي ثابت و موجودي كالا | CL7: کارمزد خدمات بانکی | CM7: اجاره محل | CN7: تبليغات و بازاريابي | CO7: مطالبات مشكوك الوصول | CP7: حقوق و مزایای تامین نیروی انسانی | CQ7: سایر | CR7: درآمد حاصل از ترویج فروش | CS7: ضایعات کالا | CT7: جوایز جنسی | CU7: خالص کسر و اضافی انبار | CV7: سایر | CW7: هزینه مالی | CX7: اصلاح مالیات عملکرد سال 1389 | CY7: پرداخت مالیات ارزش افزوده سال های 87 ، 91 ، 92 | CZ7: مالیات عوارض ارزش افزوده سال 93 الی 95 | DA7: سود ناشي از فروش دارایيهاي ثابت مشهود | DB7: سود و زیان ناشي از فروش دارایيهاي ثابت نامشهود | DC7: سود سپرده بانكي | DD7: سود سهام حاصل از سرمايه گذاريها | DE7: سود وزیان ناشی از تسعیر داراییهای وبدهیهای ارزی | DF7: درآمد حاصل از فروش ضایعات غیر دارویی | DG7: خسارت دریافتی از بیمه | DH7: درآمد حاصل از اجاره محل | DI7: مازاد ذخیره هزینه های بازآموزی وزارت بهداشت | DJ7: سایر
A8: کد حساب | B8: کد حساب | D8: بدهکار | E8: بستانکار | U8: 160004 | V8: 04-000051 | Y8: 11-000026 | Z8: 11-000022 | AA8: 11-000027 | AI8: 11-000015 | AS8: ساير | AU8: 10-000018
A9: =LEFT(B9,2) -> 10 | B9: 100001 | C9: صندوق ریالی | H9: =D9-E9 -> 0 | DK9: =SUM(F9:DJ9) -> 0 | DL9: =D9-E9-DK9 -> 0
A10: =LEFT(B10,2) -> 10 | B10: 100002 | C10: صندوق ارزی | H10: =$D10-$E10 -> 0 | DK10: =SUM(F10:DJ10) -> 0 | DL10: =D10-E10-DK10 -> 0
A11: =LEFT(B11,2) -> 10 | B11: 100003 | C11: تنخواه گردانها | I11: =$D11-$E11 -> 0 | DK11: =SUM(F11:DJ11) -> 0 | DL11: =D11-E11-DK11 -> 0
A12: =LEFT(B12,2) -> 10 | B12: 100004 | C12: بانکها | F12: =D12-E12+BN12+AP12 -> 0 | DK12: =SUM(F12:DJ12) -> 0 | DL12: =D12-E12-DK12 -> 0
A13: =LEFT(B13,2) -> 10 | B13: 100006 | C13: اوراق بهادار | DK13: =SUM(F13:DJ13) -> 0 | DL13: =D13-E13-DK13 -> 0
A14: =LEFT(B14,2) -> 10 | B14: 100007 | C14: وجوه در راه | DK14: =SUM(F14:DJ14) -> 0 | DL14: =D14-E14-DK14 -> 0
A15: 11 | B15: 110006 | C15: سرمایه گذاری کوتاه مدت | L15: =D15 -> 0 | DK15: =SUM(F15:DJ15) -> 0 | DL15: =D15-E15-DK15 -> 0
A16: =LEFT(B16,2) -> 12 | B16: 120001 | C16: اسناد در جریان وصول شرکتهای عضو گروه | DK16: =SUM(F16:DJ16) -> 0 | DL16: =D16-E16-DK16 -> 0
A17: =LEFT(B17,2) -> 12 | B17: 120002 | C17: اسناد دریافتنی تجاری شرکتهای عضو گروه | DK17: =SUM(F17:DJ17) -> 0 | DL17: =D17-E17-DK17 -> 0
A18: =LEFT(B18,2) -> 12 | B18: 120003 | C18: اسناد دریافتنی تجاری سایر شرکتها | DK18: =SUM(F18:DJ18) -> 0 | DL18: =D18-E18-DK18 -> 0
A19: =LEFT(B19,2) -> 12 | B19: 120004 | C19: اسناد در جریان وصول سایر شرکتها | DK19: =SUM(F19:DJ19) -> 0 | DL19: =D19-E19-DK19 -> 0
A20: =LEFT(B20,2) -> 12 | B20: 120020 | C20: اسناد در جریان وصول مشتریان | L20: =D20-AM20 -> 0 | DK20: =SUM(F20:DJ20) -> 0 | DL20: =D20-E20-DK20 -> 0
A21: =LEFT(B21,2) -> 12 | B21: 120030 | C21: اسناد دریافتنی مشتریان | L21: =D21-AM21 -> 0 | DK21: =SUM(F21:DJ21) -> 0 | DL21: =D21-E21-DK21 -> 0
A22: 12 | B22: 120040 | C22: اوراق خزانه اسلامی ( اخزا) | L22: =D22-AM22 -> 0 | DK22: =SUM(F22:DJ22) -> 0 | DL22: =D22-E22-DK22 -> 0
A23: =LEFT(B23,2) -> 12 | B23: 120500 | C23: ذخیره مطالبات مشکوک الوصول اسناد دریافتنی تجاری | DK23: =SUM(F23:DJ23) -> 0 | DL23: =D23-E23-DK23 -> 0
A24: =LEFT(B24,2) -> 13 | B24: 130001 | C24: بدهکاران تجاری شرکتهای عضو گروه | K24: =$D24-$E24 -> 0 | DK24: =SUM(F24:DJ24) -> 0 | DL24: =D24-E24-DK24 -> 0
A25: =LEFT(B25,2) -> 13 | B25: 130002 | C25: چکهای برگشتی شرکتهای عضو گروه | DK25: =SUM(F25:DJ25) -> 0 | DL25: =D25-E25-DK25 -> 0
A26: =LEFT(B26,2) -> 13 | B26: 130020 | C26: بدهکاران تجاری مشتریان | K26: =$D26-$E26+BK26-J26 -> 0 | DK26: =SUM(F26:DJ26) -> 0 | DL26: =D26-E26-DK26 -> 0
A27: =LEFT(B27,2) -> 13 | B27: 130021 | C27: بدهکاران تجاری | K27: =$D27-$E27 -> 0 | DK27: =SUM(F27:DJ27) -> 0 | DL27: =D27-E27-DK27 -> 0
A28: =LEFT(B28,2) -> 13 | B28: 130022 | C28: چکهای برگشتی مشتریان | K28: =$D28-$E28 -> 0 | DK28: =SUM(F28:DJ28) -> 0 | DL28: =D28-E28-DK28 -> 0
A29: =LEFT(B29,2) -> 13 | B29: 130023 | C29: بدهکاران تجاری حقوقی شده | K29: =$D29-$E29 -> 0 | DK29: =SUM(F29:DJ29) -> 0 | DL29: =D29-E29-DK29 -> 0
A30: =LEFT(B30,2) -> 13 | B30: 130024 | C30: چکهای برگشتی مشتریان حقوقی شده | K30: =$D30-$E30 -> 0 | DK30: =SUM(F30:DJ30) -> 0 | DL30: =D30-E30-DK30 -> 0
A31: =LEFT(B31,2) -> 13 | B31: 130025 | C31: اسناد قابل تعویض تجاری | K31: =$D31-$E31 -> 0 | DK31: =SUM(F31:DJ31) -> 0 | DL31: =D31-E31-DK31 -> 0
A32: =LEFT(B32,2) -> 13 | B32: 130026 | C32: اسناد عودت شده به مشتریان | K32: =$D32-$E32 -> 0 | DK32: =SUM(F32:DJ32) -> 0 | DL32: =D32-E32-DK32 -> 0
A33: =LEFT(B33,2) -> 13 | B33: 130500 | C33: ذخیره مطالبات مشکوک الوصول حسابهای دریافتنی تجاری | K33: =$D33-$E33 -> 0 | DK33: =SUM(F33:DJ33) -> 0 | DL33: =D33-E33-DK33 -> 0
A34: =LEFT(B34,2) -> 14 | B34: 140001 | C34: اسناد دریافتنی شرکتهای عضو گروه ( غیرتجاری ) | DK34: =SUM(F34:DJ34) -> 0 | DL34: =D34-E34-DK34 -> 0
A35: =LEFT(B35,2) -> 14 | B35: 140002 | C35: بدهی شرکتهای عضو گروه ( غیرتجاری ) | BJ35: =E29 -> 0 | DK35: =SUM(F35:DJ35) -> 0 | DL35: =D35-E35-DK35 -> 0
A36: =LEFT(B36,2) -> 14 | B36: 140003 | C36: بدهی شرکتهای تامین کننده ( غیرتجاری ) | DK36: =SUM(F36:DJ36) -> 0 | DL36: =D36-E36-DK36 -> 0
A37: =LEFT(B37,2) -> 14 | B37: 140019 | C37: اسناد دریافتنی | DK37: =SUM(F37:DJ37) -> 0 | DL37: =D37-E37-DK37 -> 0
A38: =LEFT(B38,2) -> 14 | B38: 140020 | C38: اسناد در جریان وصول | O38: =D38 -> 0 | DK38: =SUM(F38:DJ38) -> 0 | DL38: =D38-E38-DK38 -> 0
A39: =LEFT(B39,2) -> 14 | B39: 140021 | C39: چکهای برگشتی غیرتجاری | DK39: =SUM(F39:DJ39) -> 0 | DL39: =D39-E39-DK39 -> 0
A40: =LEFT(B40,2) -> 14 | B40: 140022 | C40: چکهای برگشتی حقوقی شده غیرتجاری | O40: =D40 -> 0 | DK40: =SUM(F40:DJ40) -> 0 | DL40: =D40-E40-DK40 -> 0
A41: =LEFT(B41,2) -> 14 | B41: 140023 | C41: بدهکاران غیرتجاری | O41: =D41-X41 -> 0 | DK41: =SUM(F41:DJ41) -> 0 | DL41: =D41-E41-DK41 -> 0
A42: =LEFT(B42,2) -> 14 | B42: 140024 | C42: بدهکاران سازمان امورمالیاتی- مالیات بر ارزش افزوده | N42: =D42-E42 -> 0 | DK42: =SUM(F42:DJ42) -> 0 | DL42: =D42-E42-DK42 -> 0
A43: =LEFT(B43,2) -> 14 | B43: 140025 | C43: بدهکاران سازمان امورمالیاتی- عوارض بر ارزش افزوده | N43: =D43-E43 -> 0 | DK43: =SUM(F43:DJ43) -> 0 | DL43: =D43-E43-DK43 -> 0
A44: =LEFT(B44,2) -> 14 | B44: 140026 | C44: اسناد قابل تعویض غیرتجاری | O44: =D44-E44 -> 0 | DK44: =SUM(F44:DJ44) -> 0 | DL44: =D44-E44-DK44 -> 0
A45: =LEFT(B45,2) -> 14 | B45: 140050 | C45: جاری کارکنان - وام مسکن | M45: =D45-AL45 -> 0 | DK45: =SUM(F45:DJ45) -> 0 | DL45: =D45-E45-DK45 -> 0
A46: =LEFT(B46,2) -> 14 | B46: 140051 | C46: جاری کارکنان - وام اتومبیل | M46: =D46-AL46 -> 0 | DK46: =SUM(F46:DJ46) -> 0 | DL46: =D46-E46-DK46 -> 0
A47: =LEFT(B47,2) -> 14 | B47: 140052 | C47: جاری کارکنان - وام ضروری | M47: =D47-AL47 -> 0 | DK47: =SUM(F47:DJ47) -> 0 | DL47: =D47-E47-DK47 -> 0
A48: =LEFT(B48,2) -> 14 | B48: 140053 | C48: جاری کارکنان - وام اضطراری | M48: =D48-AL48 -> 0 | DK48: =SUM(F48:DJ48) -> 0 | DL48: =D48-E48-DK48 -> 0
A49: =LEFT(B49,2) -> 14 | B49: 140054 | C49: جاری کارکنان - وام موبایل | M49: =D49-AL49 -> 0 | DK49: =SUM(F49:DJ49) -> 0 | DL49: =D49-E49-DK49 -> 0
A50: =LEFT(B50,2) -> 14 | B50: 140055 | C50: جاری کارکنان - پرداخت مدیریتی | M50: =D50-AL50 -> 0 | DK50: =SUM(F50:DJ50) -> 0 | DL50: =D50-E50-DK50 -> 0
A51: =LEFT(B51,2) -> 14 | B51: 140056 | C51: جاری کارکنان - وام ازدواج | M51: =D51-AL51 -> 0 | DK51: =SUM(F51:DJ51) -> 0 | DL51: =D51-E51-DK51 -> 0
A52: =LEFT(B52,2) -> 14 | B52: 140058 | C52: جاری کارکنان - بیمه درمان گروهی(دندانپزشکی) | M52: =D52-AL52 -> 0 | DK52: =SUM(F52:DJ52) -> 0 | DL52: =D52-E52-DK52 -> 0
A53: =LEFT(B53,2) -> 14 | B53: 140059 | C53: جاری کارکنان - خسارت درمان دریافتی از بیمه | M53: =D53-AL53 -> 0 | DK53: =SUM(F53:DJ53) -> 0 | DL53: =D53-E53-DK53 -> 0
A54: =LEFT(B54,2) -> 14 | B54: 140060 | C54: جاری کارکنان - بیمه درمان گروهی | M54: =D54-AL54 -> 0 | DK54: =SUM(F54:DJ54) -> 0 | DL54: =D54-E54-DK54 -> 0
A55: =LEFT(B55,2) -> 14 | B55: 140061 | C55: جاری کارکنان - بیمه عمرو حوادث | M55: =D55-AL55 -> 0 | DK55: =SUM(F55:DJ55) -> 0 | DL55: =D55-E55-DK55 -> 0
A56: =LEFT(B56,2) -> 14 | B56: 140062 | C56: جاری کارکنان - مساعده حقوق | M56: =D56-AL56 -> 0 | DK56: =SUM(F56:DJ56) -> 0 | DL56: =D56-E56-DK56 -> 0
... A66: =LEFT(B66,2) -> 14 | B66: 140073 | C66: جاری کارکنان - بدهی ناشی از اجرای احکام ( دیونی ) | M66: =D66-AL66 -> 0 | DK66: =SUM(F66:DJ66) -> 0 | DL66: =D66-E66-DK66 -> 0
A67: =LEFT(B67,2) -> 14 | B67: 140074 | C67: جاری کارکنان - بدهی به بانکها بابت وام خارج ازشرکت | M67: =D67-AL67 -> 0 | BJ67: =E61 -> 0 | DK67: =SUM(F67:DJ67) -> 0 | DL67: =D67-E67-DK67 -> 0
A68: =LEFT(B68,2) -> 14 | B68: 140077 | C68: جاری کارکنان - سایر | M68: =D68-AL68 -> 0 | BJ68: =E62 -> 0 | DK68: =SUM(F68:DJ68) -> 0 | DL68: =D68-E68-DK68 -> 0
A69: =LEFT(B69,2) -> 14 | B69: 140080 | C69: ذخیره مطالبات مشکوک الوصول حسابهای دریافتنی غیرتجا | O69: =D69-E69 -> 0 | DK69: =SUM(F69:DJ69) -> 0 | DL69: =D69-E69-DK69 -> 0
A70: =LEFT(B70,2) -> 15 | B70: 150010 | C70: موجودی کالا - انبار 001 | P70: =D70-E70 -> 0 | DK70: =SUM(F70:DJ70) -> 0 | DL70: =D70-E70-DK70 -> 0
A71: =LEFT(B71,2) -> 15 | B71: 150020 | C71: موجودی کالا - انبار 002 | P71: =D71-E71 -> 0 | DK71: =SUM(F71:DJ71) -> 0 | DL71: =D71-E71-DK71 -> 0
A72: =LEFT(B72,2) -> 15 | B72: 150030 | C72: موجودی کالا - انبار 003 ( مواد مخدر ) | P72: =D72-E72 -> 0 | DK72: =SUM(F72:DJ72) -> 0 | DL72: =D72-E72-DK72 -> 0
A73: =LEFT(B73,2) -> 15 | B73: 150040 | C73: موجودی کالا - انبار مراکز توزیع | P73: =D73-E73 -> 0 | DK73: =SUM(F73:DJ73) -> 0 | DL73: =D73-E73-DK73 -> 0
A74: =LEFT(B74,2) -> 15 | B74: 150042 | C74: موجودی کالا - انبارک مراکز توزیع | P74: =D74-E74 -> 0 | DK74: =SUM(F74:DJ74) -> 0 | DL74: =D74-E74-DK74 -> 0
A75: =LEFT(B75,2) -> 15 | B75: 150045 | C75: موجودی کالا - ناشی از تغییر نرخ | P75: =D75-E75 -> 0 | DK75: =SUM(F75:DJ75) -> 0 | DL75: =D75-E75-DK75 -> 0
A76: =LEFT(B76,2) -> 15 | B76: 150050 | C76: انبار لوازم و قطعات یدکی | R76: =D76-E76 -> 0 | DK76: =SUM(F76:DJ76) -> 0 | DL76: =D76-E76-DK76 -> 0
A77: =LEFT(B77,2) -> 15 | B77: 150060 | C77: انبار تدارکات | R77: =D77-E77 -> 0 | DK77: =SUM(F77:DJ77) -> 0 | DL77: =D77-E77-DK77 -> 0
A78: =LEFT(B78,2) -> 15 | B78: 150061 | C78: انبار ضایعات تدارکات | R78: =D78-E78 -> 0 | DK78: =SUM(F78:DJ78) -> 0 | DL78: =D78-E78-DK78 -> 0
A79: =LEFT(B79,2) -> 15 | B79: 150065 | C79: انبار رایانه | R79: =D79-E79 -> 0 | DK79: =SUM(F79:DJ79) -> 0 | DL79: =D79-E79-DK79 -> 0
A80: =LEFT(B80,2) -> 15 | B80: 150070 | C80: انبار کالای ضایعاتی | P80: =D80-E80 -> 0 | DK80: =SUM(F80:DJ80) -> 0 | DL80: =D80-E80-DK80 -> 0
A81: =LEFT(B81,2) -> 15 | B81: 150080 | C81: موجودی کالای در راه | DK81: =SUM(F81:DJ81) -> 0 | DL81: =D81-E81-DK81 -> 0
A82: =LEFT(B82,2) -> 15 | B82: 150099 | C82: سایر موجودیها | P82: =D82 -> 0 | DK82: =SUM(F82:DJ82) -> 0 | DL82: =D82-E82-DK82 -> 0
A83: =LEFT(B83,2) -> 15 | B83: 150520 | C83: انبارهای قرنطینه | DK83: =SUM(F83:DJ83) -> 0 | DL83: =D83-E83-DK83 -> 0
A84: =LEFT(B84,2) -> 16 | B84: 160001 | C84: سپرده نزد اشخاص حقوقی | W84: =D84-E84 -> 0 | DK84: =SUM(F84:DJ84) -> 0 | DL84: =D84-E84-DK84 -> 0
A85: =LEFT(B85,2) -> 16 | B85: 160002 | C85: سپرده نزد اشخاص حقیقی | W85: =D85-T85 -> 0 | DK85: =SUM(F85:DJ85) -> 0 | DL85: =D85-E85-DK85 -> 0
A86: =LEFT(B86,2) -> 16 | B86: 160003 | C86: پیش پرداخت خرید خدمات | W86: =D86-E86 -> 0 | DK86: =SUM(F86:DJ86) -> 0 | DL86: =D86-E86-DK86 -> 0
A87: =LEFT(B87,2) -> 16 | B87: 160004 | C87: پیش پرداخت خرید کالا | U87: =D87-E87 -> 0 | DK87: =SUM(F87:DJ87) -> 0 | DL87: =D87-E87-DK87 -> 0
A88: =LEFT(B88,2) -> 16 | B88: 160005 | C88: پیش پرداخت سرمایه ای | X88: =$D88-$E88 -> 0 | DK88: =SUM(F88:DJ88) -> 0 | DL88: =D88-E88-DK88 -> 0
A89: =LEFT(B89,2) -> 16 | B89: 160006 | C89: پیش پرداخت مالیات | W89: =D89 -> 0 | DK89: =SUM(F89:DJ89) -> 0 | DL89: =D89-E89-DK89 -> 0
A90: =LEFT(B90,2) -> 16 | B90: 160007 | C90: پیش پرداخت بیمه موجودی کالا | S90: =$D90-$E90 -> 0 | DK90: =SUM(F90:DJ90) -> 0 | DL90: =D90-E90-DK90 -> 0
A91: =LEFT(B91,2) -> 16 | B91: 160008 | C91: پیش پرداخت بیمه وسایط نقلیه | S91: =$D91-$E91 -> 0 | DK91: =SUM(F91:DJ91) -> 0 | DL91: =D91-E91-DK91 -> 0
A92: =LEFT(B92,2) -> 16 | B92: 160009 | C92: پیش پرداخت بیمه ساختمان و تاسیسات | S92: =$D92-$E92 -> 0 | DK92: =SUM(F92:DJ92) -> 0 | DL92: =D92-E92-DK92 -> 0
A93: =LEFT(B93,2) -> 16 | B93: 160010 | C93: پیش پرداخت بیمه اثاثه و منصوبات و ابزار و لوازم | S93: =$D93-$E93 -> 0 | DK93: =SUM(F93:DJ93) -> 0 | DL93: =D93-E93-DK93 -> 0
A94: =LEFT(B94,2) -> 16 | B94: 160014 | C94: پیش پرداخت پرونده های واحد حقوقی | W94: =D94-E94 -> 0 | DK94: =SUM(F94:DJ94) -> 0 | DL94: =D94-E94-DK94 -> 0
A95: =LEFT(B95,2) -> 20 | B95: 200001 | C95: زمین | X95: =D95-E95 -> 0 | DK95: =SUM(F95:DJ95) -> 0 | DL95: =D95-E95-DK95 -> 0
A96: =LEFT(B96,2) -> 20 | B96: 200002 | C96: ساختمان | X96: =D96-E96 -> 0 | DK96: =SUM(F96:DJ96) -> 0 | DL96: =D96-E96-DK96 -> 0
A97: =LEFT(B97,2) -> 20 | B97: 200003 | C97: تاسیسات | X97: =D97-E97 -> 0 | DK97: =SUM(F97:DJ97) -> 0 | DL97: =D97-E97-DK97 -> 0
A98: =LEFT(B98,2) -> 20 | B98: 200004 | C98: ماشینهای محاسب و الکترونیک | X98: =D98-E98 -> 0 | DK98: =SUM(F98:DJ98) -> 0 | DL98: =D98-E98-DK98 -> 0
A99: =LEFT(B99,2) -> 20 | B99: 200005 | C99: اثاثه | X99: =D99-E99 -> 0 | DK99: =SUM(F99:DJ99) -> 0 | DL99: =D99-E99-DK99 -> 0
A100: =LEFT(B100,2) -> 20 | B100: 200006 | C100: ابزار و لوازم فنی | X100: =D100-E100 -> 0 | DK100: =SUM(F100:DJ100) -> 0 | DL100: =D100-E100-DK100 -> 0
A101: =LEFT(B101,2) -> 20 | B101: 200007 | C101: وسایط نقلیه | X101: =D101-E101 -> 0 | DK101: =SUM(F101:DJ101) -> 0 | DL101: =D101-E101-DK101 -> 0
A102: =LEFT(B102,2) -> 20 | B102: 200008 | C102: ماشین آلات | X102: =D102-E102 -> 0 | DK102: =SUM(F102:DJ102) -> 0 | DL102: =D102-E102-DK102 -> 0
A103: =LEFT(B103,2) -> 20 | B103: 200100 | C103: دارائیهای در جریان تکمیل | X103: 0 | AG103: =-SUM(X103:AF103)+D103-AI103 -> 0 | DK103: =SUM(F103:DJ103) -> 0 | DL103: =D103-E103-DK103 -> 0
A104: =LEFT(B104,2) -> 20 | B104: 200502 | C104: ذخیره استهلاک ساختمان | X104: =D104-E104 -> 0 | DK104: =SUM(F104:DJ104) -> 0 | DL104: =D104-E104-DK104 -> 0
A105: =LEFT(B105,2) -> 20 | B105: 200503 | C105: ذخیره استهلاک تاسیسات | X105: =D105-E105 -> 0 | DK105: =SUM(F105:DJ105) -> 0 | DL105: =D105-E105-DK105 -> 0
A106: =LEFT(B106,2) -> 20 | B106: 200504 | C106: ذخیره استهلاک ماشینهای محاسب و الکترونیک | X106: =D106-E106 -> 0 | DK106: =SUM(F106:DJ106) -> 0 | DL106: =D106-E106-DK106 -> 0
A107: =LEFT(B107,2) -> 20 | B107: 200505 | C107: ذخیره استهلاک اثاثه | X107: =D107-E107 -> 0 | DK107: =SUM(F107:DJ107) -> 0 | DL107: =D107-E107-DK107 -> 0
A108: =LEFT(B108,2) -> 20 | B108: 200506 | C108: ذخیره استهلاک ابزار و لوازم فنی | X108: =D108-E108 -> 0 | DK108: =SUM(F108:DJ108) -> 0 | DL108: =D108-E108-DK108 -> 0
A109: =LEFT(B109,2) -> 20 | B109: 200507 | C109: ذخیره استهلاک وسایط نقلیه | X109: =D109-E109 -> 0 | DK109: =SUM(F109:DJ109) -> 0 | DL109: =D109-E109-DK109 -> 0
...

Sheet جامع
A1: ='سر برگ صفحات'!A1 -> شرکت داروسازان التیام (سهامی خاص)
A2: صورت سود و زيان جامع
A3: ='سر برگ صفحات'!A3 -> سال مالی منتهی به 30 اسفند 1403
I5: (تجدید ارائه شده) | K5: (تجدید ارائه شده)
D6: يادداشت | F6: ='سر برگ صفحات'!A4 -> دوره شش ماهه منتهی به 1398/06/31 | I6: ='سر برگ صفحات'!A5 -> دوره شش ماهه منتهی به 1397/06/31 | K6: ='سر برگ صفحات'!A6 -> سال 1399
F7: ميليون ريال | I7: ميليون ريال | K7: ميليون ريال
B8: سود خالص | F8: =سودوزيان!F19 -> -23062250215 | I8: =سودوزيان!#REF! -> #REF! | K8: =سودوزيان!H19 -> 2.7303155e+11
B9: سایر اقلام سود و زیان جامع :
B10: مازاد تجدید ارزیابی دارایی های ثابت مشهود | D10: 16
B11: تفاوت تسعیر ارز عملیات خارجی | D11: 32
B12: مالیات مربوط به سایر اقلام سود و زیان جامع
B13: سایر اقلام سود و زیان جامع سال پس از کسر مالیات | F13: =SUM(F9:F12) -> 0 | I13: =SUM(I9:I12) -> 0 | K13: =SUM(K9:K12) -> 0
B14: سود جامع سال | F14: =F8-F13 -> -23062250215 | I14: =I8-I13 -> #REF! | K14: =K8-K13 -> 2.7303155e+11
A17: ='سر برگ صفحات'!A15 -> يادداشتهاي توضيحي ، بخش جدایی ناپذیر صورت هاي مالي است .
A41: 3

Sheet اهم رويه2
A1: ='سر برگ صفحات'!A1 -> شرکت داروسازان التیام (سهامی خاص)
A2: ='سر برگ صفحات'!A16 -> يادداشتهاي توضيحي صورت هاي مالي
A3: ='سر برگ صفحات'!A3 -> سال مالی منتهی به 30 اسفند 1403
A4: -3-4-3 | B4: در صورت وجود نرخ های متعدد برای یک ارز، از نرخی برای تسعیر استفاده می شود که جریان های نقدی آتی ناشی از معامله یا مانده حساب مربوط، بر حسب آن تسویه می شود .اگر تبدیل دو واحد پول به یکدیگر به صورت موقت ممکن نباشد، نرخ مورد استفاده ، نرخ اولین تاریخی است که در آن، تبدیل امکان پذیر می شود .
A7: -3-4-4 | B7: دارایی ها و بدهی های عملیات خارجی به نرخ قابل دسترس ارز در تاریخ صورت وضعیت مالی و درآمدها و هزینه های آنها به نرخ ارز در تاریخ انجام معامله تسعیر می شود. تمام تفاوت های تسعیر حاصل، در صورت سود وزیان جامع شناسایی و تحت سرفصل حقوق مالكانه در صورت وضعیت مالی طبقه بندی می شود. مضافا تفاوت های تسعیر اقلام پولی که ماهیتا بخشی از خالص سرمایه گذاری در عملیات خارجی را تشکیل می دهد، در صورت سود وزیان جامع شناسایی و تا زمان واگذاری سرمایه گذاری، تحت سرفصل حقوق مالکانه در صورت وضعیت مالی طبقه بندی می شود.
A13: -3-5 | B13: مخارج تامین مالی
B14: مخارج تامین مالی در دوره وقوع به عنوان هزینه شناسایی می شود، به استثنای مخارجی که مستقیما قابل انتساب به تحصیل «دارایی های واجد شرایط» است.
A16: -3-6 | B16: دارایی های ثابت مشهود
A17: -3-6-1 | B17: داريي هاي ثابت مشهود، به استثناي موارد مندرج در يادداشت هاي 2-6-3 و 3-6-3،‌ بر مبناي بهاي تمام شده اندازه گیری می شود .مخارج بعدی مرتبط با دارایی های ثابت مشهود که موجب بهبود وضعیت دارایی در مقایسه با استاندارد عملکرد ارزیابی شده اولیه آن گردد ومنجر به افزایش منافع اقتصادی حاصل از دارایی شود ، به مبلغ دفتری دارایی اضافه و طی عمر مفید باقی مانده دارایی های مربوط مستهلک می شود .مخارج روزمره تعمیر و نگه داری دارایی ها که به منظور حفظ وضعيت دارایی در مقایسه با استاندارد عملکرد ارزیابی شده اولیه دارایی انجام می شود، در زمان وقوع به عنوان هزینه شناسایی می گردد .
A23: -3-6-2 | B23: ماشین آلات وتجهیزات برمبنای مبلغ تجدید ارزیابی در حساب ها انعکاس یافته است. تجدید ارزیابی در تاریخ ....... و با استفاده از کارشناسان مستقل، صورت پذیرفته است. تناوب تجدید ارزیابی به تغییرات ارزش منصفانه دارایی های تجدید ارزیابی شده بستگی دارد. چنانچه ارزش منصفانه دارایی های تجدید ارزیابی شده ، تفاوت با اهمیتی با مبلغ دفتری آن داشته باشد، تجدید ارزیابی بعدی ضرورت دارد. دوره تناوب تجدید ارزیابی .....ساله می باشد.
A27: -3-6-3 | B27: دارایی های ثابت مشهود تحصیل شده از طریق قرارداد اجاره به شرط تملیک، به «اقل ارزش منصفانه دارایی در آغاز اجاره وارزش فعلی حداقل مبالغ اجاره» اندازه گیری می شود. جهت محاسبه ارزش فعلی حداقل مبالغ اجاره، از نرخ ضمنی سود تضمین شده اجاره استفاده می گردد.
A39: 10

Sheet اهم رويه4
A1: ='سر برگ صفحات'!A1 -> شرکت داروسازان التیام (سهامی خاص)
A2: ='سر برگ صفحات'!A16 -> يادداشتهاي توضيحي صورت هاي مالي
A3: ='سر برگ صفحات'!A3 -> سال مالی منتهی به 30 اسفند 1403
A4: -3-8 | B4: سرمایه گذاری در املاک
B5: سرمایه گذاری در املاک به بهای تمام شده پس از کسر کاهش ارزش انباشته هریک از سرمایه گذاری ها اندازه گیری می شود .درآمد سرمایه گذاری در املاک، به ارزش منصفانه مابه ازای دریافتی یا دریافتنی به کسر مبالغ برآوردی از بابت برگشت از فروش وتخفیفات شناسایی می شود .سرمایه گذاری در املاک شامل سرمایه گذاری در زمین یا ساختماني است که عملیات ساخت و توسعه آن به اتمام رسیده و به جهت ارزش بالقوه ای که از نظر سرمایه گذاری دارد (افزایش ارزش واجاره)و نه به قصد استفاده توسط شرکت نگه داری می شود .
A10: -3-9 | B10: دارایی هاي نامشهود
A11: -3-9-1 | B11: دارایی های نامشهود برمبنای بهای تمام شده اندازه گیری و در حساب ثبت می شود. مخارجی از قبیل مخارج معرفی یک محصول یا خدمت جدید مانند مخارج تبلیغات، مخارج انجام فعالیت تجاری در یک محل جدید یا با یک گروه جدید از مشتریان مانند مخارج آموزش کارکنان، و مخارج اداری، عمومی وفروش در بهای تمام شده دارایی نامشهود منظور نمی شود .شناسایی مخارج در مبلغ دفتری یک دارایی نامشهود، هنگامی که دارایی آماده بهره برداری است، متوقف می شود. بنابراین، مخارج تحمل شده برای استفاده یا بکارگیری مجدد یک دارایی نامشهود، در مبلغ دفتری آن منظور نمی شود.
A16: -3-9-2 | B16: استهلاک دارایی های نامشهود با عمر مفید معین، با توجه به الگوی مصرف منافع اقتصادی آتی مورد انتظار مربوط و بر اساس نرخ ها و روش های زیر محاسبه می شود :
B18: نوع دارایی | D18: نرخ استهلاک | F18: روش استهلاک
B19: دانش فنی
B20: نرم افزار های رایانه ای
A30: 13

Sheet اهم رويه5
A1: ='سر برگ صفحات'!A1 -> شرکت داروسازان التیام (سهامی خاص)
A2: ='سر برگ صفحات'!A16 -> يادداشتهاي توضيحي صورت هاي مالي
A3: ='سر برگ صفحات'!A3 -> سال مالی منتهی به 30 اسفند 1403
A4: -3-10-4 | B4: تنها در صورتیکه مبلغ بازیافتنی یک دارایی از مبلغ دفتـــری آن کمتر باشد، مبلغ دفتری دارایی (یا واحد مولد وجه نقد) تا مبلغ باز یافتنی آن کاهش یافته و تفاوت به عنوان زیان کاهش ارزش بلافاصله در سود وزیان شناسایی می گردد، مگر اینکه دارایی تجدید ارزیابی شده باشد که در این صورت منجر به کاهش مبلغ مازاد تجدید ارزیابی مي گردد.
A8: -3-10-5 | B8: در صورت افزایش مبلغ بازیافتنی از زمان شناسایی آخرین زیان که بیانگر برگشت زیان کاهش ارزش دارایی (واحد مولد وجه نقد) می باشد، مبلغ دفتری دارایی تا مبلغ بازیافتنی جدید حداکثر تا مبلغ دفتری با فرض عدم شناسایی زیان کاهش ارزش در سال های قبل، افزایش می باید. برگشت زیان کاهش ارزش دارایی (واحد مولد وجه نقد) نیز بلافاصله در سود وزیان شناسایی می گردد. مگر اینکه دارایی تجدید ارزیابی شده باشد که در این صورت منجر به افزایش مبلغ مازاد تجدید ارزیابی می شود.
A14: -3-11 | B14: موجودی مواد وکالا
A15: -3-11-1 | B15: موجودی مواد وکالا بر مبنای «اقل بهای تمام شده وخالص ارزش فروش» هریک از اقلام/ گروه های اقلام مشابه اندازه گیری می شود. در صورت فزونی بهای تمام شده نسبت به خالص ارزش فروش، مابه التفاوت به عنوان زیان کاهش ارزش موجودی شناسایی می شود . بهای تمام شده موجودی ها با بکارگیری روش های زیر تعیین می گردد:
F20: روش مورد استفاده
B21: مواد اولیه وبسته بندی | F21: اولین صادره از اولین وارده
B22: کالای در جریان ساخت | F22: اولین صادره از اولین وارده
B23: کالای ساخته شده | F23: میانگین موزون
B24: قطعات ولوازم یدکی | F24: میانگین موزون
A26: -3-11-2 | B26: موجودی مواد اولیه و بسته بندی تا قبل از سال مالی **13 با بکارگیری روش میانگین موزون اندازه گیری می شد اما به دلیل ....................،از ابتدای سال **13 روش مزبور به روش " اولین صادره از اولین وارده " تغییر یافته و روش جدید با فرض تسری به سال های قبل اعمال شده است (یادداشت 2-41)
A30: -3-12 | B30: دارایی های غیر جاری نگه داری شده برای فروش
