Workbook
Name A: #REF!
Name A: #REF!
Name A: #REF!
Name A: #REF!
Name A: #REF!
Name A: #REF!
Name A: #REF!
Name A: #REF!
Name A: #REF!
Name A: #REF!
Name A: #REF!
Name A: #REF!
Name A: #REF!
Name A: #REF!
Name A: #REF!
Name A: #REF!
Name K488.: #REF!
Name K488.: #REF!
Name K488.: #REF!
Name K488.: #REF!
Name K488.: #REF!
Name K488.: #REF!
Name K488.: #REF!
Name K488.: #REF!
Name K488.: #REF!
Name K488.: #REF!
Name K488.: #REF!
Name K488.: #REF!
Name K488.: #REF!
Name K488.: #REF!
Name K488.: #REF!
Name K488.: #REF!
Name l: #REF!
Name l: #REF!
Name l: #REF!
Name l: #REF!
Name l: #REF!
Name l: #REF!
Name l: #REF!
Name l: #REF!
Name l: #REF!
Name l: #REF!
Name l: #REF!
Name l: #REF!
Name l: #REF!
Name l: #REF!
Name اات: #REF!
Name اات: #REF!
Name اات: #REF!
Name اات: #REF!
Name اات: #REF!
Name اات: #REF!
Name اات: #REF!
Name اات: #REF!
Name اات: #REF!
Name اات: #REF!
Name اات: #REF!
Name ت: #REF!
Name ت: #REF!
Name ت: #REF!

Sheet ص امضا
A1: شرکت داروسازی خوارزمی (سهامی خاص)
A2: صورتهاي مالي
A3: سال مالی منتهی به 30 اسفند 1403
A7: مجمع عمومی عادی صاحبان سهام
A8: با احترام
A9: به پیوست صورتهای مالی شرکت داروسازی خوارزمی (سهامی خاص ) مربوط به سال مالی منتهی به 30 اسفند 1403 تقدیم می گردد. اجزای تشکیل دهنده صورت های مالی به قرار زیر است.
L12: شماره صفحه
A13: • | B13: صورت سود و زیان | L13: 2
A14: • | B14: صورت وضعیت مالی | L14: 3
A15: • | B15: صورت تغییرات در حقوق مالکانه | L15: 4
A16: • | B16: صورت جریانهای نقدی | L16: 5
A17: • | B17: یادداشتهای توضیحی صورتهای مالی | L17: 6-39
A19: صورتهای مالی طبق استانداردهای حسابداری تهیه شده و در تاریخ 10/ 04/ 1404 به تائید هیات مدیره شرکت رسیده است.
A22: اعضای هیات مدیره | F22: سمت | K22: امضاء
A24: آقای دکتر پیمان ترحمی | F24: مدیر عامل و رئیس هیات مدیره
A26: آقای حمیدرضا رجبی خولکی | F26: نایب رئیس هیات مدیره
A28: آقای مهدی بهروزان | F28: عضو هیات مدیره
A33: 1

Sheet سودوزيان
A1: شرکت داروسازی خوارزمی (سهامی خاص)
A2: صورت سود و زيان
A3: سال مالی منتهی به 30 اسفند 1403
D6: يادداشت | F6: سال 1403 | H6: سال 1402
F7: ريال | H7: ريال
B8: عمليات در حال تداوم:
B9: درآمدهاي عملياتي | D9: 5 | F9: ='5'!H17 -> 7.7802168e+12 | H9: ='5'!L17 -> 7918324178970
B10: بهاي تمام شده درآمدهاي عملياتي | D10: 6 | F10: =-'6-1'!I34 -> -5666818827105 | H10: =-'6-1'!K34 -> -4.842614e+12 | K10: 187798078958
B11: سود ناخالص | F11: =SUM(F9:F10) -> 2.113398e+12 | H11: =SUM(H9:H10) -> 3.0757102e+12 | K11: 10157515249
B12: هزينه هاي فروش ، اداري و عمومي | D12: 7 | F12: ='6-2'!E53*-1 -> -565711325389 | H12: =-'6-2'!G53 -> -4.8035445e+11 | M12: 214534974846
B13: ساير درآمدها | D13: 8 | F13: ='8.9.10.11'!G12 -> 24102840311 | H13: ='8.9.10.11'!I12 -> 40297561007
B14: ساير هزينه ها | D14: 9 | F14: =-'8.9.10.11'!G24 -> -33007588412 | H14: =-'8.9.10.11'!I24 -> 0
B15: سود عملياتي | F15: =F11+F12+F13+F14 -> 1.5387819e+12 | H15: =SUM(H11:H14) -> 2.6356533e+12
B16: هزينه هاي مالي | D16: 10 | F16: =-'8.9.10.11'!G33 -> -350456102062 | H16: =-'8.9.10.11'!I33 -> -368228749228
B17: ساير درآمدها و هزينه هاي غيرعملياتي | D17: 11 | F17: ='8.9.10.11'!G43 -> 43486146002 | H17: ='8.9.10.11'!I43 -> 13919596124
B18: سود عملیات در حال تداوم قبل از مالیات | F18: =F15+F16+F17-1 -> 1.231812e+12 | H18: =SUM(H15:H17) -> 2.2813441e+12 | L18: =F18*0.25 -> 3.0795299e+11
B20: هزينه مالیات بر درآمد: | K20: =F18-22837331920-23353106087 -> 1.1856215e+12 | L20: =F18-'5-10'!F21-'8.9.10.11'!G41 -> 1.1386482e+12
B21: سال جاری | D21: 23 | F21: =-(F18-'8.9.10.11'!G38-'8.9.10.11'!G41-'8.9.10.11'!G9)*20% -> -2.371243e+11 | H21: =-568744101571 -> -568744101571
B22: سود خالص عملیات درحال تداوم | F22: =SUM(F18:F21) -> 9.9468765e+11 | H22: =SUM(H18:H21)-1 -> 1.7126e+12 | K22: =K20*20% -> 2.371243e+11 | L22: =L20*0.15 -> 1.7079723e+11
K25: =F18-'8.9.10.11'!G38-'8.9.10.11'!G9 -> 1.1856215e+12
A26: از آنجاییکه اجزای تشکیل دهنده سود و زیان جامع، محدود به سود خالص می باشد لذا صورت سود وزیان جامع ارائه نشده است.
A37: يادداشت هاي توضيحي همراه، بخش جدایی ناپذیر صورت هاي مالي است .
A40: 2

Sheet وضعيت مالي
B1: شرکت داروسازی خوارزمی (سهامی خاص)
B2: صورت وضعیت مالی
B3: به تاریخ 30 اسفند 1403
D5: يادداشت | F5: 1403/12/30 | H5: 1402/12/29
B6: دارايي ها | F6: ريال | H6: ريال | L6: نسبت جاری | M6: =F17/F36 -> 1.8267415
B7: دارائيهاي غير جاري : | L7: نسبت آنی | M7: =F15+F16 -> 6615250354664 | N7: =M7/F36 -> 1.3175934
B8: دارایی هاي ثابت مشهود | D8: 12 | F8: ='12-1'!AB16 -> 439656990010 | H8: ='12-1'!AB17 -> 480909584187 | L8: نسبت بدهی به ارزش افزوده | M8: =F37/F25*100 -> 121.19497 | N8: =F38/M8 -> 7.9353581e+10
B9: دارایی هاي نامشهود | D9: 13 | F9: ='13-14'!O20 -> 3818903919 | H9: ='13-14'!O21 -> 12042956142
B10: سرمايه گذاري هاي بلند مدت | D10: 14 | F10: ='13-14'!K30 -> 2245465728 | H10: ='13-14'!O30 -> 2245465728 | L10: نسبت حاشیه سود ناخالص | M10: =سودوزيان!F11/سودوزيان!F9*100 -> 27.163742
B11: جمع دارایی هاي غير جاري | F11: =SUM(F8:F10) -> 445721359657 | H11: =SUM(H8:H10) -> 495198006057 | L11: نسبت مالکانه | M11: =F25/F18*100 -> 45.208985
B12: دارایی هاي جاري : | L12: بازده دارایی | M12: =سودوزيان!F22/'وضعيت مالي'!F18*100 -> 10.34274
B13: پيش پرداخت ها | D13: 15 | F13: ='15'!J16 -> 205774526486 | H13: ='15'!L16 -> 317146340499 | L13: بازده فروش | M13: =سودوزيان!F22/سودوزيان!F9*100 -> 12.784832 | N13: =F13-H13 -> -111371814013
B14: موجودي مواد و كالا | D14: 16 | F14: ='15-16'!J76 -> 2350508618655 | H14: ='15-16'!L76 -> 3398553525339 | N14: =F14-H14 -> -1048044906684
B15: دریافتنی هاي تجاری و ساير دريافتني ها | D15: 17 | F15: ='17'!G34 -> 6547490849001 | H15: ='17'!I34 -> 4263156873776 | N15: =F15-H15 -> 2284333975225
B16: موجودی نقد | D16: 18 | F16: ='18'!H12 -> 67759505663 | H16: ='18'!J12 -> 170000824925
B17: جمع دارایی هاي جاري | F17: =SUM(F13:F16) -> 9171533499805 | H17: =SUM(H13:H16) -> 8148857564539
B18: جمع دارایی ها | F18: =F17+F11 -> 9617254859462 | H18: =H17+H11 -> 8644055570596
B19: حقوق مالکانه و بدهی ها
B20: حقوق مالکانه
B21: سرمايه | D21: 19 | F21: ='19-20-21'!P16 -> 847085000000 | H21: ='19-20-21'!P16 -> 847085000000
B22: افزایش سرمایه در جریان | F22: 0 | H22: 0
B23: اندوخته قانوني | D23: 20 | F23: ='حقوق مالكانه '!G29 -> 84708500000 | H23: ='حقوق مالكانه '!G29 -> 84708500000
B24: سود انباشته | F24: ='حقوق مالكانه '!I29 -> 3.4160698e+12 | H24: ='حقوق مالكانه '!I22 -> 2592642140732
B25: جمع حقوق مالکانه | F25: =SUM(F21:F24) -> 4.3478633e+12 | H25: =SUM(H21:H24) -> 3524435640732
B26: بدهی ها
B27: بدهی های غیر جاری
B28: ذخیره مزایای پایان خدمت کارکنان | D28: 21 | F28: ='19-20-21'!H32 -> 248684672487 | H28: ='19-20-21'!J32 -> 177158124384
B29: جمع بدهی های غیر جاری | F29: =SUM(F28:F28) -> 248684672487 | H29: =SUM(H28:H28) -> 177158124384
B30: بدهی های جاری
B31: پرداختنی های تجاری و سایر پرداختنی ها | D31: 22 | F31: ='22'!G47 -> 2820360521517 | H31: ='22'!I47 -> 2160379961990 | L31: 3007119917055 | N31: =F31-H31 -> 659980559527
B32: مالیات پرداختنی | D32: 23 | F32: ='23'!P26 -> 284864672465 | H32: ='23'!R26 -> 741103791934 | L32: =-L31 -> -3007119917055
B33: سود سهام پرداختنی | D33: 24 | F33: ='23'!H40 -> 919058527907 | H33: ='23'!J40 -> 747798525569
B34: تسهیلات مالی | D34: 25 | F34: ='25'!G11 -> 858891244323 | H34: ='25'!I11 -> 1132075227337
B35: پیش دریافت ها | D35: 26 | F35: ='26-27'!D17 -> 137531931952 | H35: ='26-27'!F17 -> 161104298650 | N35: =H35-F35 -> 23572366698
B36: جمع بدهی های جاری | F36: =SUM(F31:F35) -> 5020706898164 | H36: =SUM(H31:H35) -> 4942461805480
B37: جمع بدهی ها | F37: =F36+F29 -> 5269391570651 | H37: =H36+H29 -> 5119619929864
B38: جمع حقوق مالکانه و بدهی ها | F38: =F37+F25 -> 9.6172549e+12 | H38: =H37+H25 -> 8644055570596
A41: يادداشت هاي توضيحي همراه، بخش جدایی ناپذیر صورت هاي مالي است .
A50: 3
A51: 1 طبق بند 39 استاندارد حسابداري 1، در صورتي كه شركت(1) يك رويه حسابداري جديد را با تسري به گذشته بكار گيرد،‌(2) اقلامي از صورت هاي مالي را با تسري به گذشته تجديد ارائه نمايد يا(3) اقلامي در صورت هاي مالي را تجديد طبقه بندي كند و اين موارد اثر با اهميتي بر اطلاعات مندرج در صورت وضعيت مالي در ابتداي دوره قبل داشته باشد، بايد صورت وضعيت مالي به تاريخ ابتداي دوره قبل نيز ارائه گردد.
F58: =F38-F18 -> -0.1171875 | H58: =H38-H18 -> 0

Sheet حقوق مالكانه 
B1: شرکت داروسازی خوارزمی (سهامی خاص )
B2: صورت تغييرات در حقوق مالكانه
B3: =سودوزيان!A3 -> سال مالی منتهی به 30 اسفند 1403
D10: افزایش سرمایه در جریان | E10: سرمایه | G10: اندوخته قانونی | I10: سود انباشته | K10: جمع کل
D11: ریال | E11: ریال | G11: ریال | I11: ریال | K11: ریال
B12: مانده در1402/01/01 | D12: 0 | E12: 847085000000 | G12: 84708500000 | I12: =1565852030146 -> 1565852030146 | K12: =SUM(D12:J12) -> 2497645530146 | P12: =I12-#REF! -> #REF!
B13: تغییرات حقوق مالکانه درسال 1402
B14: سود خالص گزارش شده در صورتهای مالی سال 1402 | E14: - | G14: - | I14: 1712600023376 | K14: =SUM(E14:I14) -> 1712600023376 | P14: =113053622795-384922124 -> 112668700671
B15: اصلاح اشتباهات (یادداشت 27) | D15: 0 | I15: 0 | K15: =SUM(E15:I15) -> 0 | P15: =P14-I14 -> -1599931322705
B16: سود خالص تجدید ارائه شده سال 1402 | E16: 0 | G16: 0 | I16: =I14+I15+I12 -> 3278452053522 | K16: =K14+K15+K12 -> 4210245553522
B17: سود جامع سال 1399 | E17: =SUM(E16:E16) -> 0 | G17: =SUM(G16:G16) -> 0 | I17: =SUM(I16:I16) -> 3278452053522 | K17: =SUM(K16:K16) -> 4210245553522
B18: سود سهام مصوب | D18: 0 | E18: 0 | G18: 0 | K18: =SUM(E18:I18) -> 0
B19: افزایش سرمایه در جریان | D19: 0 | E19: 0 | G19: 0 | I19: 0 | K19: =SUM(D19:J19) -> 0
B20: تخصیص به اندوخته قانونی | D20: 0 | G20: 0 | I20: 0 | K20: =SUM(E20:I20) -> 0
B21: سود سهام مصوب | E21: - | G21: - | I21: -685809912791 | K21: =I21 -> -685809912791
B22: مانده در1402/12/29 | D22: =#REF!+D19 -> #REF! | E22: =E12 -> 847085000000 | F22: =F16+F20+F21 -> 0 | G22: =G12 -> 84708500000 | I22: =I16+I20+I21+1 -> 2592642140732 | K22: =K16+K20+K21+1 -> 3524435640732 | L22: =I22='وضعيت مالي'!H24 -> TRUE | M22: =K22='وضعيت مالي'!H25 -> TRUE | O22: =I22-I15 -> 2592642140732 | P22: 661052615941 | Q22: =P22-O22 -> -1931589524791
L23: =I22-'وضعيت مالي'!H24 -> 0 | M23: =K22-'وضعيت مالي'!H25 -> 0 | Q23: =Q22+I18 -> -1931589524791
B24: تغییرات حقوق مالکانه درسال 1403
B25: سود خالص سال 1403 | D25: 0 | E25: 0 | G25: 0 | I25: =سودوزيان!F22 -> 9.9468765e+11 | K25: =SUM(D25:I25) -> 9.9468765e+11
B26: سود سهام مصوب | D26: 0 | E26: 0 | G26: 0 | I26: 0 | K26: =SUM(E26:I26) -> 0
B27: تخصیص به اندوخته قانونی | D27: 0 | E27: 0 | G27: 0 | I27: =-G27 -> 0 | K27: =SUM(E27:I27) -> 0
B28: سود سهام مصوب | E28: 0 | G28: 0 | I28: -171260002338 | K28: =I28 -> -171260002338
B29: مانده در1403/12/30 | E29: =E22+E25+E26+E27 -> 847085000000 | G29: =G22+G25+G26+G27 -> 84708500000 | I29: =I22+I25+I27+I28 -> 3.4160698e+12 | K29: =SUM(E29:I29) -> 4.3478633e+12 | L29: =I29='وضعيت مالي'!F24 -> TRUE | M29: =K29='وضعيت مالي'!F25 -> TRUE | O29: =E29*0.1 -> 84708500000 | P29: =O29-G22 -> 0
B36: يادداشت هاي توضيحي همراه، بخش جدایی ناپذیر صورت هاي مالي است .
A38: 4

Sheet جريان هاي نقدي
A1: شرکت داروسازی خوارزمی (سهامی خاص)
A2: صورت جريان هاي نقدي
A3: =سودوزيان!A3 -> سال مالی منتهی به 30 اسفند 1403
C6: يادداشت | E6: 1403 | G6: 1402 | K6: 400043400825
E7: ريال | G7: ريال
B8: جریان های نقدی حاصل از فعاليتهاي عملياتي:
B9: نقد حاصل از عملیات | C9: 28 | E9: ='28-29'!D26 -> 1.202102e+12 | G9: ='28-29'!F26 -> 4.5578662e+11
B10: پرداخت های نقدی بابت مالیات بر درآمد | E10: =-693363422572 -> -693363422572 | G10: -310638127665 | K10: ='وضعيت مالي'!H32-سودوزيان!F21 -> 9.782281e+11 | M10: ='وضعيت مالي'!#REF!-سودوزيان!H21 -> #REF!
B11: جریان خالص ورود (خروج) نقد حاصل از فعالیت های عملیاتی | E11: =SUM(E9:E10) -> 5.0873861e+11 | G11: =SUM(G9:G10) -> 1.4514849e+11 | K11: =K10-'وضعيت مالي'!F32 -> 6.9336342e+11 | M11: =M10-'وضعيت مالي'!H32 -> #REF!
B12: جریان های نقدی حاصل از فعالیت های سرمایه گذاری : | M12: ='وضعيت مالي'!H32-سودوزيان!F21 -> 9.782281e+11
B13: دریافت های نقدی حاصل از فروش دارایی های ثابت مشهود | E13: 0 | G13: 0
B14: پرداخت های نقدی برای خرید دارایی های ثابت مشهود | E14: =-('12 اصلی'!AC14+'12 اصلی'!AC13) -> -33530285259 | G14: -56332605474 | M14: ='وضعيت مالي'!F32-'جريان هاي نقدي'!M12 -> -6.9336342e+11
B15: پرداخت های نقدی برای خرید دارایی های ثابت نامشهود | E15: ='13-14'!O12 -> 0 | G15: -3573000000
B16: دریافت های نقدی حاصل از سود سهام | E16: 0 | G16: 0
B17: دریافت های نقدی حاصل از سود سرمایه گذاری ها | E17: ='8.9.10.11'!G38 -> 23353106087 | G17: 6984252778
B18: پرداخت های نقدی حاصل از افزایش سرمایه گذاری ها | E18: ='وضعيت مالي'!H10-'وضعيت مالي'!F10 -> 0 | G18: 0
B19: دریافت وجوه پرداختی به شرکتهای وابسته | E19: 0 | G19: 0
B20: جریان خالص ورود (خروج) نقد حاصل از فعالیت های سرمایه گذاری | E20: =SUM(E13:E19) -> -10177179172 | G20: =SUM(G13:G19) -> -52921352696
B21: جریان های نقدی حاصل از فعاليتهاي تامین مالی : | K21: ='وضعيت مالي'!H34+'جريان هاي نقدي'!E25+'جريان هاي نقدي'!E26 -> 858891244323 | M21: =K21-'وضعيت مالي'!F34 -> 0
B22: تاثیر تغییرات نرخ ارز | E22: 0
B23: قرض الحسنه دریافتی از سهامداران | E23: 0
B24: تامین مالی (برداشت) توسط سهامداران | E24: 0 | G24: -45804204541 | K24: -29035656716
B25: دریافت های نقدی حاصل از تسهیلات | E25: 1617529278565 | G25: 2216670733439 | I25: =E25+'وضعيت مالي'!H34 -> 2749604505902 | K25: =G25 -> 2216670733439 | M25: 2621758752281
B26: پرداختهای نقدی بابت اصل تسهیلات | E26: =-I26 -> -1890713261579 | G26: -2102406054445 | I26: =I25-'وضعيت مالي'!F34 -> 1890713261579 | K26: =K25-'وضعيت مالي'!H34 -> 1084595506102 | M26: =M25+'وضعيت مالي'!H34 -> 3753833979618
B27: پرداختهای نقدی بابت سود و جریمه تسهیلات | E27: =سودوزيان!F16 -> -350456102062 | G27: =سودوزيان!H16 -> -368228749228 | M27: =M26-'وضعيت مالي'!F34 -> 2894942735295
B28: پرداختهاي نقدي بابت سود سهام | E28: 0 | G28: -3836632260
B29: جریان خالص ورود (خروج) نقد حاصل از فعالیت های تامین مالی | E29: =SUM(E22:E28) -> -623640085076 | G29: =SUM(G22:G28) -> -303604907035
B30: خالص (کاهش) در موجودی نقد | E30: =E11+E20+E29 -> -1.2507865e+11 | G30: =G11+G20+G29+1 -> -2.1137777e+11 | I30: =E30='وضعيت مالي'!F16-'وضعيت مالي'!H16 -> FALSE
B31: مانده موجودی نقد در ابتدای سال | E31: ='وضعيت مالي'!H16 -> 170000824925 | G31: 358815487614 | I31: ='وضعيت مالي'!F16-'وضعيت مالي'!H16 -> -102241319262 | J31: =E30-I31 -> -2.2837332e+10
B32: تاثیر تغییرات نرخ ارز | E32: ='8.9.10.11'!G9 -> 22837331920 | G32: 22563104580 | M32: =G33-E31 -> -0.49951172
B33: مانده موجودی نقد در پایان سال | E33: =E30+E31+E32 -> 6.7759506e+10 | G33: =G30+G31+G32-1 -> 1.7000082e+11 | K33: =E33-'وضعيت مالي'!F16 -> 0.35351562 | M33: =G33-'وضعيت مالي'!H16 -> -0.49951172
B34: معاملات غیر نقدی | C34: 28
E35: 0 | G35: =G33-'وضعيت مالي'!H16 -> -0.49951172
E37: =E33-'وضعيت مالي'!F16 -> 0.35351562
B45: يادداشت هاي توضيحي همراه، بخش جدایی ناپذیر صورت هاي مالي است .
A46: 5
E49: =E33-'وضعيت مالي'!F16 -> 0.35351562
A87: 9

Sheet تاريخچه
A1: شرکت داروسازی خوارزمی ( سهامی خاص )
A2: يادداشتهاي توضيحي صورتهاي مالي
A3: =سودوزيان!A3 -> سال مالی منتهی به 30 اسفند 1403
A5: -1 | B5: تاریخچه وفعالیت
A6: -1-1 | B6: تاریخچه
B7: شرکت داروسازی خوارزمی به شناسه ملی 10100378232در تاریخ 1342/09/13 به صورت شرکت سهامی خاص تاسیس شد و طی شماره8941 مورخ 1342/09/13 در اداره ثبت شرکت ها و مالکیت صنعتی تهران به ثبت رسید و متعاقبا از تاریخ 1342/09/13 شروع به بهره برداری نموده است . نشانی مرکز اصلی شرکت تهران شهرک استقلال ، خیابان شهید غلامرضا جلال؛ بن بست داروسازی خوارزمی پلاک 115 طبقه همکف با کدپستی 1389716512و محل فعالیت اصلی آن در شهر تهران واقع است .
A10: -1-2 | B10: فعالیت اصلی
C11: موضوع فعاليت شركت طبق ماده 2 اساسنامه عبارت است از " تهيه و يا خريد مواد اوليه داروئي و شیمیائی اعم از مواد اولیه خام ،
C12: نيمه ساخته و ساخته شده از داخل و يا خارج از كشور،ساخت دارو و محصولات بهداشتی و آرایشی و شیمیائی ، عرضه و فروش
C13: توليدات به بازارهاي داخلي و خارجي و هر گونه عملي كه بنحو مستقيم و يا غير مستقيم به موضوع فعاليت شركت مربوط
C14: و براي جريان عادي فعاليت شركت ضرروري باشد"
C15: فعاليت شركت به موجب پروانة بهره‌برداري شماره353/21/10672 مورخ سال 1335 كه توسط وزارت صنايع - اداره كل دارو صادر
C16: گرديده ، آغاز شده است.
A17: -1-3 | B17: تعداد کارکنان
B18: میانگین ماهانه تعداد کارکنان در استخدام و نیز تعداد کارکنان شرکت های خدماتی که بخشی از امور خدماتی شرکت را به عهده دارند، طی سال به شرح زیر بوده است :
H20: 1403 | J20: 1402
H21: نفر | J21: نفر
E22: کارکنان رسمی | H22: 8 | J22: 13
E23: کارکنان قراردادی | H23: 351 | J23: 392
H24: 359 | J24: =SUM(J22:J23) -> 405
H25: =SUM(H24:H24) -> 359 | J25: =SUM(J24:J24) -> 405
A27: -2 | B27: بکارگیری استاندارهای جدید و تجدید نظر شده:
A28: -2-1 | B28: آثار با اهمیت ناشی از بکارگیری استانداردهای حسابداری جدید و تجدید نظر شده که در سال جاری لازم الاجرا هستند به شرح ذیل میباشد.
A29: -2-1-1 | B29: استاندارد های حسابداری جدیدو تجدید نظر شده مصوب که هنوز لازم الاجرا نیستند:
B30: استاندارهای حسابداری شماره18و20و38و29و40و41و42 به ترتیب صورتهای مالی جداگانه سرمایگذاری درواحدهای تجاری وابسته و مشارکت های خاص ترکیب های تجاری صورتهای مالی تلفیقی ،مشارکت ها افشای منافع در واحدهای تجاری دیگر واندازگیری ارزش منصفانه که از1400 لازم اجرا میباشد براساس ارزیابی و برآرود های صورت گرفته استانداردهای فوق باتوجه به شرایط کنونی به طور کلی تاثیر قابل ملاحظه ای برشناخت اندازگیری و گزارشگری اقلام صورت مالی نخواهند داشت.
A31: -2-2 | C31: آثار احتمال آتی با اهمیت ناشی از اجرای استاندارد های حسابداری جدید و تجدید نظر شده مصوب که هنوز لازم الجرا نیستند به شرح زیر است:
A32: -2-2-2 | C32: استاندار حسابداری16آثار تغییر برنرخ ارز آثار با اهمیت ناشی از اجرای استاندارد حسابداری 16آثار تغییر در نرخ ارز صورتهای مالی درحال حاضر برای شرکت وجود ندارد.
F34: 6

Sheet 6 اهم رويه ها
A1: شرکت داروسازی خوارزمی (سهامی خاص)
A2: یادداشتهای توضیحی صورت های مالی
A3: =سودوزيان!A3 -> سال مالی منتهی به 30 اسفند 1403
A5: 3- اهم رویه های حسابداری
A6: 3-1- مبناي تهيه صورتهاي مالي
A7: صورتهاي مالي برمبناي بهاي تمام شده تاريخي تهيه شده است.
A8: 3-2-موجودي مواد و كالا
A9: موجودي مواد و كالا به ” اقل بهاي تمام شده و خالص ارزش فروش هر یک از اقلام مشابه ” اندازه گیری مي‌شود.
A10: در صورت فزوني بهاي تمام شده نسبت به خالص ارزش فروش ، ما به ‌التفاوت به عنوان زیان كاهش ارزش موجودي شناسايي مي ‌شود. بها ي تما م شدة موجوديها با بكارگيري روشهاي زير تعيين مي‌گردد:
E13: روش مورد استفاده
B14: مواد اوليه وبسته بندي | E14: ميانگين موزون سالانه
B15: كالاي در جريان ساخت | E15: ميانگين موزون سالانه
B16: كالاي ساخته شده | E16: ميانگين موزون سالانه
B17: قطعات و لوازم يدكي | E17: ميانگين موزون سالانه
A19: 3-3-سرمايه گذاري ها
C20: نوع سرمایه گذاری | E20: نحوه اندازه گیری
B21: سرمایه گذاری های بلند مدت | C21: سرمایه گذاری در اوراق بهادار | E21: بهای تمام شده به کسر کاهش ارزش انباشته هر یک از سرمایه گذاری ها
B22: سرمایه گذاری های جاری | C22: سرمایه گذاری سریع المعامله در بازار | E22: ارزش بازار مجموعه (پرتفوی) سرمایه گذاری ها
C23: سایر سرمایه گذاری های جاری | E23: اقل بهای تمام شده و خالص ارزش فروش هریک از سرمایه گذاری ها
C24: نوع سرمایه گذاری | E24: زمان شناخت درآمد
B25: انواع سرمایه گذاری ها | C25: سایر سرمایه گذاری های جاری و بلند مدت در سهام سایر شرکتها | E25: درزمان تصویب سود توسط مجمع عمومی صاحبان سهام شرکت سرمایه پذیر ( تاتاریخ صورت وضعیت مالی)
C26: سرمایه گذاری در سایر اوراق | E26: درزمان تحقق سود تضمین شده ( باتوجه به نرخ سود موثر)
A28: 3-4-دارایی های نامشهود
A29: 3-4-1- دارایی های نا مشهود، بر مبنای بهای تمام شده اندازه گیری و در حسابها ثبت می شود. مخارجی از قبیل مخارج معرفی یک محصول یا خدمت جدید مانند مخارج تبلیغات ، مخارج انجام فعالیت تجاری در یک محل جدید یا با دارایی نامشهود منظور نمی شود. شناسایی مخارج در مبلغ دفتری یک دارایی نامشهود، هنگامی که دارایی آماده بهره برداری است ، متوقف می شود . بنابراین ، مخارج تحمل شده برای استفاده یا بکارگیری مجدد یک دارایی نامشهود ، در مبلغ دفتری آن منظور نمی شود.
A35: 3-5- داراييهاي ثابت مشهود
A36: 3-5-1- داراييها ي ثابت مشهود بر مبناي بهاي تمام شده اند ازه گیری می شود . مخارج بعدی مرتبط با دارایی ها ی ثابت مشهود که موجب بهبود و ضعیت د ارا یی در مقا یسه با استاند ارد عملکرد ارزیابی شده اولیه آن گردد ومنجر به افزایش منافع اقتصادی حاصل از دارایی شود ، به مبلغ دفتری دارایی اضافه و طی عمر مفید باقیمانده دارایی های مربوط مستهلک می شود . مخارج روزمره تعمیر و نگهداری دارایی ها که به منظور حفظ وضعیت دارایی درمقایسه با استاندارد عملکرد ارزیابی شده اولیه دارایی انجام می شود ، در زمان و قو ع به عنوان هزينه‌شناسایی مي‌گردد.
A42: 7

Sheet 7ادامه
A1: شرکت داروسازی خوارزمی (سهامی خاص)
A2: یادداشتهای توضیحی صورت های مالی
A3: =سودوزيان!A3 -> سال مالی منتهی به 30 اسفند 1403
A5: 3-5-2- استهلاك دارايي هاي ثابت مشهود، باتوجه به الگوی مصرف منافع اقتصادی آتی مورد انتظار (شامل عمر مفید بر آوردی)
A6: دارایی های مربوط و با در نظر گرفتن قانون جدید ماده 149 اصلاحیه قانون مالياتهاي مستقيم مصوب 94/04/21 و
A7: براساس نرخها و روشهاي زير محاسبه مي‌شود:
B8: نوع دارایی | D8: نرخ استهلاك | F8: روش استهلاك
B9: ساختمان | D9: 25ساله | F9: مستقيم
B10: تأسيسات | D10: 0.08 | F10: نزولي
B11: ماشين آلات | D11: 10 ساله | F11: مستقيم
B12: اثاثه و منصوبات | D12: 10 ساله | F12: مستقيم
B13: ابزارآلات | D13: 4 ساله | F13: مستقيم
B14: قالبها | D14: 4 ساله | F14: مستقيم
B15: وسايل نقليه | D15: 25، 35 درصد | F15: نزولي
B16: لوازم آزمايشگاهي | D16: 0.1 | F16: نزولي
A17: 3-5-3- براي داراييهاي ثابتي كه طي ماه تحصيل مي‌شود و مورد بهره ‌برداري قرار مي‌گيرد ، استهلاك از اول ماه بعد محاسبه
A18: و در حسابها منظور مي‌شود. در مواردي كه هريك از داراييهاي استهلاك‌پذير پس از آمادگي جهت بهره‌برداري به علت
A19: تعطيل كار يا علل ديگر براي مدتي مورد استفاده قرار نگيرد، ميزان استهلاك آن براي مدت ياد شده معادل 30% نرخ
A20: استهلاك منعکس در جدول بالا ست.
A21: 3-6- ذخيرة مزاياي پايان خدمت كاركنان
A22: ذخيرة مزاياي پايان خدمت كاركنان بر اساس يك ماه آخرين حقوق ثابت و مزاياي مستمر براي هر سال خدمت آنان محاسبه و
A23: درحسابها منظور مي شود.
A24: 3-7-درآمد عملیاتی
A25: درآمد عملیاتی به ارزش منصفانه مابه ازای دریافتی یا دریافتنی وبه کسر مبالغ برآوردی از بابت برگشت ازفروش و تخفیفات
A26: اندازه گیری می شود.
A27: 3-7-1-درآمد عملیاتی حاصل از فروش کالا در زمان تحویل کالا به مشتری شناسایی می شود.
A28: 3-7-2-درآمد ارائه خدمات ، در زمان ارائه خدمات ، شناسایی می شود.
... A51: هیات مدیره با بررسی نگهداشت سرمایه و نقدینگی سرمایه و نقدینگی مورد نیاز ، قصد نکهداری سرمایه گذاری های بلند مدت برای مدت طولانی را دارد .این سرمایه گذاری های به قصد استفاده مستمر توسط شرکت نگهداری می شود و هدف آن نگهداری پرتفویی از سرمایه گذاری ها جهت تامین درآمد و یا رشد سرمایه گذاری برای شرکت است .
A52: 8

Sheet 5
A1: شرکت داروسازی خوارزمی (سهامی خاص)
A2: =تاريخچه!A2 -> يادداشتهاي توضيحي صورتهاي مالي | B2: =#REF! -> #REF!
A3: =سودوزيان!A3 -> سال مالی منتهی به 30 اسفند 1403 | B3: =#REF! -> #REF!
A4: 5-درآمدهاي عملياتي
E5: یادداشت | H5: 1403 | L5: 1402
H6: ريال | L6: ريال
B7: فروش خالص:
C8: داخلی:
D9: فروش ناخالص داخلی | E9: 1_5 | H9: =H29 -> 10916820404618 | L9: =L29 -> 9537785823292 | R9: =H9=H29 -> TRUE | S9: =L9=L29 -> TRUE
D10: فروش ناخالص صادراتی | E10: 2_5 | H10: =H39 -> 353451928071 | L10: =L39 -> 270633805359 | R10: =H10=H39 -> TRUE | S10: =L10=L39 -> TRUE
D11: فروش ناخالص | H11: =SUM(H9:H10) -> 11270272332689 | L11: =SUM(L9:L10) -> 9808419628651
D12: برگشت از فروش و تخفیفات داخلی | E12: 3_5 | H12: =H50*-1 -> -3438799588956 | L12: =L50*-1 -> -1856000581953 | R12: =H12=-H50 -> TRUE | S12: =L12=-L50 -> TRUE
D13: تخفیفات صادراتی | E13: 4_5 | H13: =H60*-1 -> -2.1097472e+11 | L13: =L60*-1 -> -103668967444 | R13: =H13=-H60 -> TRUE | S13: =L13=-L60 -> TRUE
D14: فروش خالص | H14: =SUM(H11:H13) -> 7.620498e+12 | L14: =SUM(L11:L13) -> 7848750079254
D15: خدمات کارمزدی | E15: 5_5 | H15: 168819820716 | L15: 69574099716 | R15: =H16=-H71 -> TRUE
D16: تخفیفات کارمزدی | E16: 6_5 | H16: =H71*-1 -> -9101038809 | L16: 0
H17: =SUM(H14:H16) -> 7.7802168e+12 | L17: =SUM(L14:L15) -> 7918324178970 | N17: =H17-سودوزيان!F9 -> 0 | O17: =L17-سودوزيان!H9 -> 0 | R17: =سودوزيان!F9=H17 -> TRUE | S17: =L17=سودوزيان!H9 -> TRUE
D20: 5-1- فروش ناخالص محصولات داخلی شامل اقلام زير مي باشد:
F21: تعداد | H21: 1403 | J21: تعداد | L21: 1402 | R21: =H10+H13 -> 1.4247721e+11 | S21: =L10+L13 -> 166964837915
H22: ريال | L22: ريال | R22: =H10+H13-'5-5'!E50 -> 0.3531189
D23: فروش قرص | F23: 12193272 | H23: 4501601456581 | J23: 8313802 | L23: 3637415516484
D24: فروش شربت | F24: 20808008 | H24: 3695271386635 | J24: 29210517 | L24: 4057086082460 | R24: =L10+L13 -> 166964837915
D25: فروش قطره | F25: 11021626 | H25: 1956051141522 | J25: 10237864 | L25: 1254682988050
D26: فروش کپسول | F26: 327269 | H26: 181078629154 | J26: 674600 | L26: 234856678390
D27: فروش اسپري | F27: 1661451 | H27: 569014159580 | J27: 1404806 | L27: 339148019908
D28: فروش پماد | F28: 147893 | H28: 13803631146 | J28: 177232 | L28: 14596538000
H29: =SUM(H23:H28) -> 10916820404618 | L29: =SUM(L23:L28) -> 9537785823292 | N29: =H29-H9 -> 0 | O29: =L29-L9 -> 0
D31: 5-2- فروش ناخالص محصولات صادراتی شامل اقلام زير مي باشد:
F32: تعداد | H32: 1403 | J32: تعداد | L32: 1402
H33: ريال | L33: ريال
D34: فروش قرص | F34: 634329 | H34: 168996462220 | J34: 278397 | L34: 62495538540
D35: فروش شربت | F35: 330619 | H35: 78422396937 | J35: 900662 | L35: 124340785307
D36: فروش قطره | F36: 545123 | H36: 47399574100 | J36: 1114320 | L36: 82868861300
D37: فروش کپسول | F37: 121000 | H37: 26375582500 | J37: 437 | L37: 928620212
D38: فروش اسپري | F38: 80040 | H38: 32257912314 | J38: - | L38: 0
H39: =SUM(H34:H38) -> 353451928071 | L39: =SUM(L34:L38) -> 270633805359 | N39: =H39-H10 -> 0 | O39: =L39-L10 -> 0
D41: 5-3-برگشت از فروش و تخفيفات داخلی شامل اقلام زير مي باشد.
H42: 1403 | L42: 1402
H43: ريال | L43: ريال
D44: تخفيفات و برگشت از فروش قرص | H44: 1623225011135 | L44: 646999538054
D45: تخفيفات و برگشت از فروش شربت | H45: =1125954678614+25777793004 -> 1151732471618 | L45: 585044029728
D46: تخفيفات و برگشت از فروش قطره | H46: =444703377846+28981457540 -> 473684835386 | L46: 266025070384
D47: تخفيفات و برگشت از فروش كپسول | H47: =63614923731+3673187853 -> 67288111584 | L47: 82977761892
D48: تخفيفات و برگشت از فروش اسپري | H48: =121502581279+500000 -> 121503081279 | L48: 270891278637
D49: تخفيفات و برگشت از فروش پماد | H49: 1366077954 | L49: 4062903258
H50: =SUM(H44:H49) -> 3438799588956 | L50: =SUM(L44:L49) -> 1856000581953 | N50: =H50+H12 -> 0 | O50: =L50+L12 -> 0
D52: 5-4- تخفيفات صادراتی شامل اقلام زير مي باشد.
H53: 1403 | L53: 1402
H54: ريال | L54: ريال
D55: تخفيفات و برگشت از فروش قرص | H55: 9.8411211e+10 | L55: 20547454286
D56: تخفيفات و برگشت از فروش شربت | H56: 4.4790597e+10 | L56: 53624525686
D57: تخفيفات و برگشت از فروش قطره | H57: 29421284019 | L57: 28957375262
D58: تخفيفات و برگشت از فروش كپسول | H58: 1.7605931e+10 | L58: 539612210
D59: تخفيفات و برگشت از فروش اسپري | H59: 20745693023 | L59: 0
H60: =SUM(H55:H59) -> 2.1097472e+11 | L60: =SUM(L55:L59) -> 103668967444 | N60: =H60+H13 -> 0 | O60: =L60+L13 -> 0
D62: 5-5 -عمده درآمد خدمات کارمزدی مربوط به شرکت های سینا پیشگام دارو نوین، پارس گيتا دارو، شرکت رویان دارو وحکیمان طب بوده که طبق قرارداد، تامین مواد اولیه ساخت به عهده شرکتهای مذبور و وظیفه شرکت ساخت محصول دارویی بوده است.
D66: 5-6- تخفيفات کارمزدی شامل اقلام زير مي باشد.
H67: 1403 | L67: 1402
H68: ريال | L68: ريال
D69: سیناپیشگام دارونوین | H69: 9091438252 | L69: 0
D70: سایر | H70: 9600557 | L70: 0
H71: =SUM(H69:H70) -> 9101038809
D72: 9

Sheet 5-5
A1: شرکت داروسازی خوارزمی(سهامی خاص)
A2: =تاريخچه!A2 -> يادداشتهاي توضيحي صورتهاي مالي | B2: =#REF! -> #REF!
A3: =سودوزيان!A3 -> سال مالی منتهی به 30 اسفند 1403 | B3: =#REF! -> #REF!
B8: 5-7-خالص درآمد عملیاتی به تفکیک وابستگی اشخاص:
E9: 1403 | I9: 1402
E10: درآمد عملیاتی | G10: درصد نسبت به کل | I10: درآمد عملیاتی | K10: درصد نسبت به کل
E11: ريال | I11: ريال
C12: اشخاص وابسته | E12: =5069706404634-1851134270372-47423060382 -> 3171149073880 | G12: =E12/E14*100 -> 40.759135 | I12: 3175532884389 | K12: =I12/I14*100 -> 40.103598 | N12: =E12-'5-10'!F9 -> -1898557330754 | O12: =N12-'5'!H12 -> 1540242258202
C13: سایر مشتریان | E13: =سودوزيان!F9-'5-5'!E12 -> 4.6090677e+12 | G13: =E13/E14*100 -> 59.240865 | I13: 4742791294581 | K13: =I13/I14*100 -> 59.896402 | O13: =N12/'5'!H12 -> 0.55209886
E14: =SUM(E12:E13) -> 7.7802168e+12 | G14: =SUM(G12:G13) -> 100 | I14: =SUM(I12:I13) -> 7918324178970 | K14: =SUM(K12:K13) -> 100 | N14: =E14-'5'!H17 -> 0 | P14: =E14='5'!H17 -> TRUE | Q14: =I14='5'!L17 -> TRUE
B16: 5-7-1- در سال مورد گزارش مبلغ 3،171،149 میلیون ریال فروش شرکت به دارو سازان التیام بوده است که تماما به ارزش منصفانه در دفاتر منعکس گردیده است.
B18: 5-8- | C18: جدول مقایسه ای درآمدهای عملیاتی و بهای تمام شده فروش داخلی:
E19: 1403 | M19: 1402
E20: درآمد عملیاتی | G20: بهای تمام شده | I20: سود ناخالص | K20: درصد سود ناخالص به درآمد عملیاتی | M20: درصد سود ناخالص به درآمد عملیاتی | O20: كنترل
E21: ريال | G21: ريال | I21: ريال | O21: ='5'!#REF!-'5-5'!E29 -> #REF! | P21: ='6'!K29-'5-5'!G29 -> #REF! | Q21: =سودوزيان!F11-'5-5'!I29 -> -2.1391076e+11
C22: فروش خالص:
C23: قرص | E23: 2878376445446 | G23: 2308026557840 | I23: =E23-G23 -> 570349887606 | K23: =I23/E23*100 -> 19.814986 | M23: 36
C24: شربت | E24: 2543538915017 | G24: 1610337864276 | I24: =E24-G24 -> 933201050741 | K24: =I24/E24*100 -> 36.689081 | M24: 51
C25: قطره | E25: 1482366306136 | G25: 837885110608 | I25: =E25-G25 -> 644481195528 | K25: =I25/E25*100 -> 43.476514 | M25: 42
C26: کپسول | E26: 113790517570 | G26: 116483865022 | I26: =E26-G26 -> -2693347452 | K26: =I26/E26*100 -> -2.3669349 | M26: -24
C27: اسپری | E27: 447511078301 | G27: 274198480069 | I27: =E27-G27 -> 173312598232 | K27: =I27/E27*100 -> 38.728113 | M27: -162
C28: پماد | E28: 12437553192 | G28: 3780192600 | I28: =E28-G28 -> 8657360592 | K28: =I28/E28*100 -> 69.606622 | M28: 40
E29: =SUM(E23:E28) -> 7478020815662 | G29: =SUM(G23:G28) -> 5150712070415 | I29: =SUM(I23:I28) -> 2327308745247 | K29: =I29/E29*100 -> 31.121988 | M29: 41 | O29: =E29='5'!H9+'5'!H12 -> TRUE
C34: خدمات کارمزدی | E34: 159718781907 | G34: 196307563357 | I34: =E34-G34 -> -36588781450 | K34: =I34/E34 -> -0.22908252 | M34: 0.1 | O34: =E34='5'!H15+'5'!H16 -> TRUE
E36: =E29+E34 -> 7637739597569 | G36: =G29+G34+G33+G32+G31 -> 5347019633772 | I36: =E36-G36 -> 2290719963797 | K36: =I36/E36 -> 0.29992119 | M36: 0.4
N37: =E29-'5'!H9-'5'!H12 -> 0
B38: 5-9- | C38: جدول مقایسه ای درآمدهای عملیاتی و بهای تمام شده فروش صادراتي:
E40: 1403 | M40: 1402
E41: درآمد عملیاتی | G41: بهای تمام شده | I41: سود ناخالص | K41: درصد سود ناخالص به درآمد عملیاتی | M41: درصد سود ناخالص به درآمد عملیاتی | N41: =G36+G50 -> 5666818827105 | O41: ='6-1'!I34 -> 5666818827105
E42: ريال | G42: ريال | I42: ريال | O42: =O41-N41 -> 0
C43: فروش خالص: | I43: =G43-E43 -> 0
C44: قرص | E44: 70585251315 | G44: 178972628147 | I44: =E44-G44 -> -108387376832 | K44: =I44/E44*100 -> -153.55528 | M44: -14
C45: شربت | E45: 33631800393 | G45: 73666440249 | I45: =E45-G45 -> -40034639856 | K45: =I45/E45*100 -> -119.03805 | M45: -37
C46: قطره | E46: 17978290081 | G46: 33980568775 | I46: =E46-G46 -> -16002278694 | K46: =I46/E46*100 -> -89.008903 | M46: -22
C47: کپسول | E47: 8769651526 | G47: 17754058173 | I47: =E47-G47 -> -8984406647 | K47: =I47/E47*100 -> -102.44884 | M47: -1
C48: اسپری | E48: 11512219291 | G48: 15425497989 | I48: =E48-G48 -> -3913278698 | K48: =I48/E48*100 -> -33.992392 | M48: 0
C49: پماد | E49: 0 | G49: 0 | I49: =E49-G49 -> 0 | K49: 0
E50: =SUM(E44:E49) -> 142477212606 | G50: =SUM(G44:G49) -> 319799193333 | I50: =SUM(I44:I49) -> -177321980727 | K50: =I50/E50*100 -> -124.45638 | M50: -26
N51: =N50-E50 -> -142477212606
A53: 10
A54: 10
A86: 18

Sheet 6
A1: شرکت داروسازی خوارزمی (سهامی خاص)
A2: =#REF! -> #REF!
A3: =سودوزيان!A3 -> سال مالی منتهی به 30 اسفند 1403
A4: 6- | B4: بهای تمام شده درآمدهای عملیاتی
E5: 1400 | M5: 1399
C6: یادداشت
E7: تولیدی | G7: بازرگانی | I7: ارائه خدمات | K7: جمع | M7: تولیدی | O7: بازرگانی | Q7: ارائه خدمات | S7: جمع
E8: ریال | G8: ریال | I8: ریال | K8: ریال | M8: ریال | O8: ریال | Q8: ریال | S8: ریال
B9: مواد مستقیم | C9: 6_1 | D9: =(E9-M9)/M9*100 -> 8.2192001 | E9: =E51 -> 2201052765346 | K9: =I9+E9 -> 2201052765346 | M9: 2.0338838e+12 | Q9: 3189103298 | S9: =SUM(M9:R9) -> 2.0370729e+12
B10: دستمزد مستقیم | C10: 6_3 | D10: =(E10-M10)/M10*100 -> #REF! | E10: ='6-2'!#REF! -> #REF! | I10: 0 | K10: =I10+E10 -> #REF! | M10: 1.2635901e+11 | Q10: 1.1542658e+09 | S10: =SUM(M10:R10) -> 127513277836
B11: سربار ساخت: | K11: =I11+E11 -> 0
B12: دستمزد ومزایا وامکانات رفاهی پرسنل | D12: =(E12-M12)/M12*100 -> 70.928916 | E12: 245613900788 | K12: =I12+E12 -> 245613900788 | M12: 143693592999 | S12: =SUM(M12:R12) -> 143693592999
B13: استهلاک | D13: =(E13-M13)/M13*100 -> 83.718144 | E13: 65298093724 | K13: =I13+E13 -> 65298093724 | M13: 35542539431 | S13: =SUM(M13:R13) -> 35542539431
B14: تعمیر ونگهداری | D14: =(E14-M14)/M14*100 -> 59.604418 | E14: 65074844649 | K14: =I14+E14 -> 65074844649 | M14: 40772583472 | S14: =SUM(M14:R14) -> 40772583472
B15: اجاره انبار واجاره وسایل نقلیه | D15: =(E15-M15)/M15*100 -> 92.399748 | E15: 21832779781 | K15: =I15+E15 -> 21832779781 | M15: 11347613515 | S15: =SUM(M15:R15) -> 11347613515
B16: آب ، برق ، تلفن و سوخت | D16: =(E16-M16)/M16*100 -> 97.090505 | E16: 9144663891 | K16: =I16+E16 -> 9144663891 | M16: 4639829756 | S16: =SUM(M16:R16) -> 4639829756
B17: ملزومات مصرفی | D17: =(E17-M17)/M17*100 -> 337.03933 | E17: 63535544907 | K17: =I17+E17 -> 63535544907 | M17: 14537717810 | S17: =SUM(M17:R17) -> 14537717810
B18: سایر موارد | D18: =(E18-M18)/M18*100 -> 78.609451 | E18: 152609681173 | K18: =I18+E18 -> 152609681173 | M18: 85443228320 | S18: =SUM(M18:R18) -> 85443228320
D19: 55 | E19: =SUM(E12:E18) -> 623109508913 | G19: =SUM(G12:G18) -> 0 | I19: =SUM(I12:I18) -> 0 | K19: =SUM(K12:K18) -> 623109508913 | M19: =SUM(M12:M18) -> 335977105303 | Q19: =SUM(Q12:Q18) -> 0 | S19: =SUM(S12:S18) -> 335977105303 | AB19: =Y19-S19 -> -335977105303
B20: هزینه های جذب نشده
B21: جمع هزینه های ساخت | E21: =E19+E10+E9 -> #REF! | I21: =I19+I10+I9 -> 0 | K21: =K19+K10+K9 -> #REF! | M21: =M19+M10+M9 -> 2.4962199e+12 | Q21: =Q19+Q10+Q9 -> 4.3433691e+09 | S21: =S19+S10+S9 -> 2.5005633e+12
B22: (افزایش) کاهش موجودی های در جریان ساخت | E22: ='15-16'!#REF!-'15-16'!L72 -> #REF! | K22: =I22+E22 -> #REF! | M22: -2.7735216e+10 | S22: =Q22+M22 -> -2.7735216e+10
B23: ضایعات غیر عادی | E23: 0 | K23: =I23+E23 -> 0 | M23: -8100549373 | S23: =M23+Q23 -> -8100549373
B24: بهای تمام شده ساخت | E24: =SUM(E21:E23) -> #REF! | G24: =SUM(G21:G23) -> 0 | I24: =SUM(I21:I23) -> 0 | K24: =SUM(K21:K23) -> #REF! | M24: =SUM(M21:M23) -> 2.4603841e+12 | Q24: =SUM(Q21:Q23) -> 4.3433691e+09 | S24: =SUM(S21:S23) -> 2.4647275e+12
B25: محصول خریداری شده | G25: 4152000000 | K25: =G25 -> 4152000000 | S25: 0
B26: (افزایش) کاهش موجودی های ساخته شده | E26: ='15-16'!#REF!-'15-16'!L71+2927040000 -> #REF! | G26: =-2927040000 -> -2927040000 | I26: 0 | K26: =E26+I26+G26 -> #REF! | M26: -313834694078 | Q26: 0 | S26: =M26+Q26 -> -313834694078
B27: سایر | E27: 0 | G27: 0 | I27: 0 | K27: =E27+I27+G27 -> 0 | M27: -48863021203 | Q27: 0 | S27: =M27+Q27 -> -48863021203
B28: بهای تمام شده مواد و ملزومات فروش رفته | C28: 6_4 | G28: 33466315354 | K28: =E28+I28+G28 -> 33466315354 | S28: 0
E29: =SUM(E24:E28) -> #REF! | G29: =SUM(G24:G28) -> 34691275354 | I29: =SUM(I24:I28) -> 0 | K29: =SUM(K24:K28) -> #REF! | M29: =SUM(M24:M27) -> 2.0976864e+12 | O29: =SUM(O24:O28) -> 0 | Q29: =SUM(Q24:Q27) -> 4.3433691e+09 | S29: =SUM(S24:S27) -> 2.1020298e+12
A32: 6-1- | B32: گردش مواد به شرح ذیل می باشد
E33: سال1400 | G33: سال1399
E34: ریال | G34: ریال
B35: موجودی کالای ابتدای دوره | E35: 1116656059148 | G35: 557193857105 | I35: =E35+G40 -> -120
B36: خرید طی دوره | E36: 2169035754939 | G36: 2623039548389
B37: سایر وارده ها (امانی) | E37: 165435492 | G37: 0
B38: کسر و اضافه انبار | E38: 109019574 | G38: 0
B39: آماده برای تولید | E39: =SUM(E35:E38) -> 3285966269153 | G39: =SUM(G35:G38) -> 3180233405494
B40: موجودی کالای پایان دوره | E40: -1041781676935 | G40: -1116656059268
B41: فروش طی دوره | E41: -31958515307 | G41: -18856771237
B42: کسر و اضافه انبار | E42: 0
B43: کالای امانی دیگران نزد ما | E43: 0 | G43: 5041965493
B44: ضایعات | E44: -2719142383 | G44: -12739983687
B45: تعدیلات | G45: 50333148
B46: سایر تولید
B47: سایر | E47: -4251881
B48: سایر آخر دوره
B49: سایر اول دوره | E49: 0
B50: مصارف هزینه | E50: -8449917301
B51: مواد مصرف شده | E51: =SUM(E39:E50) -> 2201052765346 | G51: =SUM(G39:G45) -> 2037072889943
A57: 6-1-1- | B57: در سال مورد گزارش مبلغ 1.607.630 میلیون ریال (سال قبل 1.607.630 میلیون ریال) مواد اولیه خریداری شده است. تامین کنندگان اصلی مواد اولیه (بیش از 10 درصد خرید) به تفکیک کشور و مبلغ خرید به شرح ذیل است:
E59: 1400 | I59: 1399
B60: نوع مواد اولیه | C60: کشور | E60: ریال | G60: درصد نسبت به کل خرید سال | I60: ریال | K60: درصد نسبت به کل خرید سال
B61: مواد اولیه و بسته بندی | C61: ایران | E61: =674387269274+1305224681604 -> 1979611950878 | G61: =E61/2623039548389*100 -> 75.470153 | I61: 2163869376527 | K61: 76.24
B62: ماده موثره دارو | C62: هند | E62: 62886208386 | G62: =E62/2623039548389*100 -> 2.3974556 | I62: 71873407184 | K62: 10
B63: ماده موثره دارو | C63: چین | E63: 109823100438 | G63: =E63/2623039548389*100 -> 4.1868641 | I63: 288492096535 | K63: 10
B64: ماده موثره دارو | C64: ترکیه فرانسه | E64: 8221067160
B65: ماده موثره دارو | C65: سایر | E65: 8493428077 | G65: =E65/2623039548389*100 -> 0.32380099 | I65: 98804668143 | K65: 4
E66: =SUM(E61:E65) -> 2169035754939 | I66: =SUM(I61:I65) -> 2623039548389
A68: 6-2-1 تامین کننده گان عمده مواد اولیه شرکتهای کیمیا گران امروز، تولید مواد اولیه دارو پخش( تماد)، کیمیا اثر، ثمین دارو ،انتی بیوتیک سازی ،کالا برچسب ،مفید شیشه ،شیشه رازی سینا کالای شمس که به تریتب 384.587 ، 104.564 ، 101.595، 61.661 ، 84.415 ، 1.727 ، 175.908، 21.727 ،18052 ملیون ریال میباشد.
B77: 11

Sheet 5-10
A1: شرکت داروسازی خوارزمی (سهامی خاص)
A2: یادداشت های توضیحی صورتهای مالی
A3: سال مالی منتهی به 30 اسفند 1403
B5: 5-10- | C5: فروش ناخالص داخلی به تفکیک مشتری:
F6: 1403 | H6: 1402
F7: ريال | H7: ريال
C8: اشخاص وابسته:
C9: شرکت داروسازان التیام | F9: 5069706404634 | H9: 4024760946522
C10: سایر اشخاص:
C11: شرکت پخش البرز | F11: 1152498247480 | H11: 769807064268
C12: شرکت پخش هجرت | F12: 932005817426 | H12: 592260677101
C13: شرکت پخش سراسری یارا طب ثامن | F13: 611233997615 | H13: 316637661472
C14: پخش دایا دارو | F14: 603987158023 | H14: 427270787256
C15: شرکت پخش قاسم ایران | F15: 475469527079 | H15: 274812902697
C16: بهستان پخش | F16: 444544746100 | H16: 540276406680
C17: شرکت سلامت پخش هستی | F17: 374083905777 | H17: 503991934801
C18: شرکت پخش محیا دارو | F18: 274297955557 | H18: 102080231229
C19: پخش سراسری ممتاز | F19: 190388915504 | H19: 394618147420
C20: شرکت پخش رازی | F20: 111589949210 | H20: 632770080027
C21: شرکت پخش فردوس | F21: 93163750474 | H21: 245167987073
C22: دارو گستر طوبی | F22: 36033712300 | H22: 148021747500
... C24: سایر | F24: 543066317439 | H24: 44242365765
F25: =SUM(F9:F24) -> 10916820404618 | H25: =SUM(H9:H24) -> 9537785823292 | L25: =F25='5'!H9 -> TRUE | M25: =H25='5'!L9 -> TRUE
B27: 5-11-جدول فروش خالص صادراتی به تفکیک گروه کالایی و کشور: | F27: 1403 | H27: 1402
B29: ردیف | C29: نام شرکت | D29: کشور | E29: گروه کالا | F29: مبلغ ریالی | H29: مبلغ ریالی
B30: 1 | C30: نوین فارما لیمیتد | D30: افغانستان | E30: قرص | F30: 69137337062 | H30: 13390197774
E31: شربت | F31: 17769033139 | H31: 51478609622
E32: قطره | F32: 18110887000 | H32: 51903461038
E33: کپسول | F33: 12729772992 | H33: 0
E34: اسپری | F34: 5823790100 | H34: 0
B35: 2 | C35: شرکت دارویی امین اعلاء | D35: سومالی | E35: قرص | F35: 6586774620 | H35: 4031300000
E36: شربت | F36: 7956946593 | H36: 16266735000
E37: قطره | F37: 337805000 | H37: 900000000
E38: کپسول | F38: 6756100 | H38: 0
B39: 3 | C39: شرکت تامیریس (آقای موتولو مجیداف) | D39: تاجیکستان | E39: قرص | F39: 0 | H39: 12370946481
E40: شربت | F40: 0 | H40: 2970915000
E41: قطره | F41: 0 | H41: 1108025000
B42: 4 | C42: TEC PHARMA SPAIN | D42: اسپانیا | E42: قرص | F42: 4018110000 | H42: 0
B43: 5 | C43: Achi Drugstore | D43: سوریه | E43: کپسول | F43: 0 | H43: 389008000
B44: 6 | C44: SA VIOURS PHARMA | D44: اربیل-عراق | E44: قرص | F44: 0 | H44: 12155640000
B45: جمع کل | F45: =SUBTOTAL(9,F30:F44) -> 142477212606 | H45: =SUBTOTAL(9,H30:H44) -> 166964837915 | L45: =F45='5-5'!E50 -> TRUE | M45: =H45='5'!S21 -> TRUE
M46: =H45-'5'!S21 -> 0
B47: 5-12-نحوه تعیین نرخ فروش براساس مجوز سازمان غذا ودارو صادر می شود.
A48: 11
B62: 11
A69: 18

Sheet 6-1
A1: شرکت داروسازی خوارزمی (سهامی خاص)
A2: يادداشتهاي توضيحي صورت هاي مالي
A3: سال منتهی به 30 اسفند1403
A4: 6- | B4: بهای تمام شده درآمدهای عملیاتی
C5: یادداشت | I5: 1403 | K5: 1402
I6: ریال | K6: ریال
B7: مواد مستقیم | C7: 6_1 | I7: 3254533296155 | K7: 3895387018547
B8: دستمزد مستقیم | C8: 6-2 | I8: 346380535332 | K8: 319047792173
B9: کارمزد پیمانکاری | I9: 2614590000 | K9: 3521936000
B10: سربار ساخت:
B11: دستمزد | I11: 459974821773 | K11: 412826438821
B12: ایاب ذهاب کارکنان | I12: 116374132011 | K12: 5.4692436e+10
B13: بیمه سهم کارفرما | I13: 106609412986 | K13: 7.3385161e+10
B14: تعمیر ونگهداری | I14: 105980185665 | K14: 1.7063292e+11
B15: استهلاک | I15: 61414443701 | K15: 6.1158221e+10
B16: باز خرید سنوات | I16: 59130201818 | K16: 4.3153377e+10
B17: ملزومات مصرفی | I17: 57036224299 | K17: 88580341455
B18: اجاره انبار واجاره وسایل نقلیه | I18: 36462987564 | K18: 2.0030829e+10
B19: عیدی | I19: 32298533984 | K19: 2.7519056e+10
B20: آب ، برق ، تلفن و سوخت | I20: 19265148322 | K20: 8.8997306e+09
B21: غذای کارکنان | I21: 14091716537 | K21: 2.2740376e+10
B22: هزینه های حقوقی و ثبتی | C22: 6-3 | I22: 11725587499 | K22: 1.1256709e+10
B23: خدمات اینترنتی و پشتیبانی سیستمهای نرم افزاری | I23: 10609569258 | K23: 1.2470978e+10
B24: کمکهای غیر نقدی | I24: 14333128166 | K24: 6.513397e+10
B25: تحقیقات ، آزمایشات و مواد نمونه | I25: 4551638863 | K25: 1.3508234e+10
B26: سایر موارد | I26: 384045534755 | K26: 4.2026601e+11
I27: =SUM(I11:I26) -> 1493903267201 | K27: 1.5062548e+12
B28: جمع هزینه های ساخت | I28: =I7+I8+I27+I9 -> 5097431688688 | K28: 5.7242115e+12
B29: (افزایش) کاهش موجودی های در جریان ساخت | I29: 123223716589 | K29: -122094442860
B30: بهای تمام شده ساخت | I30: =SUM(I28:I29) -> 5220655405277 | K30: 5.6021171e+12
B31: محصول خریداری شده | I31: 0 | K31: 0
B32: (افزایش) کاهش موجودی های ساخته شده | I32: 482838095298 | K32: -729706068200
B33: سایر | I33: -36674673470 | K33: -29797003546
B34: بهای تمام شده مواد و ملزومات فروش رفته | I34: =SUM(I30:I33) -> 5666818827105 | K34: 4.842614e+12 | P34: =I34+سودوزيان!F10 -> 0 | Q34: =K34+سودوزيان!H10 -> 0
A46: 6-1- | B46: گردش مواد به شرح ذیل می باشد
I47: سال1403 | K47: سال1402
I48: ریال | K48: ریال
B49: موجودی کالای ابتدای دوره | I49: 1843044930332 | K49: 1118035649634
B50: خرید طی دوره | C50: 6-1-1 | I50: =E70 -> 2899918129650 | K50: 4658635344751
B51: کسر و اضافه انبار | I51: 288480655 | K51: -12496327
B53: آماده برای تولید | I53: =SUM(I49:I52) -> 4743251540637 | K53: 5776658498058
B54: موجودی مواد پایان دوره | I54: -1414783017001 | K54: -1821638916854
B55: موجودی مواد پایان دوره در جریان | I55: -41562482324 | K55: -21406813478
B56: فروش طی دوره | I56: -22297152857 | K56: -9282748866
B57: ضایعات | I57: -3550451906 | K57: -22465868697
B58: تعدیلات | I58: -6525140394 | K58: -6477131616
B59: مواد مصرف شده | I59: =SUM(I53:I58) -> 3254533296155 | K59: 3895387018547 | P59: =I59=I7 -> TRUE | Q59: =K59=K7 -> TRUE
A62: 6-1-1- | B62: در سال مورد گزارش مبلغ2،899،918 میلیون ریال (سال قبل4،658،635 میلیون ریال) مواد اولیه خریداری شده است. تامین کنندگان اصلی مواد اولیه (بیش از 10 درصد خرید) به تفکیک کشور و مبلغ خرید به شرح ذیل است:
E64: 1403 | I64: 1402
B65: نوع مواد اولیه | C65: کشور | E65: ریال | G65: درصدنسبت به کل خرید سال | I65: ریال | K65: درصدنسبت به کل خرید سال
B66: مواد اولیه و بسته بندی | C66: ایران | E66: 2615822207605 | G66: =E66/E$70 -> 0.90203312 | I66: =2080052367170+2395722289821-4829768126 -> 4470944888865 | K66: =I66/I$70 -> 0.95971128
B67: ماده موثره دارو | C67: هند | E67: 43782063332 | G67: =E67/E$70 -> 0.015097689 | I67: 62422941548 | K67: =I67/I$70 -> 0.013399405
B68: ماده موثره دارو | C68: چین | E68: 169408349116 | G68: =E68/E$70 -> 0.058418321 | I68: 61741859798 | K68: =I68/I$70 -> 0.013253207
B69: ماده موثره دارو | C69: سایر | E69: 70905509597 | G69: =E69/E$70 -> 0.024450866 | I69: 63525654540 | K69: =I69/I$70 -> 0.013636108
E70: =SUM(E66:E69) -> 2899918129650 | I70: =SUM(I66:I69) -> 4658635344751 | P70: =E70=I50 -> TRUE | Q70: =I70=K50 -> TRUE
A77: 12

Sheet 6-2
A1: شرکت داروسازی خوارزمی (سهامی خاص)
A2: =تاريخچه!A2 -> يادداشتهاي توضيحي صورتهاي مالي
A3: =سودوزيان!A3 -> سال مالی منتهی به 30 اسفند 1403
A5: 6-2 | B5: اطلاعات مربوط به دستمزد مستقیم به شرح ذیل است:
E6: 1403 | G6: 1402
E7: ریال | G7: ریال
B8: حقوق و دستمزد ومزایا | E8: 262268051439 | G8: 255456225470
B9: بیمه سهم کارفرما وبیکاری | E9: 53210975697 | G9: 43626102625
B10: مزایای پایان خدمت کارکنان | E10: 30901508196 | G10: 19965464078
E11: =SUM(E8:E10) -> 346380535332 | G11: =SUM(G8:G10) -> 319047792173 | P11: =E11='6-1'!I8 -> TRUE | Q11: =G11='6-1'!K8 -> TRUE
A13: 6-2-1- | B13: افزایش هزينه حقوق و دستمزد مستقيم نسبت به سال 1402 ناشي از افزایش قانونی حقوق و دستمزد مي باشد
A15: 6-3 | B15: هزینه فوق بابت کارمزد بارگذاری مستندات قانونی محصولات تولید شده در هر بچ شامل کد IRC و XML در سامانه تی تک سازمان غذا و دارو می باشد.
A17: 6-4 | B17: ظرفیت اسمی و قابل دسترس:
B18: گروه محصولات | C18: واحد سنجش | D18: ظرفیت اسمی 3 شیفت | E18: ظرفیت اسمی 1 شیفت | G18: ظرفیت قابل دسترس | I18: تولید واقعی 1403 | K18: تولید واقعی 1402
B19: قرص | C19: عدد | D19: 2227100000 | E19: 742366667 | G19: 784067012 | I19: 540984437 | K19: 656013629
B20: شربت | C20: عدد | D20: 54000000 | E20: 18000000 | G20: 25676366 | I20: 19224894 | K20: 32222024
B21: قطره | C21: عدد | D21: 33000000 | E21: 11000000 | G21: 13272691 | I21: 9660374 | K21: 12580629
B22: اسپری | C22: عدد | D22: 4200000 | E22: 1400000 | G22: 1790056 | I22: 1681099 | K22: 1597454
B23: کپسول | C23: عدد | D23: 153000000 | E23: 51000000 | G23: 29466523 | I23: 4954501 | K23: 19134600
B24: جمع کل | C24: عدد | D24: =SUM(D19:D23) -> 2471300000 | E24: =SUM(E19:E23) -> 823766667 | G24: =SUM(G19:G23) -> 854272648 | I24: =SUM(I19:I23) -> 576505305
A26: 7- | B26: هزینه های فروش ، اداری و عمومی
C27: یادداشت | E27: 1403 | G27: 1402
E28: ریال | G28: ریال
B29: هزینه های فروش و توزیع:
B30: حقوق و دستمزد و مزایا | C30: 7-1 | E30: 318471463040 | G30: 2.2317027e+11
B31: بيمه سهم كارفرما وبيكاري | E31: 56975722143 | G31: 4.2274599e+10
B32: مزاياي پايان خدمت كاركنان | E32: 33559040495 | G32: 2.2197688e+10
B33: سایر مزایای کارکنان | C33: 7-2 | E33: 25319537483 | G33: 4.8884802e+10
B34: هزينه حق الزحمه خدمات | C34: 7-3 | E34: 22012510090 | G34: 1.0478428e+10
B35: استهلاک | C35: 7-4 | E35: 21592487958 | G35: 2.4029269e+10
B36: هدایا ، جوایز و تشویقات | E36: 18802544044 | G36: 6.6804081e+09
B37: هزینه بازاریابی وفروش | C37: 7-5 | E37: 12084808942 | G37: 3.2262843e+10
B38: سيستمهاي نرم افزاري | E38: 9053816723 | G38: 6.9705625e+09
B39: تعمير و نگهداري دارائيها | C39: 7-6 | E39: 8285862648 | G39: 1.9495885e+10
B40: ملزومات | C40: 7-7 | E40: 3368740126 | G40: 11510946574
B41: آگهي و تبليغات و نمايشگاه | E41: 2643343000 | G41: 4.7050066e+09
B42: اجاره محل | E42: 2552387436 | G42: 1.4021461e+09
B43: عوارض | E43: 2478206225 | G43: 2.4462215e+08
B44: نمونه و تحقیقات | E44: 1915300521 | G44: 1.7954666e+09
B45: حمل و نقل ترخیص و بارگیری | E45: 1887455845 | G45: 3.6504221e+09
B46: هزينه برق، گاز ،پست وتلفن | E46: 1682184611 | G46: 8.3509776e+08
B47: هزينه حقوقي وثبتي | E47: 1473136953 | G47: 7.4506308e+09
B48: سفر و ماموريت | E48: 1343294624 | G48: 3.403761e+09
B49: بیمه دارائیها
B50: ابزار و لوازم فنی مصرفی
B51: هزينه حسابرسي
B52: ساير | E52: =20109320482+100162000 -> 20209482482 | G52: =8911592017 -> 8911592017
E53: =SUM(E30:E52) -> 565711325389 | G53: =SUM(G30:G52) -> 4.8035445e+11 | O53: =E53+سودوزيان!F12 -> 0 | P53: =G53+سودوزيان!H12 -> 0 | Q53: 10157515249
A55: 7-1- | B55: افزایش هزینه فوق بابت افزایش حقوق سالانه شورای عالی کارو وزارت کارمی باشد
A56: 7-2- | B56: کاهش هزینه فوق بابت کاهش هزینه های پرسنلی و تشویقات پرسنل و هزینه های مدیریتی در سال مورد رسیدگی بوده است
A57: 7-3- | B57: هزینه فوق بابت هزینه حقوق کارگرهای روز مزدساعتی می باشند
A58: 7-4- | B58: کاهش هزینه فوق بابت کاهش خرید دارائیهای ثابت واتمام عمرمفید دارائیها می باشد
A59: 7-5- | B59: کاهش هزینه فوق بابت کاهش هزینه های بازاریابی وفروش ومحصولات تبلیغاتی بوده است
A60: 7-6- | B60: کاهش هزینه فوق بابت کاهش هزینه تعمیرات دارائیهای ثابت می باشد
A61: 7-7- | B61: کاهش هزینه فوق بابت کاهش هزینه های ملزومات اداری می باشد
A62: 13

Sheet 12
B1: شرکت داروسازی خوارزمی (سهامی خاص )
B2: يادداشتهاي توضيحي صورت هاي مالي
B3: =سودوزيان!A3 -> سال مالی منتهی به 30 اسفند 1403
B6: 12- | C6: دارایی های ثابت مشهود | I6: (مبالغ به ریال)
E7: زمین | G7: ساختمان | I7: لوازم آزمایشگاهی | K7: تاسیسات | M7: ماشین آلات و تجهیزات | O7: وسایل نقلیه | Q7: اثاثه و منصوبات | S7: ابزار آلات | U7: جمع | W7: دارایی های در جریان تکمیل | Y7: پیش پرداخت های سرمایه ای | AA7: موجودی دارائیهای ثابت نزد انبار | AC7: جمع
B8: بهای تمام شده یا مبلغ تجدید ارزیابی : | U8: =SUM(E8:S8) -> 0 | AC8: =SUM(U8:Y8) -> 0
B9: مانده در ابتدای سال 1399 | E9: 3370015495 | G9: 84952600561 | I9: 12033313081 | K9: 43836485039 | M9: 195941849441 | O9: 13661344455 | Q9: 55766662551 | S9: 9517820170 | U9: =SUM(E9:S9) -> 419080090793 | W9: 54464918803 | Y9: 19255023670 | AA9: 1120359836 | AC9: =SUM(U9:AA9) -> 493920393102
B10: افزایش | C10: افزایش | E10: 0 | G10: 0 | I10: 0 | K10: 0 | M10: 0 | O10: 0 | Q10: 0 | S10: 0 | U10: 0 | W10: 25695473261 | Y10: 129762465126 | AA10: 309339266 | AC10: =SUM(U10:AA10) -> 155767277653
B11: واگذار شده | C11: واگذار شده | E11: 0 | G11: 0 | I11: -166600000 | K11: 0 | M11: 0 | O11: -239570000 | Q11: 0 | S11: 0 | U11: =SUM(E11:S11) -> -406170000 | W11: -69233366 | Y11: 0 | AA11: 0 | AC11: =SUM(U11:AA11) -> -475403366
B12: سایر نقل و انتقالات و تغییرات | C12: سایر نقل و انتقالات و تغییرات | E12: 0 | G12: 0 | I12: 39758170033 | K12: 7007816863 | M12: 8352600000 | O12: 0 | Q12: 19263131502 | S12: 9478677332 | U12: =SUM(E12:S12) -> 83860395730 | W12: 0 | Y12: -103429335173 | AA12: 19568939443 | AC12: =SUM(U12:AA12) -> 0
B13: مانده در پایان سال 1399 | C13: =CONCATENATE("مانده در پایان سال"," ",#REF!) -> #REF! | E13: =SUM(E9:E12) -> 3370015495 | F13: =SUM(F9:F12) -> 0 | G13: =SUM(G9:G12) -> 84952600561 | H13: =SUM(H9:H12) -> 0 | I13: =SUM(I9:I12) -> 51624883114 | J13: =SUM(J9:J12) -> 0 | K13: =SUM(K9:K12) -> 50844301902 | L13: =SUM(L9:L12) -> 0 | ... AC13: =SUM(AC9:AC12) -> 649212267389
C14: کاهش | E14: 0 | F14: 0 | G14: 0 | H14: 0 | I14: 0 | J14: 0 | K14: 0 | L14: 0 | M14: 0 | N14: 0 | O14: 0 | P14: 0 | Q14: 0 | R14: 0 | S14: 0 | T14: 0 | U14: 0 | V14: 0 | W14: 0 | Y14: -11031978053 | AA14: 0 | AB14: 0 | AC14: 0
B15: افزایش | C15: افزایش | E15: 0 | G15: 0 | I15: 3021218572 | K15: 773200000 | M15: 51434571849 | O15: 0 | Q15: 53862573127 | S15: 18781679820 | U15: =SUM(E15:T15) -> 127873243368 | W15: =43759347036+669128102 -> 44428475138 | Y15: -11233132580 | AA15: 28076533810 | AC15: =AA15+Y14+W15+U15+Y15 -> 178113141683
B16: سایر نقل و انتقالات و تغییرات | C16: سایر نقل و انتقالات و تغییرات | E16: 0 | G16: 0 | I16: 0 | K16: 0 | M16: 0 | O16: 0 | Q16: 0 | S16: 0 | U16: =SUM(E16:T16) -> 0 | W16: 0 | AA16: 0 | AC16: 0
B17: مانده در پایان سال1400 | C17: =CONCATENATE("مانده در پایان سال"," ",#REF!) -> #REF! | E17: =SUM(E13:E16) -> 3370015495 | G17: =SUM(G13:G16) -> 84952600561 | I17: =SUM(I13:I16) -> 54646101686 | K17: =SUM(K13:K16) -> 51617501902 | M17: =SUM(M13:M16) -> 255729021290 | O17: =SUM(O13:O16) -> 13421774455 | Q17: =SUM(Q13:Q16) -> 128892367180 | S17: =SUM(S13:S16) -> 37778177322 | U17: =SUM(U13:U16) -> 630407559891 | W17: =SUM(W13:W16) -> 124519633836 | Y17: =SUM(Y13:Y15) -> 23323042990 | AA17: =AA13+AA15+AA16 -> 49075172355 | AC17: =SUM(AC13:AC16) -> 827325409072 | AF17: =SUM(AA15:AA16) -> 28076533810
A23: 15

Sheet 8.9.10.11
A1: شرکت داروسازی خوارزمی (سهامی خاص)
A2: =تاريخچه!A2 -> يادداشتهاي توضيحي صورتهاي مالي
A3: =سودوزيان!A3 -> سال مالی منتهی به 30 اسفند 1403
A6: 8- | B6: سایر درآمد ها
E7: یادداشت | G7: 1403 | I7: 1402
G8: ریال | I8: ریال
B9: سود ناشي ازتسعير دارائيها ارزي | G9: 22837331920 | I9: 22563104580
B10: اضافات انبارگردانی | G10: 1231277584 | I10: 46540077
B11: سایر | G11: 34230807 | I11: 17687916350
G12: =SUM(G9:G11) -> 24102840311 | I12: =SUM(I9:I11) -> 40297561007 | M12: =G12-سودوزيان!F13 -> 0 | O12: =G12=سودوزيان!F13 -> TRUE | P12: =I12=سودوزيان!H13 -> TRUE
A17: 9- | B17: سایر هزینه ها
E18: یادداشت | G18: 1403 | I18: 1402
G19: ریال | I19: ریال
B20: هزینه مابه التفاوت ارز ترجیجی مربوط به صادرات | E20: 9-1 | G20: 2286738763 | I20: 0
B21: هزینه شناسایی جریمه مالیاتی ماده169سال97و98 | G21: 2789773140 | I21: 0
B22: هزینه شناسایی سه در هزار اتاق بازرگانی | G22: 27740120222 | I22: 0
B23: سایر | G23: =1406364+189549923 -> 190956287 | I23: 0
G24: =SUM(G20:G23) -> 33007588412 | I24: =SUM(I20:I23) -> 0 | M24: =G24+سودوزيان!F14 -> 0 | O24: =I24+سودوزيان!H14 -> 0
A26: 9-1- | B26: مبلغ فوق بابت پرداخت مابه التفاوت ارز ترجیحی محصول صادراتی قرص آزیترومایسین500و250میلی گرم به کشور افغانستان بوده که به حساب خزانه داری کل کشور واریز گردیده است.
A28: 10- | B28: هزینه های مالی
G29: 1403 | I29: 1402
G30: ریال | I30: ریال
B31: سود تسهيلات دريافتي | G31: 176333487657 | I31: 270926966935
B32: كارمزد و دير كرد اقساط وام | G32: 174122614405 | I32: 97301782293
G33: =SUM(G31:G32) -> 350456102062 | I33: =SUM(I31:I32) -> 368228749228 | M33: =G33+سودوزيان!F16 -> 0 | O33: =I33+سودوزيان!H16 -> 0
A35: 11- | B35: سایر درآمد ها و هزینه های غیر عملیاتی
G36: 1403 | I36: 1402
G37: ریال | I37: ریال
B38: سود حاصل از سپرده های سرمایه گذاری بانکی | G38: 23353106087 | I38: 5455478663
B39: سود حاصل از فروش مواداولیه و... | E39: 11-1 | G39: =39355153766-22297152857 -> 17058000909 | I39: 6475931469
B40: فروش ضایعات بسته بندی | G40: 0 | I40: 459411877
B41: سود سهام | G41: 0 | I41: 912240000
B42: سایر | G42: 3075039006 | I42: 616534115
G43: =SUM(G38:G42) -> 43486146002 | I43: =SUM(I38:I42) -> 13919596124 | M43: =G43-سودوزيان!F17 -> 0 | O43: =I43-سودوزيان!H17 -> 0
A45: 11-1- | B45: مبلغ سودحاصل ازفروش مواد اولیه و.... تهاتر مبلغ 39،355،153،766 ريال فروش مواد اوليه و ملزومات و مبلغ 22،297،152،857 ريال بهاي تمام شده كالاي فروش رفته مواد اوليه و ملزومات می باشد.
A50: 14

Sheet 12 اصلی
B1: شرکت داروسازی خوارزمی (سهامی خاص )
B2: يادداشتهاي توضيحي صورت هاي مالي
B3: سال مالی منتهی به30اسفند1403
B6: 12- | C6: دارایی های ثابت مشهود | I6: (مبالغ به ریال)
E7: زمین | G7: ساختمان | I7: لوازم آزمایشگاهی | K7: تاسیسات | M7: ماشین آلات و تجهیزات | O7: وسایل نقلیه | Q7: اثاثه و منصوبات | S7: ابزار آلات | U7: جمع | W7: دارایی های در جریان تکمیل | Y7: پیش پرداخت های سرمایه ای | AA7: موجودی دارائیهای ثابت نزد انبار | AC7: جمع
B8: بهای تمام شده : | U8: =SUM(E8:S8) -> 0 | AC8: =SUM(U8:Y8) -> 0
B9: مانده ابتدای سال 1402 | E9: 3370015495 | G9: 195854099401 | I9: 54855333686 | K9: 72280045586 | M9: 297295066342 | O9: 13421774455 | Q9: 130898436298 | S9: 53429691934 | U9: 821404463197 | W9: 0 | Y9: 12388796860 | AA9: 0 | AC9: 833793260057
B10: افزایش | C10: افزایش | E10: 0 | G10: 0 | I10: 3380000000 | K10: 12483564312 | M10: 11583735925 | O10: 0 | Q10: 10671458657 | S10: 18213846580 | U10: 56332605474 | W10: 0 | Y10: 0 | AA10: 0 | AC10: 56332605474
B11: سایر نقل و انتقالات | C11: سایر نقل و انتقالات و تغییرات | E11: 0 | G11: 0 | I11: 0 | K11: 0 | M11: 0 | O11: 0 | Q11: 0 | S11: 0 | U11: 0 | W11: 0 | Y11: 0 | AA11: =AA9*-1 -> 0 | AC11: =SUM(U11:AA11) -> 0
B12: مانده پایان سال1402 | C12: =CONCATENATE("مانده در پایان سال"," ",#REF!) -> #REF! | E12: =SUM(E9:E11) -> 3370015495 | G12: =SUM(G9:G11) -> 195854099401 | I12: =SUM(I9:I11) -> 58235333686 | K12: =SUM(K9:K11) -> 84763609898 | M12: =SUM(M9:M11) -> 308878802267 | O12: =SUM(O9:O11) -> 13421774455 | Q12: =SUM(Q9:Q11) -> 141569894955 | S12: =SUM(S9:S11) -> 71643538514 | U12: =SUM(U9:U11) -> 877737068671 | W12: =SUM(W9:W11) -> 0 | Y12: =SUM(Y9:Y11) -> 12388796860 | AA12: 0 | AC12: =SUM(AC9:AC11) -> 890125865531
C13: کاهش | E13: 0 | G13: 0 | I13: 0 | K13: 0 | M13: 0 | O13: 0 | Q13: 0 | S13: 0 | U13: =SUM(G13:S13) -> 0 | W13: 0 | Y13: . | AA13: 0 | AC13: =SUM(U13:AA13) -> 0
B14: افزایش | C14: افزایش | E14: 0 | G14: 0 | I14: 27400000 | K14: 5382730000 | M14: 4555152550 | O14: 0 | Q14: =1468958636-21207440 -> 1447751196 | S14: 18714656573 | U14: =SUM(E14:S14) -> 30127690319 | W14: 0 | Y14: 3402594940 | AA14: 0 | AC14: =SUM(U14:AA14) -> 33530285259
B15: سایر نقل و انتقالات و تغییرات | C15: سایر نقل و انتقالات و تغییرات | E15: 0 | G15: 0 | I15: 0 | K15: 0 | M15: 0 | O15: 0 | Q15: 0 | S15: 0 | U15: =SUM(E15:S15) -> 0 | W15: 0 | AA15: 0 | AC15: =SUM(U15:AA15) -> 0
B16: سایر نقل و انتقالات | C16: سایر نقل و انتقالات و تغییرات | E16: 0 | G16: 0 | I16: 0 | K16: 0 | M16: 0 | O16: 0 | Q16: 0 | S16: 0 | U16: =SUM(E16:S16) -> 0 | W16: 0 | Y16: 0 | AA16: 0 | AC16: =SUM(U16:AA16) -> 0
B17: مانده پایان سال1403 | C17: =CONCATENATE("مانده در پایان سال"," ",#REF!) -> #REF! | E17: =SUM(E12:E16) -> 3370015495 | G17: =SUM(G12:G16) -> 195854099401 | I17: =SUM(I12:I16) -> 58262733686 | K17: =SUM(K12:K16) -> 90146339898 | M17: =SUM(M12:M16) -> 313433954817 | O17: =SUM(O12:O16) -> 13421774455 | Q17: =SUM(Q12:Q16) -> 143017646151 | S17: =SUM(S12:S16) -> 90358195087 | U17: =SUM(U12:U16) -> 907864758990 | W17: =SUM(W12:W16) -> 0 | Y17: =SUM(Y12:Y16) -> 15791391800 | AA17: =SUM(AA12:AA16) -> 0 | AC17: =SUM(AC12:AC16)-1 -> 923656150789
A22: 15

Sheet 12-1
A1: شرکت داروسازی خوارزمی (سهامی خاص)
A2: =تاريخچه!A2 -> يادداشتهاي توضيحي صورتهاي مالي
A3: =سودوزيان!A3 -> سال مالی منتهی به 30 اسفند 1403
V5: (مبالغ به ریال)
D6: زمین | F6: ساختمان | H6: لوازم آزمایشگاهی | J6: تاسیسات | L6: ماشین آلات و تجهیزات | N6: وسایل نقلیه | P6: اثاثه و منصوبات | R6: ابزار آلات | T6: جمع | V6: دارایی های در جریان تکمیل | X6: پیش پرداخت های سرمایه ای | Z6: موجودی دارائیهای ثابت نزد انبار | AB6: جمع
B7: استهلاك انياشته:
B8: مانده در ابتدای سال1402 | E8: 0 | F8: 48146929233 | H8: 15167092784 | J8: 21130900704 | L8: 135469769034 | N8: 12064805917 | P8: 78376232100 | R8: 21977465870 | T8: 332333195642 | V8: 0 | W8: 0 | X8: 904031500 | Y8: 0 | Z8: 0 | AA8: 0 | AB8: 332333195642
B9: استهلاک | F9: 6555661694 | H9: 4094310055 | J9: 4370976499 | L9: 29706809126 | N9: 522531359 | P9: 18148605202 | R9: 13484191767 | T9: 76883085702 | V9: 0 | X9: 0 | Z9: 0 | AB9: 76883085702
B10: واگذار شده | D10: 0 | F10: 0 | H10: 0 | J10: 0 | L10: 0 | N10: 0 | P10: 0 | R10: 0 | T10: =F10+H10+J10+L10+N10+P10+R10 -> 0 | V10: 0 | X10: 0 | Z10: 0 | AB10: =T10+V10+X10+Z10 -> 0
B11: سایر نقل و انتقالات و تغییرات | D11: 0 | F11: 0 | H11: 0 | J11: 0 | L11: 0 | N11: 0 | P11: 0 | R11: 0 | T11: 0 | V11: 0 | X11: 0 | Z11: 0 | AB11: =T11+V11+X11+Z11 -> 0
B12: مانده در پایان سال1402 | E12: =SUM(E8:E11) -> 0 | F12: =SUM(F8:F11) -> 54702590927 | H12: =SUM(H8:H11) -> 19261402839 | J12: =SUM(J8:J11) -> 25501877203 | L12: =SUM(L8:L11) -> 165176578160 | N12: =SUM(N8:N11) -> 12587337276 | P12: =SUM(P8:P11) -> 96524837302 | R12: =SUM(R8:R11) -> 35461657637 | T12: =SUM(T8:T11) -> 409216281344 | V12: =SUM(V8:V11) -> 0 | W12: =SUM(W8:W11) -> 0 | X12: =SUM(X8:X11) -> 904031500 | Y12: =SUM(Y8:Y11) -> 0 | Z12: =SUM(Z8:Z11) -> 0 | AA12: =SUM(AA8:AA11) -> 0 | AB12: =SUM(AB8:AB11) -> 409216281344
B13: استهلاک | D13: 0 | F13: 6553770879 | G13: 0 | H13: 3898741718 | J13: 5231771477 | L13: 28051833167 | N13: 461837869 | P13: 13709240286 | R13: 16875684040 | T13: =F13+H13+J13+L13+N13+P13+R13 -> 74782879436 | V13: 0 | X13: 0 | Z13: 0 | AB13: =T13+V13+X13+Z13 -> 74782879436 | AH13: =T13+'13-14'!O16 -> 83087283880
B14: واگذار شده | D14: 0 | F14: 0 | H14: 0 | J14: 0 | L14: 0 | N14: 0 | P14: 0 | R14: 0 | T14: =SUM(D14:R14) -> 0 | V14: 0 | X14: 0 | Z14: 0
B15: مانده در پایان سال 1403 | D15: =SUM(D12:D14) -> 0 | F15: =SUM(F12:F14) -> 61256361806 | H15: =SUM(H12:H14) -> 23160144557 | J15: =SUM(J12:J14) -> 30733648680 | L15: =SUM(L12:L14) -> 193228411327 | N15: =SUM(N12:N14) -> 13049175145 | P15: =SUM(P12:P14) -> 110234077588 | R15: =SUM(R12:R14) -> 52337341677 | T15: =D15+F15+H15+J15+L15+N15+P15+R15 -> 483999160780 | V15: =SUM(V12:V14) -> 0 | X15: =SUM(X12:X14) -> 904031500 | Z15: 0 | AB15: =SUM(AB12:AB14) -> 483999160780
B16: مبلغ دفتری در پایان سال1403 | D16: ='12'!E17-'12-1'!D15 -> 3370015495 | F16: ='12 اصلی'!G17-'12-1'!F15 -> 134597737595 | H16: ='12 اصلی'!I17-'12-1'!H15 -> 35102589129 | J16: ='12 اصلی'!K17-'12-1'!J15 -> 59412691218 | L16: ='12 اصلی'!M17-'12-1'!L15 -> 120205543490 | N16: ='12 اصلی'!O17-'12-1'!N15 -> 372599310 | P16: ='12 اصلی'!Q17-'12-1'!P15 -> 32783568563 | R16: ='12 اصلی'!S17-'12-1'!R15 -> 38020853410 | T16: =D16+F16+H16+J16+L16+N16+P16+R16 -> 423865598210 | V16: 0 | X16: ='12 اصلی'!Y17 -> 15791391800 | Z16: 0 | AB16: =SUM(T16:Z16) -> 439656990010 | AH16: =AB16='وضعيت مالي'!F8 -> TRUE
B17: مبلغ دفتری در پایان سال 1402 | D17: ='12 اصلی'!E12-'12-1'!D12 -> 3370015495 | F17: ='12 اصلی'!G12-'12-1'!F12 -> 141151508474 | H17: ='12 اصلی'!I12-'12-1'!H12 -> 38973930847 | J17: ='12 اصلی'!K12-'12-1'!J12 -> 59261732695 | L17: ='12 اصلی'!M12-'12-1'!L12 -> 143702224107 | N17: ='12 اصلی'!O12-'12-1'!N12 -> 834437179 | P17: ='12 اصلی'!Q12-'12-1'!P12 -> 45045057653 | R17: ='12 اصلی'!S12-'12-1'!R12 -> 36181880877 | T17: =D17+F17+H17+J17+L17+N17+P17+R17 -> 468520787327 | V17: ='12 اصلی'!W12 -> 0 | X17: ='12 اصلی'!Y12 -> 12388796860 | Y17: ='12'!Z13-'12-1'!Y12 -> 0 | Z17: 0 | AB17: =SUM(T17:Z17) -> 480909584187 | AH17: =AB17='وضعيت مالي'!H8 -> TRUE
A28: 16

Sheet 12-2
A1: شرکت داروسازی خوارزمی ( سهامی خاص )
A2: ='12-1'!A2:AC2 -> يادداشتهاي توضيحي صورتهاي مالي
A3: =سودوزيان!A3 -> سال مالی منتهی به 30 اسفند 1403
A5: 12-1- | B5: دارایی های ثابت مشهود تا ارزش 3.998.800 میلیون ریال در مقابل خطرات احتمالی ناشی از حریق،سیل و زلزله از پوشش بیمه ای برخوردار است.
A7: 12-2- | B7: افزایش مبلغ ماشین آلات عمدتا" بابت خرید سایز پارت به مبلغ3.525 میلیون ریال می باشد .
A9: 12-3- | B9: افزایش مبلغ ابزارآلات عمدتا" بابت خريد سنبه وماتریس به مبلغ 18.585 میلیون ریال می باشد.
A12: 12-4- | B12: افزایش مبلغ اثاثیه و منصوبات عمدتا" بابت خریدپرینتر.صندلی.کیس کامپیوتر.فشارسنج.اسکنرویخچال فریزر به ترتيب به مبلغ 360 و225و205و184و170و164 میلیون ریال می باشد
A14: 12-5-افزايش مبلغ لوازم آزمايشگاهي بابت خريد دستگاه هیتراستیرر به مبلغ27 میلیون می باشد
A16: 12-6- افزايش مبلغ تاسيسات عمدتاً بابت خریددستگاه EDI وپمپ شناوربه ترتيب به مبلغ4.150و1.105 ميليون ريال مي باشد
A18: 12-7ساختمان و زمین به مبلغ 48،264 میلیون ریال بابت دریافت تسهیلات در وثیقه بانک صنعت و معدن می باشد
A19: 17

Sheet 12-8
A1: شرکت داروسازی خوارزمی (سهامی خاص)
A2: یادداشتهای توضیحی صورت های مالی
A3: =سودوزيان!A3 -> سال مالی منتهی به 30 اسفند 1403
A5: 12-8- | B5: گردش پیش پرداختهای سرمایه ای به شرح ذیل می باشد
D6: مانده در 1402/12/29 | F6: افزایش | H6: کاهش | J6: مانده در 1403/12/30
B7: شهرداری منطقه 21 | D7: 3535674000 | F7: 0 | H7: 0 | J7: =D7+F7-H7 -> 3535674000
B8: آرسا صنعت مازند | D8: 3360000000 | J8: =D8+F8-H8 -> 3360000000
B9: دستگاه هواساز 1 عدد از کشور آلمان | D9: 2519283360 | J9: =D9+F9-H9 -> 2519283360
B10: شرکت تولیدی و صنعتی نوید | D10: 1091362500 | F10: 1042312500 | H10: 2133675000 | J10: =D10+F10-H10 -> 0
B11: شرکت نیما تهویه آرا | D11: 708445500 | F11: 0 | H11: 0 | J11: =D11+F11-H11 -> 708445500
B12: سامانه ایده پرداز پردیس | D12: 240000000 | F12: 0 | H12: 240000000 | J12: =D12+F12-H12 -> 0
B13: ماشین پرکن-آرگین خچاطوریان | D13: 30000000 | F13: 0 | H13: 30000000 | J13: =D13+F13-H13 -> 0
B14: اندیشه نگار پارس | D14: 0 | F14: 847000000 | H14: 0 | J14: =D14+F14-H14 -> 847000000
B15: شرکت صنعتی شوفاژ کار | D15: 0 | F15: 831457440 | H15: 0 | J15: =D15+F15-H15 -> 831457440
B16: پایا ساخت وتولید میهن | D16: 0 | F16: 3085500000 | H16: 0 | J16: =D16+F16-H16 -> 3085500000
B17: گروه فنی مهندسی پارت دارو الوند | D17: 0 | F17: 4334000000 | H17: 4334000000 | J17: =D17+F17-H17 -> 0
B18: مهندسی مشاور فرآیند سازان مهاب | D18: 0 | F18: 4565000000 | H18: 4565000000 | J18: =D18+F18-H18 -> 0
B19: پارت پمپ | D19: 0 | F19: 1104730000 | H19: 1104730000 | J19: =D19+F19-H19 -> 0
B20: سایر | D20: 904031500 | F20: 0 | J20: =D20+F20-H20 -> 904031500
D21: =SUM(D7:D20) -> 12388796860 | F21: =SUM(F7:F20) -> 15809999940 | H21: =SUM(H7:H19) -> 12407405000 | J21: =SUM(J7:J20) -> 15791391800 | Q21: =D21='12-1'!X17 -> TRUE | S21: =J21='12-1'!X16 -> TRUE
A23: 12-8-1 | B23: عمده پیش پرداخت های سرمایه ای مربوط به شهرداری منطقه 21 و آرسا صنعت مازند و دستگاه هواساز می باشد که به ترتیب بابت ساخت 6000 متر زمین جنوبی -خرید دستگاه کلاو باکس-خرید دستگاه هواساز می باشد.
A33: 18

Sheet 13-14
A1: شرکت داروسازی خوارزمی (سهامی خاص)
A2: =تاريخچه!A2 -> يادداشتهاي توضيحي صورتهاي مالي
A3: =سودوزيان!A3 -> سال مالی منتهی به 30 اسفند 1403
A5: 13- | B5: دارایی های نامشهود
O6: (مبالغ به ریال)
I7: حق امتیاز خدمات عمومی | K7: نرم افزار رایانه ای | M7: علامت تجاری | O7: جمع
B8: :بهای تمام شده
B9: مانده در ابتدای سال 1402 | I9: 3768903919 | K9: 21981130000 | M9: 50000000 | O9: =I9+K9+M9 -> 25800033919
B10: افزایش | I10: 0 | K10: 3573000000 | M10: 0 | O10: =I10+K10+M10 -> 3573000000
B11: مانده در پایان سال 1402 | I11: =SUM(I9:I9) -> 3768903919 | K11: =SUM(K9:K10) -> 25554130000 | M11: 50000000 | O11: =SUM(O9:O10) -> 29373033919
B12: افزایش | I12: 0 | K12: 0 | M12: 0 | O12: =I12+K12+M12 -> 0
B13: مانده در پایان سال 1403 | I13: =SUM(I11:I12) -> 3768903919 | K13: =SUM(K11:K12) -> 25554130000 | M13: =SUM(M11:M12) -> 50000000 | O13: =SUM(I13:M13) -> 29373033919
B14: استهلاک انباشته
B15: مانده در ابتدای سال 1402 | I15: 0 | K15: 9025673333 | M15: 0 | O15: =I15+K15+M15 -> 9025673333
B16: افزایش | I16: 0 | K16: 8304404444 | M16: 0 | O16: =I16+K16+M16 -> 8304404444
B17: مانده در پایان سال 1402 | I17: =I16 -> 0 | K17: =SUM(K15:K16) -> 17330077777 | M17: =M16 -> 0 | O17: =SUM(O15:O16) -> 17330077777
B18: افزایش | I18: 0 | K18: 8224052223 | M18: 0 | O18: =K18 -> 8224052223
B19: مانده در پایان سال 1403 | I19: 0 | K19: =K18+K17 -> 25554130000 | M19: 0 | O19: =O18+O17 -> 25554130000
B20: مبلغ دفتری در پایان سال 1403 | I20: =I13-I17 -> 3768903919 | J20: =J13 -> 0 | K20: 0 | L20: =L13 -> 0 | M20: =M13-M17 -> 50000000 | N20: =N13 -> 0 | O20: =O13-O19 -> 3818903919 | P20: =P13 -> 0 | U20: =O20='وضعيت مالي'!F9 -> TRUE
B21: مبلغ دفتری در پایان سال 1402 | I21: =I13 -> 3768903919 | K21: =K11-K17 -> 8224052223 | M21: =M13 -> 50000000 | O21: =SUM(I21:M21) -> 12042956142
A25: 14- | B25: سرمایه گذاری های بلند مدت:
K26: 1403 | O26: 1402
K27: بهای تمام شده | O27: مبلغ دفتری
K28: ریال | O28: ریال
A29: سرمایه گذاری در سهام شرکت ها | K29: 2245465728 | O29: 2245465728
K30: =SUM(K29) -> 2245465728 | O30: =SUM(O29:O29) -> 2245465728 | U30: =K30-'وضعيت مالي'!F10 -> 0
A32: 14-1- | B32: سرمایه گذاری در سهام شرکت ها به شرح زیر تفکیک می شود :
K33: (مبالغ به ریال)
E34: 1403 | O34: 1402
E35: تعداد سهام | G35: درصد سرمایه گذاری | I35: بهای تمام شده | K35: کاهش ارزش انباشته | M35: مبلغ دفتری | O35: مبلغ دفتری | S35: ارزش بازار
A36: سرمایه گذاری سریع المعامله
A37: (بورسی و فرا بورسی):
A38: فولاد مبارکه اصفهان | E38: 2649827 | G38: 0/09% | I38: =M38 -> 872865728 | K38: 0 | M38: 872865728 | O38: 872865728 | S38: 2912159870
I39: =SUM(I38) -> 872865728 | K39: =SUM(K38) -> 0 | M39: =SUM(M38) -> 872865728 | O39: =SUM(O38) -> 872865728 | S39: =SUM(S38) -> 2912159870
A41: سرمایه گذاری درسهام سایرشرکتها
A42: مجتمع صنایع داروئی | E42: 108000 | G42: 1/4% | I42: =M42 -> 1080000000 | M42: 1080000000 | O42: 1080000000 | S42: 0
A43: تعاونی انجمن داروسازان | E43: 770 | I43: =M43 -> 292600000 | M43: 292600000 | O43: 292600000 | S43: 0
I44: =SUM(I39:I43) -> 2245465728 | K44: 0 | M44: =SUM(M39:M43) -> 2245465728 | O44: =SUM(O39:O43) -> 2245465728 | S44: =SUM(S39:S43) -> 2912159870
A46: 19

Sheet 15
A1: شرکت داروسازی خوارزمی (سهامی خاص)
A2: =تاريخچه!A2 -> يادداشتهاي توضيحي صورتهاي مالي
A3: سال مالی منتهی به 30 اسفند 1403
A4: 15- | B4: پیش پرداخت ها
H5: یادداشت | J5: 1403 | L5: 1402
J6: ریال | L6: ریال
D7: پیش پرداخت های خارجی:
D8: سفارشات مواد اولیه | H8: 15-1 | J8: =J36 -> 93099461177 | L8: 172109342553
D9: سفارشات قطعات و لوازم یدکی | H9: 15-2 | J9: =J47 -> 11665082143 | L9: 62421593897
D10: قطعات دستگاه خط تولید | J10: 0 | L10: 0
H11: کل 17 | J11: =SUM(J8:J10)-1 -> 104764543319 | L11: 234530936449
D12: پیش پرداخت های داخلی:
D13: خرید مواد اولیه | H13: 15-3 | J13: ='15-16'!J33 -> 64196559054 | L13: 38259899030
D14: سایر پیش پرداخت ها | H14: 15-4 | J14: ='15-16'!J56 -> 36813424113 | L14: 44355505020
J15: =SUM(J13:J14) -> 101009983167 | L15: 82615404050
J16: =J15+J11 -> 205774526486 | L16: 317146340499 | P16: =J16-'وضعيت مالي'!F13 -> 0 | Q16: =L16-'وضعيت مالي'!H13 -> 0
D18: 15-1- مانده سفارشات مواد اولیه به شرح زيرتفكيك مي گردد:
J19: 1403 | L19: 1402
J20: ریال | L20: ریال
D21: سیپروفلوکساسین-چین | J21: 51366974019 | L21: 48992523578
D22: قلم اسانس آرومسا-ترکیه | J22: 20388519324 | L22: 0
D23: استامینوفن دی سی - 60000 کیلوگرم - چین | J23: 16784237666 | L23: 1293917553
D24: اسانس موز -چین | J24: 1552861370 | L24: 0
D25: اسانس آسرولا100کیلو-ترکیه | J25: 1250000000 | L25: 0
D26: لیدوکائین بیس 9000 کیلو-هند | J26: 64358511 | L26: 22883076990
D27: گلیسیرین - 220000 کیلوگرم - مالزی | J27: 0 | L27: 36885777029
D28: گایافنزین-هند | J28: 0 | L28: 16521474204
D29: سولفامتوکسازول-چین | J29: 0 | L29: 15874574368
D30: میکرو کریستالین 101 و 102 -چین | J30: 0 | L30: 15641572064
D31: ویتامین ها 3 قلم - 1300 کیلوگرم کشور فرانسه - سوئیس | J31: 0 | L31: 5926801315
D32: اسپری لیدوکائین-چین | J32: 0 | L32: 2542177121
... D34: پرفنازین 50 کیلو تیوریدازین 150 کیلو - ایتالیا | J34: 0 | L34: 727596049
D35: سایر | J35: =1692510286+1 -> 1692510287 | L35: 3610252282
J36: =SUM(J21:J35) -> 93099461177 | L36: 172109342553 | R36: =J36=J8 -> TRUE | S36: =L36=L8 -> TRUE
D38: 15-2- مانده سفارشات قطعات و لوازم یدکی به شرح زيرتفكيك مي گردد:
J39: 1403 | L39: 1402
D40: هیتینگ پلیت دستگاه بلیستر - آلمان | J40: 9527490000 | L40: 9527490000
D41: قطعه تاچ اسکرین-چین | J41: 1070439200 | L41: 1070439200
D42: پمپ اسپری-1.100.000 ست-چین | J42: 1067152943 | L42: 1067152943
D43: اسپری نازال ووکسی-چین | J43: 0 | L43: 30332710008
D44: 400000 ست پمپ اسپری نازال بونا - چین | J44: 0 | L44: 16893949546
D45: سنبه و ماتریس اوبلانگ-هند | J45: 0 | L45: 2813517000
D46: سایر | J46: 0 | L46: 716335200
J47: =SUM(J40:J46) -> 11665082143 | L47: =SUM(L40:L46) -> 62421593897 | R47: =J47=J9 -> TRUE | S47: =L47=L9 -> TRUE
A48: 20

Sheet 15-16
A1: شرکت داروسازی خوارزمی (سهامی خاص)
A2: ='8.9.10.11'!A2:K2 -> يادداشتهاي توضيحي صورتهاي مالي
A3: =سودوزيان!A3 -> سال مالی منتهی به 30 اسفند 1403
A6: 15-3- مانده پیش پرداخت های داخلی خرید مواد اولیه به شرح زيرتفكيك مي گردد:
O7: چرا بسته بندی و مواد اولیه رو یکی کردید؟
J8: 1403 | L8: 1402
J9: ریال | L9: ریال
D10: شفا گستران مهر رضا | J10: 11126720000 | L10: 11126720000 | O10: 1650
D11: پیشگامان شفاگستران سام | J11: 9728878200 | L11: 0 | O11: 1650
D12: شرکت اکبریه | J12: 9154874649 | L12: 0 | O12: 1645-3114
D13: کیمیا گستر تنها | J13: 4618875000 | L13: 4618875000 | O13: 1645 (چیز دیگه ایی نداشت)
D14: آرمان زوفا | J14: 2871000000 | L14: 0 | O14: 1645-3114
D15: بهان سار | J15: 2580875000 | O15: 1645-3114
D16: شرکت توليدژلاتين کپسول ايران | J16: 2189076650 | L16: 3013516150 | O16: 1645-3114
D17: ثمین دارو ایرانیان | J17: 2156915632 | L17: 0 | O17: 1645 (چیز دیگه ایی نداشت)
D18: محیط سازه پویش آزما | J18: 2051500000 | L18: 0 | O18: 1645 -3114
D19: خوش شیمی تجارت | J19: 1889999997 | L19: 0 | O19: 1645-3114
D20: ثمین کالا پویا | J20: 1634934088 | O20: 1645 (چیز دیگه ایی نداشت)
D21: ایلیا فارمد ایرانیان | J21: 1586700000 | L21: 0 | O21: 1645-3114
D22: شرکت مفید شیشه | J22: 1569297849 | L22: 0 | O22: 1650-3115
D23: بهفر تجارت فارمد | J23: 1476804513 | O23: 1645-3114
D24: شرکت تعاونی تولید کنندگان محصولات غذایی بکتاش | J24: 1252000000 | L24: 0 | O24: 1645-3114
D25: کربنات البرز | J25: 1190543970 | O25: 1645-3114
D26: درسا دارو | J26: 1081900000 | O26: 1645 (چیز دیگه ایی نداشت)
D27: شرکت شیشه دارویی رازی | J27: 855714376 | L27: 5657319976 | O27: 1650-3115
D28: درب غذائی ناصر(حکم اله نجفی) | J28: 181288800 | L28: 2447398800 | O28: 1650-3115
D29: شرکت بهار پایا | J29: 38422500 | L29: 38422500 | O29: 1645
D30: شرکت پدیده پارت | J30: 0 | L30: 1228922500
D31: سینا کالای شمس | J31: 0 | L31: 50000 | O31: چرا اینجا با اینکه 3115 مقدار داشته، عددی رو نیاورده (-439594960)
D32: سایر | J32: 4960237830 | L32: 10128674104
J33: =SUM(J10:J32) -> 64196559054 | L33: 38259899030 | P33: =J33='15'!J13 -> TRUE | Q33: =L33='15'!L13 -> TRUE
A35: 15-4- مانده پیش پرداخت های داخلی سایر پیش پرداختها به شرح زيرتفكيك مي گردد:
J37: 1403 | L37: 1402
D38: شرکت مهندسین مشاو ر پیشگامان صنعت پارسیان | J38: ریال | L38: ریال
D39: بیمه آسیا | J39: 14722308751 | L39: 0 | O39: 1660
D40: جواد شکری | J40: 11435000000 | L40: 10295000000 | O40: 1660 (چرا اینو با 3212 نیاوردد؟؟ اینم داره این معین رو
D41: شرکت بیو فارمسی پارس | J41: 2055000000 | L41: 0
D42: مصور سازان چارسوق | J42: 1571048226 | L42: 0
D43: شرکت توسعه صنایع فراز کمپرسور | J43: 1374681000 | L43: 0 | O43: 1660-3212
D44: شرکت صنعتی آب آتش بخار | J44: 1076560000 | L44: 0 | O44: 1660-3212
D45: علیرضا مهدی آقایی | J45: 900000000 | L45: 0 | O45: 1660
D46: شرکت کاردارو فرایند | J46: 838200000 | L46: 0 | O46: 1660
D47: صنایع چسب سینا | J47: 689979136 | L47: 0 | O47: 1660
D48: شرکت گل الکتریک پارت | J48: 613420000 | L48: 0 | O48: 1660
D49: معتبرسازان آویژه صنعت | J49: 330000000 | L49: 0 | O49: 1660
D50: شرکت همکاران سیستم پناه تهران | J50: 0 | L50: 17097118479
D51: شرکت پدیده پارت | J51: 0 | L51: 3425000000
D52: شرکت آروین تجارت پژوه آزما | J52: 0 | L52: 2677258000
D53: ماشین سازی و ورق کاری پرگاس طب پاسارگاد | J53: 0 | L53: 2112420000
D54: محمد رضا رجایی | J54: 0 | L54: 720000000
D55: سایر | J55: 1207227000 | L55: 8028708541
D56: جمع | J56: =SUM(J39:J55) -> 36813424113 | L56: 44355505020 | O56: چرا بیمه ایران توش نیست؟ | P56: =J56='15'!J14 -> TRUE | Q56: =L56='15'!L14 -> TRUE
J64: 0
A67: 16- | B67: موجودي مواد و كالا
J68: 1403 | L68: 1402
J69: ریال | L69: ریال
D70: مواد اوليه و بسته بندي | J70: =645679101199+20621442+769103915802 -> 1414803638443 | L70: 1821638916854
D71: كالاي ساخته شده | J71: =618494654501+4132973326 -> 622627627827 | L71: 1090147709616
D72: موجودي پاي كار محصول تكميل نشده | J72: 128072484705 | L72: 231140881693 | O72: =J72-L72 -> -103068396988 | P72: =O72+'6-1'!I29 -> 20155319601
D73: لوازم و قطعات یدکی | J73: 92083535810 | L73: 102580846085
D74: كالاي اماني ما نزد ديگران | J74: 21211170971 | L74: 18399403921 | P74: =21406813478-20117922629 -> 1288890849
D75: ساير موجودي ها | J75: =5790029313+1804134709+64115996877 -> 71710160899 | L75: 134645767170 | P75: =P72-P74 -> 18866428752
J76: =SUM(J70:J75) -> 2350508618655 | L76: 3398553525339 | P76: =J76='وضعيت مالي'!F14 -> TRUE | Q76: =L76='وضعيت مالي'!H14 -> TRUE
A78: 16-1- | B78: موجودي مواد اوليه و بسته بندي، كالاي ساخته شده، قطعات و لوازم يدكي تا 2.600.000 ميليون ريال در مقابل خطرات ناشي از آتش سوزی و صاعقه و انفجار و زلزله و طوفان و گردباد بيمه شده است.
A84: 21

Sheet 17
A1: شرکت داروسازی خوارزمی (سهامی خاص)
A2: ='15'!A2:M2 -> يادداشتهاي توضيحي صورتهاي مالي
A3: =سودوزيان!A3 -> سال مالی منتهی به 30 اسفند 1403
A4: 17- | B4: دریافتنی های تجاری و سایر دریافتنی ها
E6: یادداشت | G6: 1403 | I6: 1402
G7: ریال | I7: ریال
B8: تجاری:
B9: اسناد دریافتنی:
D10: سایر مشتریان 1330+1310 بدون التیام | E10: 17-1 | G10: =G52 -> 711416912518 | I10: 152104790909
D11: اسناد در جریان وصول1140+ بستانکار نخبگان | E11: 17-2 | G11: ='17-2'!G24 -> 321927950028 | I11: 845827121380
G12: =SUM(G10:G11) -> 1033344862546 | I12: 997931912289
B13: حساب های دریافتنی:
D14: داروسازی التیام 1499+(1320-3212 | G14: =1816544544676+120000000000 -> 1936544544676 | I14: 438721050232
D15: سایر مشتریان 3249-1320 غیر از التیام | E15: 17-3 | G15: ='17-2'!G49 -> 3316583793431 | I15: 2774894212516
G16: =SUM(G14:G15) -> 5253128338107 | I16: 3213615262748
G17: =G16+G12 -> 6286473200653 | I17: 4211547175037
B19: غیر تجاری:
B20: اسناد دریافتنی:
D21: اشخاص وابسته | G21: 0 | I21: 0
D22: شركت داروسازي التيام | G22: 0 | I22: 0
D23: سایر اشخاص | G23: 0 | I23: 0
G24: =SUM(G21:G23) -> 0 | I24: 0
B26: حساب های دریافتنی:
D27: اشخاص وابسته 1420 | E27: 17-4 | G27: ='17-4'!G23 -> 227348476754 | I27: 27291770983
D28: حساب سهامداران کل 1430 به غیر از پوروزییری ها و جاویدی | E28: 17-5 | G28: ='17-4'!G46 -> 9172000454 | I28: 9179688119
D29: کارکنان ( وام مساعده ) 1452+1451 | G29: =2656666674+455000000 -> 3111666674 | I29: 96672978
D30: سپرده نزد اشخاص 1499 به غیر التیام | G30: 1785653250 | I30: 1094553780
D31: علی الحساب 1464 | G31: 961922388 | I31: 6300000000
D32: سایر | E32: 17-6 | G32: ='17-6'!G14 -> 18637928829 | I32: 7647012879
G33: =SUM(G27:G32)-1 -> 261017648348 | I33: 51609698739
G34: =G17+G24+G33 -> 6547490849001 | I34: 4263156873776 | L34: =G34-'وضعيت مالي'!F15 -> 0 | M34: =G34='وضعيت مالي'!F15 -> TRUE | N34: =I34='وضعيت مالي'!H15 -> TRUE
B37: 17-1- | D37: مانده اسناد دریافتنی سایر مشتریان به شرح زیر می باشد:
G38: 1403 | I38: 1402
G39: ریال | I39: ریال
D40: پخش البرز | G40: 236475295620 | I40: 0
D41: شرکت پخش قاسم ایران | G41: =145271670307+24000000000 -> 169271670307 | I41: 0
D42: سینا طب ثمین | G42: =143684523891+10543308600 -> 154227832491 | I42: 23167584695
D43: شرکت مدیریت منابع تجاری ایده گستران زمان (پخش سراسری ممتاز) | G43: 61160410136 | I43: 22964777378
D44: بهستان پخش | G44: 55000000000 | I44: 0
D45: پخش هستی | G45: 17388619004 | I45: 0
D46: حکیمان طب کار | G46: 9984344158 | I46: 0
D47: پخش داروگستر باریج | G47: 5162085802 | I47: 0
D48: شركت پخش هجرت | G48: 2746655000 | I48: 0
D49: شركت پخش سراسري يارا طب ثامن | G49: 0 | I49: 58730747361
D50: شرکت پخش رازی | G50: 0 | I50: 45520200000
D51: شرکت داروسازی ایران دارو | G51: 0 | I51: 1721481475
G52: =SUM(G40:G51) -> 711416912518 | I52: =SUM(I40:I51) -> 152104790909 | M52: =G52=G10 -> TRUE | N52: =I52=I10 -> TRUE
A54: 22

Sheet 17-2
A1: شرکت داروسازی خوارزمی (سهامی خاص)
A2: =تاريخچه!A2 -> يادداشتهاي توضيحي صورتهاي مالي
A3: =سودوزيان!A3 -> سال مالی منتهی به 30 اسفند 1403
B6: ='17'!E11 -> 17-2 | D6: مانده اسناد در جریان وصول به شرح زیر تفکیک می گردد:
G7: 1403 | I7: 1402
G8: ریال | I8: ریال
D9: شرکت داروسازان التیام-اشخاص وابسته | G9: 180000000000 | I9: 400000000000
D10: سلامت پخش هستي | G10: 70501859075 | I10: 50497835034
D11: سينا طب ثمين | G11: 37948584181 | I11: 4043099778
D12: شركت پخش دارو گسترنخبگان - مجزا گردش بستانکار استفاده شده | G12: 9376068754 | I12: 0
D13: شرکت مدیریت منابع تجاری ایده گستران زمان (پخش سراسری ممتاز) | G13: 8892391566 | I13: 54972189985
D14: شرکت پخش محیا دارو | G14: 8492241258 | I14: 4346895956
D15: شایا پخش ویرا | G15: 6716805194 | I15: 0
D16: بهستان پخش | G16: 0 | I16: 188224623428
D17: شركت پخش البرز | G17: 0 | I17: 90524146298
D18: دارو گستر طوبی | G18: 0 | I18: 36904087837
D19: پخش دایا دارو | G19: 0 | I19: 15412499224
D20: پژند نیکو دارو | G20: 0 | I20: 901743840
... D23: ساير | G23: 0 | I23: 0
G24: =SUM(G9:G23) -> 321927950028 | I24: 845827121380 | L24: =G24='17'!G11 -> TRUE | M24: =I24='17'!I11 -> TRUE
B25: 17-2-1 | D25: چکهای در جریان وصول بابت فروش کالای ساخته شده (محصول) می باشد که درسال جدید وصول گردیده است.
B26: ='17'!E15 -> 17-3 | D26: مانده حسابهای دریافتنی سایر مشتریان به شرح ذیل می باشد:
G27: 1403 | I27: 1402
G28: ریال | I28: ریال
D29: شرکت پخش هجرت | G29: 692418706238 | I29: 649916120421
D30: شرکت پخش البرز | G30: 668894238539 | I30: 518369572322
D31: پخش دایا دارو | G31: 425630368512 | I31: 273423608289
D32: شركت پخش سراسري يارا طب ثامن | G32: 345258783438 | I32: 67931189047
D33: شركت پخش محيا دارو | G33: 231150800378 | I33: 25498648442
D34: شركت سلامت پخش هستي | G34: 201094554298 | I34: 275368285946
D35: بهستان پخش | G35: 206198363283 | I35: 109735091085
D36: شرکت پخش قاسم ایران | G36: 105537963884 | I36: 87998552432
D37: شركت مديريت منابع تجاري ايده گستران زمان | G37: 86483670066 | I37: 155412741603
D38: شرکت پخش فردوس | G38: 85361333016 | I38: 128836589371
D39: داروگستر باریج | G39: 81352451514 | I39: 0
D40: شرکت شایا پخش ویرا | G40: 72531395660 | I40: 0
... D48: سایر | G48: 1619362382 | I48: 2463036886
G49: =SUM(G29:G48) -> 3316583793431 | I49: 2774894212516 | M49: =G49='17'!G15 -> TRUE | N49: =I49='17'!I15 -> TRUE
A51: 23

Sheet 17-4
A1: شرکت داروسازی خوارزمی (سهامی خاص)
A2: =تاريخچه!A2 -> يادداشتهاي توضيحي صورتهاي مالي
A3: =سودوزيان!A3 -> سال مالی منتهی به 30 اسفند 1403
B7: ='17'!E27 -> 17-4 | D7: مانده حساب اشخاص وابسته به شرح ذیل می باشد:
G8: 1403 | J8: 1402
G9: ریال | J9: ریال
D10: پخش داروسازان التیام | G10: 200000000000 | J10: 0
D11: شرکت فرآورده های زیستی و ضد سرطان خوارزمی | G11: 19176904069 | J11: 19176904069
D12: پلاسمای خوارزمی | G12: 6315543407 | J12: 5243841996
D13: ماهنامه علمی پزشکی و دارویی دارونگار | G13: 1152493350 | J13: 1152493350
D14: شرکت پرتو شیمی | G14: 336105928 | J14: 336105928
D15: شرکت خدماتی مجتمع صنایع داروسازی | G15: 100800000 | J15: 100800000
D16: موسسه تحقیقات وتوسعه شهردارو | G16: 260380000 | J16: 260380000
D17: شرکت پرتوشناسان نوین طب خوارزمی | G17: 3125000 | J17: 3125000
D18: شرکت توسعه دانش مدیریت همگام خوارزمی نوین | G18: 3125000 | J18: 3125000
D19: پایش تجارت خوارزمی | G19: 0 | J19: 1014995640
D20: شرکت داروسازی دکتر عبیدی | G20: 0 | J20: 0
D21: داروسازان التیام | G21: 0 | J21: 0
D22: سایر
G23: =SUM(G10:G21) -> 227348476754 | H23: =SUM(#REF!) -> #REF! | I23: =SUM(#REF!) -> #REF! | J23: =SUM(J10:J22) -> 27291770983 | M23: =G23='17'!G27 -> TRUE | N23: =J23='17'!I27 -> TRUE
B25: ='17'!E28 -> 17-5 | D25: مانده حساب سهامداران به شرح ذیل می باشد:
G26: 1403 | J26: 1402
G27: ریال | J27: ریال
D28: الستی یداله | G28: 1624074321 | J28: 1624074321
D29: الستی آریا | G29: 1369908516 | J29: 1369908516
D30: الستی مینا | G30: 1369908516 | J30: 1369908516
D31: الستی آلیس | G31: 1369908516 | J31: 1369908516
D32: فروزان نیا یداله | G32: 850315137 | J32: 850315137
D33: فروزان نیا حسنعلی | G33: 708307703 | J33: 708307703
D34: فروزان نیا آریان | G34: 374643000 | J34: 374643000
D35: فروزان نیا افشین | G35: 374643000 | J35: 374643000
D36: جاویدی هادی | G36: 304490739 | J36: 304490739
D37: فروزان نیا غلامحسین | G37: 180262781 | J37: 180262781
D38: جاویدی محمد مهدی | G38: 138377973 | J38: 138377973
D39: جاویدی محمد علی | G39: 138377973 | J39: 138377973
... D45: جاویدی معصومه | G45: 0 | J45: 0
G46: =SUM(G28:G45) -> 9172000454 | J46: =SUM(J28:K45) -> 9179688119 | M46: =G46='17'!G28 -> TRUE | N46: =J46='17'!I28 -> TRUE
A52: 24

Sheet 17-6
A1: شرکت داروسازی خوارزمی (سهامی خاص)
A2: =تاريخچه!A2 -> يادداشتهاي توضيحي صورتهاي مالي
A3: =سودوزيان!A3 -> سال مالی منتهی به 30 اسفند 1403
G5: 1403 | J5: 1402
B6: ='17'!E32 -> 17-6 | C6: مانده حساب سایر به شرح ذیل می باشد: | G6: ریال | J6: ریال
D7: بیمه تکمیلی درمان کارکنان | G7: 0 | J7: 0
D8: اقلام باز بدهکار صورتحسابهای بانکها | G8: 0 | J8: 0
D9: بدهی ماه قبل وجاری | G9: 352814 | J9: 114710429
D10: بیمه عمر و حوادث کارکنان | G10: 0 | J10: 0
D11: سپرده بیمه | G11: 9384088646 | J11: 4856688453
D12: سایر | G12: =14559302300-3968640000-1352262431-0+15087500 -> 9253487369 | J12: 2675613997
G13: =SUM(G7:G12) -> 18637928829 | H13: =SUM(#REF!) -> #REF! | I13: =SUM(#REF!) -> #REF! | J13: =SUM(J7:J12) -> 7647012879
G14: =SUM(G13:G13) -> 18637928829 | J14: =SUM(J13:J13) -> 7647012879 | M14: =G14='17'!G32 -> TRUE | N14: =J14='17'!I32 -> TRUE
B16: 17-8 | D16: مانده حسابهاي فوق تا تهيه اين گزارش طي چرخه عادي عمليات شركت در حال وصول مي باشد.
A20: 25

Sheet 18
A1: شرکت داروسازی خوارزمی (سهامی خاص )
A2: =تاريخچه!A2 -> يادداشتهاي توضيحي صورتهاي مالي
A3: =سودوزيان!A3 -> سال مالی منتهی به 30 اسفند 1403
A5: 18- | B5: موجودي نقد
F6: یادداشت | H6: 1403 | J6: 1402
H7: ریال | J7: ریال
B8: موجودي نزد بانك ها - ريالي | F8: 18-1 | H8: 35727631700 | J8: =J42 -> 147952653513
B9: موجودي نزد بانك ها - ارزی | F9: 18-2 | H9: 18005742425 | J9: =J50 -> 10320593622
B10: تنخواه | H10: 98685891 | J10: 1109050886
B11: صندوق ارزی | F11: 18-3 | H11: =H63 -> 13927445647 | J11: 10618526904
H12: =SUM(H8:H11) -> 67759505663 | J12: 170000824925 | P12: =H12='وضعيت مالي'!F16 -> TRUE | Q12: =J12='وضعيت مالي'!H16 -> TRUE
A14: 18-1- موجودي ریالی نزد بانكها به شرح زیر مي باشد:
H15: 1403 | J15: 1402
H16: ریال | J16: ریال
B17: بانک ملی شعبه ارج - 0233151715003 | H17: 12139628887 | J17: 0
B18: رفاه کارگران شعبه پارس مینو 42505630 | H18: 11725676274 | J18: 17099804169
B19: بانک توسعه تعاون شعبه ایران خودرو 171511119604071 | H19: 3705222958 | J19: 17008318138
B20: بانک صنعت و معدن شعبه صنعت 0200063068004 | H20: 1434616911 | J20: 46000473248
B21: بانک توسعه تعاون شعبه ایران خودرو 171531119604071 | H21: 1193203131 | J21: 0
B22: توسعه صادرات ایران مرکزی 0400005758007 | H22: 1000000000 | J22: 1000000000
B23: بانک تجارت ستارخان 33913192 | H23: 799043683 | J23: 799842083
B24: توسعه صادرات ایران مرکزی 0100012400004 | H24: 504514218 | J24: 1356436804
B25: بانک ملی ارج- سیبا 0104584951007 | H25: 433225748 | J25: 2511431263
B26: بانک ملت پارس خودرو - جام 296075/50 | H26: 375688900 | J26: 69492975
B27: بانک اقتصاد نوین شعبه صنعتگران 2-4208941-850-214 | H27: 340727578 | J27: 1736425280
B28: بانک پارسیان سایپا21150233 | H28: 153928316 | J28: 199158509
... B41: سایر | H41: 1358825645 | J41: 2129230934
H42: =SUM(H17:H41) -> 35727631700 | J42: =SUM(J17:J41) -> 147952653513 | P42: =H42=H8 -> TRUE | Q42: =J42=J8 -> TRUE
A43: 18-2- موجودي ارزی نزد بانكها به شرح زیر مي باشد:
B44: بانک دی ارزی 0305843062012 | H44: 7034570000 | J44: 4037210000
B45: بانک تجارت چیتگر - ارزی 80293348 | H45: 4379555100 | J45: 2506409700
B46: بانک ملت شرکت پارس خودرو- ارزی5072529441 | H46: 3661154395 | J46: 2095710286
B47: بانک ملت ارزی 8989046877 | H47: 1107972913 | J47: 635846798
B48: بانک ملی شعبه ارج -ارزی 1017210000019 | H48: 1046040559 | J48: 600304874
B49: سایر | H49: 776449458 | J49: 445111964
H50: =SUM(H44:H49) -> 18005742425 | J50: =SUM(J44:J49) -> 10320593622 | P50: =H50=H9 -> TRUE | Q50: =J50=J9 -> TRUE
H51: =H50+H42 -> 53733374125 | J51: =J50+J42 -> 158273247135
A52: 18-3- مانده صندوق به شرح زیر مي باشد:
F53: مبلغ ارزي | H53: 1403 | I53: 0 | J53: 1402
H54: ریال | J54: ریال | O54: 6149
B55: دلار آمریکا | F55: 18684 | H55: 13143390588 | J55: 5910312576 | O55: 35970
B56: یورو | F56: 815 | H56: 623894516 | J56: 787677651 | O56: 105.5
B57: دینار عراق | F57: 115501 | H57: 62070775 | J57: 3814651527 | O57: 1310
B58: یوان چین | F58: 316 | H58: 30345432 | J58: 78851406 | O58: 15
B59: ریال عمان | F59: 15 | H59: 27407355 | J59: 1744992 | O59: 20
B60: درهم | F60: 115 | H60: 20495529 | J60: 12491040 | O60: 115500
B61: روپیه هند | F61: 2406 | H61: 19457372 | J61: 12514737 | O61: 2396
B62: لیر ترکیه | F62: 21 | H62: 384080 | J62: 282975
H63: =SUM(H55:H62) -> 13927445647 | J63: =SUM(J55:J62) -> 10618526904 | P63: =H63=H11 -> TRUE | Q63: =J63=J11 -> TRUE
A65: 26

Sheet 19-20-21
A1: شرکت داروسازی خوارزمی(سهامی خاص)
A2: =تاريخچه!A2 -> يادداشتهاي توضيحي صورتهاي مالي
A3: =سودوزيان!A3 -> سال مالی منتهی به 30 اسفند 1403
A6: 19- | B6: سرمايه
B7: سرمايه شركت در تاريخ 1403/12/30 مبلغ 847.085.000.000 ريال شامل 847085000 سهم 1000 ريالي با نام پرداخت شده مي باشد
B8: تركيب سهامداران در تاريخ صورت وضعيت مالي به شرح زير است:
F9: 1403 | L9: 1402
F10: تعداد سهام | H10: درصد مالكيت | J10: مبلغ سهام | L10: تعداد سهام | N10: درصد مالكيت | P10: مبلغ سهام
B11: پوروزيري محمد | F11: 260141997 | H11: =J11/$J$16 -> 0.30710259 | J11: 260141997000 | L11: 2721 | N11: 0.30676437 | P11: 259855500000
B12: پوروزيري علي | F12: 251833500 | H12: =J12/$J$16 -> 0.29729425 | J12: 251833500000 | L12: 2637 | N12: 0.29729425 | P12: 251833500000
B13: پوروزيري امير حسين | F13: 250783000 | H13: =J13/$J$16 -> 0.29605411 | J13: 250783000000 | L13: 2626 | N13: 0.29605411 | P13: 250783000000
B14: جاويدي معصومه | F14: 61884000 | H14: =J14/$J$16 -> 0.073055242 | J14: 61884000000 | L14: 648 | N14: 0.073055242 | P14: 61884000000
B15: سايرين (كمتر 5 درصد) | F15: 22442503 | H15: =J15/$J$16 -> 0.026493803 | J15: 22442503000 | L15: 238 | N15: 0.026832018 | P15: 22729000000
F16: =SUM(F11:F15) -> 847085000 | H16: 100 | J16: =SUM(J11:J15) -> 847085000000 | L16: =SUM(L11:L15) -> 8870 | N16: 100 | P16: =SUM(P11:P15) -> 847085000000 | U16: =J16='وضعيت مالي'!F21 -> TRUE | V16: =P16='وضعيت مالي'!H21 -> TRUE
A18: ='وضعيت مالي'!D23 -> 20 | B18: اندوخته قانوني | D18: اندوخته قانوني
B19: در اجراي مفاد مواد 140و238 اصلاحيه قانون تجارت مصوب سال 1347 و ماده 30 اساسنامه ، مبلغ 84.709 میلیون ريال ازمحل سود قابل تخصيص، به اندوخته قانوني منتقل شده است. به موجب مفاد مواد ياد شده تا رسيدن مانده اندوخته قانوني به 10 درصد سرمايه شركت، انتقال يك بيستم از سود خالص هر سال به اندوخته فوق الذكر الزامي است. اندوخته قانوني قابل انتقال به سرمايه نمي باشد و جز در هنگام انحلال شركت، قابل تقسيم بين سهامداران نيست.
A26: ='وضعيت مالي'!D28 -> 21 | B26: ذخیره مزایای پایان خدمت کارکنان
H27: 1403 | J27: 1402
H28: ريال | J28: ريال
B29: مانده ابتدای سال | H29: 177158124384 | J29: 116107121127
B30: پرداخت شده طی سال | H30: -49782234407 | J30: =25180604285*-1 -> -25180604285
B31: ذخیره تامین شده | H31: 121308782510 | J31: 86231607542
B32: مانده ذخیره در پایان سال | H32: =SUM(H29:H31) -> 248684672487 | J32: =SUM(J29:J31) -> 177158124384 | U32: =H32='وضعيت مالي'!F28 -> TRUE | V32: =J32='وضعيت مالي'!H28 -> TRUE
V33: =J32-'وضعيت مالي'!H28 -> 0
B34: 21-1-ذخیره مزایای پایان خدمت کارکنان بر اساس یک ماه آخرین حقوق ثابت و مزایای مستمر برای هر سال خدمت آنان محاسبه و در حسابها منظور می شود.
A49: 27

Sheet 22
A1: شرکت داروسازی خوارزمی ( سهامی خاص )
A2: ='19-20-21'!A2:Q2 -> يادداشتهاي توضيحي صورتهاي مالي
A3: =سودوزيان!A3 -> سال مالی منتهی به 30 اسفند 1403
A5: 22- | B5: پرداختهاي تجاري و ساير پرداختني ها
A6: ='وضعيت مالي'!D31 -> 22 | B6: پرداختني هاي كوتاه مدت:
E7: یادداشت | G7: 1403 | I7: 1402
G8: ريال | I8: ريال
B9: تجاري:
B10: اسناد پرداختني:
D11: اشخاص وابسته | G11: 0 | I11: 0
D12: تامين كنندگان كالا و خدمات | E12: 22-1 | G12: ='22-1'!G59 -> 813784447922 | I12: 535950846612 | L12: کل 3110
G13: =SUM(G11:G12) -> 813784447922 | I13: =SUM(I11:I12) -> 535950846612
B15: حسابهاي پرداختني:
D16: اشخاص وابسته | E16: 22-2 | G16: 122580447431 | I16: 344136700663 | L16: 3115 کیمیا اثر
D17: ساير تامين كنندگان كالا و خدمات | E17: 22-3 | G17: ='22-3'!G71 -> 334376782363 | I17: 339557948126 | L17: ؟؟؟؟؟
G18: =SUM(G16:G17) -> 456957229794 | I18: =SUM(I16:I17) -> 683694648789
G19: =G18+G13 -> 1270741677716 | I19: =I18+I13 -> 1219645495401
B21: ساير پرداختني ها:
B22: اسناد پرداختني:
D23: اشخاص وابسته | E23: 22-4 | G23: 0 | I23: 0
D24: ساير اشخاص | E24: 22-4 | G24: ='22-4'!F82 -> 66468196829 | I24: 139495618819 | L24: کل 3210
G25: =SUM(G23:G24) -> 66468196829 | I25: =SUM(I23:I24) -> 139495618819
B27: حساب هاي پرداختني:
D28: اشخاص وابسته | E28: 22-5 | G28: ='22-4'!F90 -> 0 | I28: 429317396 | L28: 3212
D29: شرکتها و اشخاص | E29: 22-6 | G29: ='22-4'!F118 -> 181961364611 | I29: 99887098682 | L29: 3212
D30: حساب جاری سهامداران | E30: 22-7 | G30: ='22-4'!F129 -> 863492177188 | I30: 558528555203
D31: مالیات و عوارض ارزش افزوده | G31: 150964017055 | I31: 30683536785 | L31: 3236
D32: مالیات تکلیفی و حقوق دستمزد | G32: 69774155530 | I32: 16929768252 | L32: 3215
D33: ذخیره جریمه دیرکرد تسهیلات | G33: 67756778030 | I33: 0 | L33: 3250 | M33: آیا امکان داره توی مانده بدهکار بشینه؟؟؟
D34: بستانكاران كاركنان | G34: =62992074562+120820 -> 62992195382 | I34: 17978476735 | L34: 1450 | M34: ولی به مقداری تفاوت 62992074562
D35: حق بیمه های پرداختنی | G35: 20039086039 | I35: 28021522080 | L35: 3217
D36: سپرده ها بیمه پرداختنی | G36: 16937867662 | I36: 10327555229 | L36: 3221
D37: ذخیره مرخصی | G37: 15569618301 | I37: 18833571523 | L37: 4311
D38: سپرده حسن انجام کار | G38: 6634108579 | I38: 8120126470 | L38: 3220
D39: سایر سپرده ها | G39: 4131819000 | I39: 4131819000 | L39: 3299
D40: ذخیره حسابرسی | G40: 3345000000 | I40: 2230000000 | L40: 3229
D41: ذخيره هزينه آتي | G41: 0 | I41: 0
D42: ذخیره اعتبارات اسنادی | G42: 0 | I42: 0
D43: اتاق بازرگاني تهران | G43: 0 | I43: 0
D44: سایر | G44: =3548569409+5620874335+2304592098+8078423759-6 -> 19552459595 | I44: 5137500415 | L44: 3298-3235-3247-3227- | M44: حساب پرداختنی غیرتجاری؟؟؟؟
G45: =SUM(G28:G44) -> 1483150646972 | I45: =SUM(I28:I44) -> 801238847770
G46: =G45+G25 -> 1549618843801 | I46: =I45+I25 -> 940734466589
G47: =G19+G46 -> 2820360521517 | H47: =H46+H19+H13 -> 0 | I47: =I19+I46 -> 2160379961990 | L47: =G47='وضعيت مالي'!F31 -> TRUE | M47: =I47='وضعيت مالي'!H31 -> TRUE
A51: 28

Sheet 22-1
A1: شرکت داروسازی خوارزمی ( سهامی خاص )
A2: ='22'!A2:J2 -> يادداشتهاي توضيحي صورتهاي مالي
A3: =سودوزيان!A3 -> سال مالی منتهی به 30 اسفند 1403
D5: 22-1- اسناد پرداختني سایر تامین کنند گان کالا وخدمات به شرح زير تفكيك مي‌گردد:
E6: خرید | G6: 1403 | I6: 1402
G7: ریال | I7: ریال
D8: شرکت مفید شیشه | E8: مواد بسته بندی | G8: 460278000200 | I8: 44776559788
D9: شرکت صنایع شیمیایی کیمیاگران امروز | E9: مواد اولیه | G9: 83525838000 | I9: 16847050577
D10: شرکت البرز بالک | E10: مواد اولیه | G10: 81532956125 | I10: 0
D11: میران تجارت رسام | G11: 56558535660 | I11: 23124520476
D12: چاپ سنائی ( سید مهدی حاجی میر اسماعیلی و شریک ) | G12: 25628421500 | I12: 4175910990
D13: شرکت فناوران داروی رشد پارسیان | G13: 16935325000 | I13: 7728590500
D14: سانیار صنعت دارویی وارنا | E14: مواد اولیه | G14: 11825000000 | I14: 0
D15: چاپ پرستوک | E15: مواد بسته بندی | G15: 10635784500 | I15: 0
D16: شرکت رنگین نقش رازی | G16: 9730585210 | I16: 11914792943
D17: شرکت اکبریه | E17: مواد اولیه | G17: 9163200000 | I17: 1414500000
D18: شرکت کامل برچسب پرند | E18: مواد بسته بندی | G18: 8000000000 | I18: 4372417281
D19: شرکت تعاونی تولیدکنندگان محصولات غذایی بکتاش تامین | E19: مواد اولیه | G19: 5060000000 | I19: 7865500617
D20: شرکت تک نگار ( تعاونی چاپ تک نگار قرن امروز ) | E20: مواد بسته بندی | G20: 4816293900 | I20: 24879288330
D21: شرکت توسعه صنایع چاپ و بسته بندی کرمانشاه | G21: 4267106360 | I21: 7235185475
D22: شرکت بهان سار | E22: مواد اولیه | G22: 4266780000 | I22: 22850215000
D23: شرکت سامان سلامت پژوه | G23: 3395246800 | I23: 8096026012
D24: شرکت سینا کالای شمس | E24: مواد بسته بندی | G24: 4746500000 | I24: 0
D25: شرکت بازرگانی تجارت گستر پایا | E25: مواد بسته بندی | G25: 3657000000 | I25: 0
D26: چاپ وبسته بندی فرارنگ آریا | E26: مواد بسته بندی | G26: 3262154500 | I26: 0
D27: محیط زیست آسیا | E27: مواد بسته بندی | G27: 2167357500 | I27: 0
D28: محیط سازه پویش آزما | E28: مواد بسته بندی | G28: 2051500000 | I28: 0
D29: داروسازی ایران دارو | E29: مواد بسته بندی | G29: 1521182367 | I29: 0
D30: شرکت تولیدی پرشین کارتن آریان | E30: مواد بسته بندی | G30: 759680300 | I30: 0
D31: شرکت ثمین دارو ایرانیان | E31: مواد اولیه | G31: 0 | I31: 0
D32: پویا هنر نوین | E32: مواد بسته بندی | G32: 0 | I32: 0
D33: شرکت خوش شیمی تجارت | E33: مواد اولیه | G33: 0 | I33: 0
D34: شرکت بهینه پوشش جم | E34: مواد بسته بندی | G34: 0 | I34: 0
D35: شرکت کیمیا کالا | G35: 0 | I35: 0
D36: ایلیا فارمد ایرانیان | G36: 0 | I36: 0
D37: داروسازی فاران شیمی | G37: 0 | I37: 0
D38: شرکت تولیدی پرشین کارتن آریان | E38: مواد بسته بندی | G38: 0 | I38: 0
D39: پويان پيشرو كاوش | E39: مواد بسته بندی | G39: 0 | I39: 0
D40: خوش شیمی فارمد | E40: مواد اولیه | G40: 0 | I40: 0
D41: صنایع دارویی سلامت بزرگمهر | G41: 0 | I41: 0
D42: کاج سبز پرند | G42: 0 | I42: 0
D43: شرکت صنایع بسته بندی داروپات شرق | E43: مواد بسته بندی | G43: 0 | I43: 0
D44: شرکت دروند | E44: مواد بسته بندی | G44: 0 | I44: 0
D45: شرکت کیمیا الکل زنجان | G45: 0 | I45: 0
D46: شرکت جهان الکل طب اراک | G46: 0 | I46: 0
D47: شرکت صنايع بسته بندي آيدانار | E47: مواد بسته بندی | G47: 0 | I47: 0
D48: سید صابر علوی فوشازده-سرای کهن | G48: 0 | I48: 0
D49: شرکت شیمی داروئی داروپخش | E49: مواد اولیه | G49: 0 | I49: 0
D50: شرکت مهندسی و تولیدی ماریلا صنعت | G50: 0 | I50: 0
D51: رهامهر پارتاک | G51: 0 | I51: 0
D52: شرکت شهاب شرق | G52: 0 | I52: 0
D53: شرکت آماد پلاست فارمد | E53: مواد بسته بندی | G53: 0 | I53: 0
D54: شرکت شیمیایی و داروئی باران | G54: 0 | I54: 0
D55: شرکت آروین کالا کیمیا البرز (آروما) | G55: 0 | I55: 0
D56: شرکت تولید مواد اولیه داروپخش (تماد) | E56: مواد اولیه | G56: 0 | I56: 0
D57: شرکت دارویی ره آورد تامین | E57: مواد اولیه | G57: 0 | I57: 0
D58: سایر | G58: 0 | I58: =2641581537+348028707086 -> 350670288623
G59: =SUM(G8:G58) -> 813784447922 | I59: =SUM(I8:I58) -> 535950846612 | M59: =G59='22'!G12 -> TRUE | N59: =I59='22'!I12 -> TRUE
D62: 22-2- حسابهای پرداختني اشخاص وابسته مربوط به شرکت کیمیا اثر سلامت می باشد.
A65: 29

Sheet 22-3
A1: شرکت داروسازی خوارزمی ( سهامی خاص )
A2: ='22-1'!A2:J2 -> يادداشتهاي توضيحي صورتهاي مالي
A3: =سودوزيان!A3 -> سال مالی منتهی به 30 اسفند 1403
D6: 22-3-حساب پرداختنی سایر تامین کنندگان کالا وخدمات به شرح زير تفكيك مي‌گردد:
G7: 1403 | I7: 1402
G8: ریال | I8: ریال
D9: سازمان غذا و دارو | G9: 98496827338 | I9: 100780340800 | K9: 3199
D10: صنایع شیمیایی کیمیاگران امروز | G10: 64261118840 | I10: 4185600000 | K10: 3114
D11: شرکت بهینه پوشش جم | G11: 25735288066 | I11: 1043736016 | K11: 3115
D12: شرکت سپاهان پردازش دنا | G12: 23512348875 | I12: 23512348875 | K12: 3115
D13: شرکت رنگین نقش رازی | G13: 18525119412 | I13: 7734082131 | K13: 3115
D14: شرکت تهرانکسری | G14: 17297817968 | I14: 12282203025 | K14: 3115
D15: شرکت صنایع بسته بندی داروپات شرق | G15: 10537711250 | I15: 9532237207 | K15: 3115
D16: هزار نقش آریا | G16: 10378436200 | I16: 0 | K16: 3115
D17: تریتا تجارت آریا | G17: 8324250000 | I17: 0 | K17: 3114
D18: شرکت صنایع بسته بندی آیدانار | G18: 7705945500 | I18: 14600920600 | K18: 3115
D19: شرکت سامان سلامت پژوه | G19: 7214487500 | I19: 8172449727 | K19: 3115
D20: شرکت تولیدی پرشین کارتن آریان | G20: 5017647800 | I20: 6012484655 | K20: 3115
D21: شرکت دروند | G21: 4379649999 | I21: 0 | K21: 3115
D22: شرکت تولید مواد اولیه داروپخش (تماد) | G22: 3998369690 | I22: 0 | K22: 3114-1645
D23: شرکت اطمینان توسعه آتیه یکتا | G23: 2517513460 | I23: 0 | K23: 3115
D24: میران تجارت رسام | G24: 2490671095 | I24: 26954554955 | K24: 3115
D25: سرای کهن | G25: 1917573600 | I25: 0 | K25: 3115
D26: تعاونی بانوان گل یاس کبود | G26: 1887810000 | I26: 0 | K26: 3114
D27: Khonsu International Co LTD | G27: 1537782000 | I27: 1537782000 | K27: 3119
D28: شرکت شهاب شرق | G28: 1486387445 | I28: 720419368 | K28: 3115
D29: کاویان شیمی | G29: 1210000000 | I29: 0 | K29: 3114
D30: صنایع شیمیایی و داروئی تبریز | G30: 1171643378 | I30: 13652258378 | K30: 3114
D31: شرکت کارخانجات داروپخش | G31: 849391765 | I31: 0 | K31: 3114
D32: گروه مهندسی بازرگانی تجارت گستر پایا | G32: 783750000 | I32: 0 | K32: 3114
D33: داروسازی ابن ماسویه | G33: 780280000 | I33: 0 | K33: 3114
D34: شرکت تولیدی اکوصنعت تجارت آریا | G34: 751080000 | I34: 0 | K34: 3115
D35: شرکت البرز فارمد | G35: 743109581 | I35: 16892829850 | K35: 3114
D36: شرکت آروین کالا کیمیا البرز | G36: 626578000 | I36: 0 | K36: 3114-1645
D37: شرکت حکیمان طب کار | G37: 590065980 | I37: 0 | K37: 3199-1420
D38: شرکت مکمل سلامت فارمد | G38: 557612821 | I38: 0 | K38: 3115
D39: پویان پیشرو کاوش | G39: 535100503 | I39: 3473202708 | K39: 3115
D40: شرکت سینا کالای شمس | G40: 439594960 | I40: 439644960 | K40: 3115-1650
D41: محمد تقی قدس الهی-چاپ معاصر | G41: 409969528 | I41: 1215708428 | K41: 3115
D42: کالا بر چسب | G42: 149424826 | I42: 167229976 | K42: 3115
D43: پایش تجارت خوارزمی | G43: 144175942 | I43: 0 | K43: 3199-1420
D44: اکسیر هیراد | G44: 113469000 | I44: 113469000 | K44: 3114
D45: شرکت دارو پوش | G45: 6111359 | I45: 2549453049 | K45: 3115
D46: چاپ سنائی ( سید مهدی حاجی میر اسماعیلی و شریک ) | G46: 0 | I46: 0
D47: شرکت چاپ مرمر | G47: 0 | I47: 0
D48: شرکت مفید شیشه | G48: 0 | I48: 0
D49: شرکت بهان سار | G49: 0 | I49: 0
D50: صنعتی و پژوهشی زرنام | G50: 0 | I50: 0
D51: شرکت کارتن البرز | G51: 0 | I51: 0
D52: نمونه پلاست ( شرکت نمونه پلاست پارس) | G52: 0 | I52: 0
D53: شرکت پردیس پلاست کویر | G53: 0 | I53: 0
D54: تدبیر دارو سلامت | G54: 0 | I54: 0
D55: درب غذائی ناصر(حکم اله نجفی) | G55: 0 | I55: 0
D56: شرکت تولیدژلاتین کپسول ایران | G56: 0 | I56: 0
D57: شرکت پایش تجارت خوارزمی | G57: 0 | I57: 0
... D68: پویا طب جاوید شرق | G68: 0 | I68: 0
D69: شرکت کیمیا پیوند تندرست | G69: 0 | I69: 0 | K69: =I69+I68+I67+I66+I70 -> 83984992418
D70: سایر | G70: =1718078249+5718766375-144175942 -> 7292668682 | I70: =32655549712+51329442706 -> 83984992418
G71: =SUM(G9:G70) -> 334376782363 | I71: =SUM(I9:I70) -> 339557948126 | K71: =G71='22'!G17 -> TRUE | L71: =I71='22'!I17 -> TRUE
A75: 30

Sheet 22-4
A1: شرکت داروسازی خوارزمی ( سهامی خاص )
A2: ='22-3'!A2:J2 -> يادداشتهاي توضيحي صورتهاي مالي
A3: =سودوزيان!A3 -> سال مالی منتهی به 30 اسفند 1403
B5: 22-4- | D5: اسناد پرداختنی سایر اشخاص به شرح ذیل می باشد.
F6: 1403 | H6: 1402
F7: ریال | H7: ریال
D8: سازمان امورمالیاتی دارایی(ارزش افزوده و عملكرد) | F8: 49743020209 | H8: 64223093042
D9: بیمه آسیا | F9: 12680000000 | H9: 5000000000
D10: شرکت همکاران سیستم پناه تهران | F10: 291335200 | H10: 17388453679
D11: شرکت کیان سیر محمد | F11: 0 | H11: 0
D12: موسسه خیریه حضرت رقیه (ع)-آوای باران امید | F12: 0 | H12: 0
D13: منشور طب کوروش | F13: 0 | H13: 0
D14: شرکت گروه فنی مهندسی پارت دارو الوند | F14: 0 | H14: 0
D15: شرکت افشان نگار آریا | F15: 0 | H15: 0
D16: تراشکاری مهدوی-حیدر مهدوی حاجی | F16: 0 | H16: 0
D17: باقر خجسته-فروشگاه تکنو صنعت | F17: 0 | H17: 0
D18: شرکت پتروشاران | F18: 0 | H18: 0
D19: سایر اقلام | F19: 3753841420 | H19: =14111901548+38772170550 -> 52884072098
D20: جاویدی محمد علی
D21: محمدرضائی مینا
D22: جاویدی نرجس
D23: جاویدی طاهره
D24: داده افرا مهرگان
D25: شرکت مهندسی زیستی آروکو فرایند سازان شریف
D26: مجتمع صنایع شیمیایی دکتر مجللی
D27: عربی وحید
D28: محمدی امیر
D29: در ریخته ابوالفضل
D30: نایلون باستان پارس
D31: کامرانی شکر لو شهرام
... D80: فرمهینی فراهانی علیرضا
F81: 0 | H81: 0
F82: =SUM(F8:F81) -> 66468196829 | H82: =SUM(H8:H81) -> 139495618819 | J82: =F82='22'!G24 -> TRUE | K82: =H82='22'!I24 -> TRUE
B84: 22-5- | D84: حسابهای پرداختنی غیر تجاری اشخاص وابسته به شرح ذیل می باشد.
F85: 1403 | H85: 1402
F86: ریال | H86: ریال
D87: شرکت داروسازی التیام | F87: 0 | H87: 0
D88: شرکت پایش تجارت خوارزمی | F88: 0 | H88: 0
D89: شرکت پلاسمای خوارزمی | F89: 0 | H89: 429317396 | J89: 3212
F90: 0 | H90: =SUM(H87:H89) -> 429317396 | J90: =F90='22'!G28 -> TRUE | K90: =H90='22'!I28 -> TRUE
B92: 22-6- | D92: شرکتها و اشخاص غیرتجاری به شرح ذیل می باشد:
F93: 1403 | H93: 1402
F94: ریال | H94: ریال
D95: شرکت کیان سیر محمد | F95: 49418465000 | H95: 4663955750 | J95: 3212 | L95: التیام- وستا تجهیز-طب کار ایساتیس- بیمه ایران- توزیع برق- ناجیان حریق البرز- بیوفارمسی پارس- تولیدی و صنعتی نوید- پروتئین یاری- گلستانیان-
D96: دارایی-ارزش افزوده و عملكرد | F96: 22767690107 | H96: 24584161027 | J96: 3212
D97: پیمان ترحمی | F97: 16216340814 | H97: 0 | J97: 1430
D98: موسسه خیریه حضرت رقیه-آوای باران امید | F98: 11250000000 | H98: 0 | J98: 3212
D99: شركت افشان نگار آريا | F99: 6626850000 | H99: 115185000 | J99: 3212
D100: برنج فروشی علی گلی | F100: 5605600000 | H100: 0 | J100: 3212
D101: سیامک اکتائی(ماشین آلات صنعتی اکتائی) | F101: 5271500000 | H101: 0 | J101: 3212
D102: اتاق بازرگانی تهران | F102: 4563773969 | H102: 4569228969 | J102: 3212
D103: فروشگاه پروتئین پایتخت- بهروز طهماسب نژاد | F103: 4484914000 | H103: 3382185000 | J103: 3212
D104: شرکت همکاران سیستم البرز | F104: 4299200000 | H104: 4299200000 | J104: 3212
D105: دقت پویای نوین | F105: 3514500000 | H105: 0 | J105: 3212
D106: تراشککاری مهدوی | F106: 2875000000 | H106: 0 | J106: 3212
D107: منشور طب کوروش | F107: 2394700000 | H107: 1556520000 | J107: 3212
D108: Winning Trading (HK) CO LTD | F108: 2160000000 | J108: 3212
D109: تولید و پخش برادران دودانگه | F109: 1403200000 | H109: 1896290000 | J109: 3212
D110: شركت گروه فني مهندسي پارت دارو الوند | F110: 1333212500 | H110: 1596032500 | J110: 3212
D111: شهرداری منطقه 21 | F111: 1249699000 | H111: 1249699000 | J111: 3212
D112: شركت صنايع مكمل سازي ستارگان نيك | F112: 390426152 | H112: 390426152 | J112: 3212
D113: دانش و درمان تبسم | F113: 256349260 | H113: 536144260 | J113: 3212
D114: شركت عمران بعثت خاتم | F114: 5355603 | H114: 5355603 | J114: 3212
D115: شرکت کار دارو فرایند | F115: 0 | H115: 3008553200
D116: سفید بچ گیلان کارخانه شالیکوبی (محمد ابراهیم گلپایگانی) | F116: 0 | H116: 1968000000
D117: سایر | F117: 35874588206 | H117: 46066162221
F118: =SUM(F95:F117) -> 181961364611 | H118: =SUM(H95:H117) -> 99887098682 | J118: =F118='22'!G29 -> TRUE | K118: =H118='22'!I29 -> TRUE
B119: 22-7- | D119: حساب جاری سهامداران به شرح زیر تفکیک می گردد.
F120: 1403 | H120: 1402
F121: ریال | H121: ریال
D122: پوروزيري امير حسين | E122: 3230 | F122: 494871084672 | H122: 183789212687 | K122: =M122+F124 -> -80397081310 | L122: دکتر محمد پوروزیری | M122: -203258605762
D123: پوروزيري علي | E123: 3230 | F123: 185474463875 | H123: 185474463875 | K123: =M123+F123 -> -16736825459 | L123: دکتر علی پوروزیری | M123: -202211289334
D124: پوروزيري محمد - اگه مانده بدهکار داشت کسر میشه | E124: 3230-1430 | F124: 122861524452 | H124: 128979774452
D125: جاويدي معصومه -- اگه مانده بستانکار داشت، جمع میشه | E125: 3230+1430 | F125: 60116250000 | H125: =2192650000+57923600000 -> 60116250000 | K125: =M125+F122 -> 292834155198 | L125: دکترامیر حسین پوروزیری | M125: -202036929474
D126: سایر شرکاء ----- قانون بالا شامل این نمیشه | F126: 168854189 | H126: 168854189 | K126: =M126+F125 -> -72422804937 | L126: دکتر خانم معصومه جاویدی | M126: -132539054937
D127: فروزان نیا حسنعلی | H127: 142656545
D128: فروزان نیا غلامحسین | H128: 26197644
F129: =SUM(F122:F126) -> 863492177188 | H129: =SUM(H122:H126) -> 558528555203 | K129: 168854189 | Q129: =H129-#REF! -> #REF!
K130: =K129+K126+K123+K125+K122 -> 123446297681 | Q130: 966305574
B131: 22-8- مانده حسابهاي فوق تا تاريخ تهيه اين گزارش طي چرخه عادي اين شركت در حال تسويه مي باشد. | Q131: =Q129-Q130 -> #REF!
A133: 31 | K133: =F129='22'!G30 -> TRUE | L133: =H129='22'!I30 -> TRUE

Sheet 23-24
A1: شرکت داروسازی خوارزمی (سهامی خاص )
A2: ='22-4'!A2:I2 -> يادداشتهاي توضيحي صورتهاي مالي
A3: =سودوزيان!A3 -> سال مالی منتهی به 30 اسفند 1403
A5: ='وضعيت مالي'!D32 -> 23 | B5: مالیات پرداختنی
C6: 23-1 | E6: گردش حساب مالیات پرداختنی (شامل مانده حساب ذخیره واسناد پرداختنی) به قرار ذیل است:
I7: 1400 | K7: 1399
I8: ریال | K8: ریال
E9: مانده درابتدای سال | I9: =K13 -> 156150589217 | K9: =S23 -> 36727273958
E10: ذخیره مالیات عملکرد سال | I10: =Q25 -> 2.371243e+11 | K10: =O24 -> 45049062486
E11: تعدیل ذخیره مالیات عملکرد سال های قبل | K11: =M24-O24 -> 74374252773
E12: پرداختی طی سال | I12: =O24*-1+S23*-1 -> -81776336444 | K12: 0
I13: =SUM(I9:I12) -> 3.1149855e+11 | K13: =SUM(K9:K12) -> 156150589217
I14: =SUM(I13:I13) -> 3.1149855e+11 | K14: =SUM(K13:K13) -> 156150589217
C16: 23-2 | E16: خلاصه وضعیت مالیات پرداخنی به شرح زیر است:
I17: مالیات
I18: 1400 | S18: 1399
C19: سال مالی | E19: سود (زیان) ابرازی | G19: درآمد مشمول مالیات ابرازی | I19: ابرازی | K19: تشخیصی | M19: قطعی | O19: پرداختی | Q19: مانده پرداختنی | S19: مالیات پرداختنی | U19: نحوه تشخیص
C20: 1395 | E20: 39640995105 | G20: 11247355414 | I20: 2811838854 | K20: 68287887307 | M20: 26388157260 | O20: 0 | Q20: 0 | S20: 0 | U20: قطعی
C21: 1396 | E21: 18094500496 | G21: 11230279732 | I21: 2799147223 | K21: 37669252155 | M21: 17914097351 | O21: 0 | Q21: 0 | S21: 0 | U21: قطعی
C22: 1397 | E22: 127110268234 | G22: 50039681941 | I22: 12509920485 | K22: 47600815094 | M22: 38080652075 | O22: 0 | Q22: 0 | S22: 0 | U22: قطعی
C23: 1398 | E23: 592096390325 | G23: 571571391257 | I23: 114314278251 | K23: 153223778361 | M23: 151041552209 | O23: 36727273958 | Q23: 0 | S23: 36727273958 | U23: قطعی
C24: 1399 | E24: 300572875529 | G24: 224494431988 | I24: 45049062486 | K24: 140866339594 | M24: =74374252773+45049062486 -> 119423315259 | O24: 45049062486 | Q24: =M24-O24 -> 74374252773 | S24: 119945224259 | U24: قطعی | V24: 74374252773
C25: 1400 | E25: =سودوزيان!F18 -> 1.231812e+12 | G25: =E25 -> 1.231812e+12 | I25: =سودوزيان!F21*-1 -> 2.371243e+11 | K25: 0 | L25: 0 | M25: 0 | O25: =6556 -> 6556 | Q25: =I25+M25-O25 -> 2.371243e+11 | S25: 0 | U25: رسیدگی نشده | V25: =V24+S24 -> 194319477032
Q26: =SUM(Q20:Q25) -> 3.1149855e+11 | S26: =SUM(S20:S24) -> 156672498217 | V26: 521909000
Q27: 0 | S27: 0 | V27: =S24+V26 -> 120467133259
Q28: =SUM(Q26:Q27) -> 3.1149855e+11 | S28: =SUM(S26:S27) -> 156672498217
C30: 23-2-1 | E30: مالیات بردرآمد شرکت برای کلیه سالهای قبل از 1399 قطعی و تسویه شده است.
C31: 23-2-2 | E31: مالیات بر عملکرد سال 1399 طبق برگه قطعی صادره مورد پذیرش قرار گردیده و بصورت اقساطی در حال پرداخت میباشد.
A33: ='وضعيت مالي'!D33 -> 24 | B33: سود سهام پرداختنی
I35: 1401 | M35: 1400
I36: مانده پرداخت نشده | K36: جمع | M36: مانده پرداخت نشده | O36: جمع
E37: سنوات قبل از | I37: =M42 -> 54452115588 | K37: =I37 -> 54452115588 | M37: 13336438331 | O37: =M37 -> 13336438331
E38: عملکرد سال 97 | I38: 0 | K38: =I38 -> 0 | M38: 0 | O38: =M38 -> 0
E39: عملکرد سال 98 | I39: 0 | K39: =I39 -> 0 | M39: 41115677257 | O39: =M39 -> 41115677257
E40: عملکرد سال 99 | I40: 67767170 | K40: =I40 -> 67767170 | M40: 0 | O40: =M40 -> 0
E41: عملکرد سال 1400 | I41: 0 | K41: =I41 -> 0 | M41: 0 | O41: =M41 -> 0
I42: =SUM(I37:I41) -> 54519882758 | K42: =SUM(K37:K41) -> 54519882758 | M42: =SUM(M37:M41) -> 54452115588 | O42: =SUM(O37:O41) -> 54452115588
A44: 32
B46: 29
K179: .
K372: 0

Sheet 23
A1: شرکت داروسازی خوارزمی ( سهامی خاص )
A2: يادداشتهاي توضيحي صورتهاي مالي
A3: سال مالی منتهی به 30 اسفند 1403
A5: 23- | B5: مالیات پرداختنی
B6: 23-1 | D6: گردش حساب مالیات پرداختنی (شامل مانده حساب ذخیره واسناد پرداختنی) به قرار ذیل است:
H7: 1402 | J7: 1401
H8: ریال | J8: ریال
D9: مانده درابتدای سال | H9: 295199739070 | J9: 99958736717
D10: ذخیره مالیات عملکرد سال | H10: 454995281257 | J10: 192179032404
D11: تعدیل ذخیره مالیات عملکرد سال های قبل | H11: 227867153958 | J11: 3061969949
D12: پرداختی طی سال | H12: 350707202665- | J12: 103902866000-
H13: =SUM(H9:H12) -> 978062174285 | J13: =SUM(J9:J12) -> 295199739070
H14: =SUM(H13:H13) -> 978062174285 | J14: =SUM(J13) -> 295199739070
B16: 23-2 | D16: خلاصه وضعیت مالیات پرداخنی به شرح زیر است:
H17: مالیات
H18: 1403 | R18: 1402
B19: سال مالی | D19: سود (زیان) ابرازی | F19: درآمد مشمول مالیات ابرازی | H19: ابرازی | J19: تشخیصی | L19: قطعی | N19: پرداختی | P19: مانده پرداختنی | R19: مالیات پرداختنی | T19: نحوه تشخیص
B20: 1395 | D20: 39640995105 | F20: 11247355414 | H20: 2811838854 | J20: 68287887307 | L20: 26388157260 | N20: 0 | P20: 0 | R20: 0 | T20: قطعی
B21: 1396 | D21: 18094500496 | F21: 11230279732 | H21: 2799147223 | J21: 37669252155 | L21: 17914097351 | N21: 0 | P21: 0 | R21: 0 | T21: قطعی
B22: 1397 | D22: 127110268234 | F22: 50039681941 | H22: 12509920485 | J22: 47600815094 | L22: 38080652075 | N22: 0 | P22: 0 | R22: 0 | T22: قطعی
B23: 1401 | D23: 1484079861166 | F23: 1344321861189 | H23: 192179032404 | J23: =379977111362+1608289103 -> 381585400465 | L23: =379977111362+1608289103 -> 381585400465 | N23: =379977111362+1608289103 -> 381585400465 | P23: 0 | R23: 172359690363 | T23: رسیدگی به دفاتر | U23: 187798078958 | W23: =R23+U23 -> 360157769321
B24: 1402 | D24: 2281344124948 | F24: 2274976406285 | H24: 485783143091 | J24: 563363651533 | L24: 545949079117 | N24: 485783143091 | P24: 47740369363 | R24: 568744101571 | T24: رسیدگی به دفاتر | U24: 521909000
B25: 1403 | D25: =سودوزيان!F18 -> 1.231812e+12 | F25: =D25-23353106087-22837331920 -> 1.1856215e+12 | H25: 237124303102 | J25: 0 | L25: 0 | N25: 0 | P25: 237124303102 | R25: 0 | T25: رسیدگی نشده
P26: =SUM(P23:P25) -> 284864672465 | R26: =SUM(R23:R24) -> 741103791934 | U26: =P26-'وضعيت مالي'!F32 -> 0 | V26: =R26-'وضعيت مالي'!H32 -> 0
B28: 23-2-1- | D28: مالیات بردرآمد شرکت برای کلیه سالهای قبل از 1401 قطعی و تسویه شده است.
B29: 23-2-2- | D29: مالیات بر درآمد شرکت برای سال 1401رسیدگی گردیده ونسبت به برگ.
B30: 23-2-2- | D30: مالیات بر عملکرد سال 1402رسیدگی شده و در مرحله صدور برگ قطعی می باشد همچنین پرداخت مالیات ابرازی بصورت اقساطی در حال پرداخت می باشد.
A32: 24- | B32: سود سهام پرداختنی
H34: 1403 | J34: 1402
H35: ریال | J35: ریال
D36: سنوات قبل | H36: 747798525569 | J36: 54519882758
D37: عملکرد سال 1400 | H37: 0 | J37: 11305362280
D38: عملکرد سال 1401 | H38: 0 | J38: 681973280531
D39: عملکرد سال 1402 | H39: 171260002338 | J39: 0
H40: =SUM(H36:H39) -> 919058527907 | J40: 747798525569 | U40: =H40='وضعيت مالي'!F33 -> TRUE | V40: =J40='وضعيت مالي'!H33 -> TRUE
A43: 32
J178: .
J371: 0

Sheet 25
A1: شرکت داروسازی خوارزمی (سهامی خاص)
A2: ='23-24'!A2:U2 -> يادداشتهاي توضيحي صورتهاي مالي
A3: =سودوزيان!A3 -> سال مالی منتهی به 30 اسفند 1403
A5: 25- | B5: تسهيلات مالي
G6: 1403 | I6: 1402
G7: ریال | I7: ریال
B8: تسهيلات دريافتي از بانکها | G8: =G31 -> 1277822241866 | I8: 1621970308750
B9: سود و کارمزد سالهای آتی | G9: -87735704378 | I9: -143418081413
B10: سپرده های مسدودی نزد بانک | G10: -331195293165 | I10: -346477000000
G11: =SUM(G8:G10) -> 858891244323 | I11: =SUM(I8:I10) -> 1132075227337 | N11: =G11-'وضعيت مالي'!F34 -> 0 | O11: =I11-'وضعيت مالي'!H34 -> 0
A13: 25-1- | B13: تسهيلات دريافتي بر حسب مباني مختلف به شرح زير است:
A14: 25-1-1 | B14: به تفکیک تامین کنندگان تسهیلات:
G15: 1403 | I15: 1402
G16: ریال | I16: ریال
D17: بانک اقتصاد نوين | G17: 703677058996 | I17: 588708087961
D18: بانک توسعه تعاون | G18: 336339249330 | I18: 115603085584
D19: بانک دی | G19: 108459874750 | I19: 187124639112
D20: بانک ملی | G20: 88731928787 | I20: 93099742298
D21: سپه | G21: 26179056652 | I21: 298006719687
D22: بانك صنعت و معدن | G22: 9527363291 | I22: 48264194382
D23: بانک رفاه | G23: 4907710060 | I23: 157130967996
D24: بانك كارآفرين | G24: 0 | I24: 134032871730
D25: ذخیره هزینه های تحقق یافته و پرداخت نشده | G25: 0 | I25: 0
D26: بانك ملت | G26: 0 | I26: 0
D27: بانک سینا | G27: 0 | I27: 0
D28: بانک پاسارگاد | G28: 0 | I28: 0
... D30: شهر | G30: 0 | I30: 0
G31: =SUM(G17:G30) -> 1277822241866 | I31: =SUM(I17:I30) -> 1621970308750 | N31: =G31=G8 -> TRUE | O31: =I31=I8 -> TRUE
A34: 25-1-2 | B34: به تفکیک نرخ وسود کارمزد
G35: 1403 | I35: 1402
G36: ریال | I36: ریال
D37: 23درصد | G37: =G31 -> 1277822241866 | I37: 1621970308750
G38: =SUM(G37:G37) -> 1277822241866 | I38: =SUM(I37:I37) -> 1621970308750
A41: 25-1-3 | B41: به تفکیک زمان بندی پرداخت
G42: 1403
G43: ریال
D44: 1403 | G44: =G38 -> 1277822241866
G45: =SUM(G44) -> 1277822241866
A48: 25-1-4 | B48: به تفکیک نوع وثیقه
G49: 1403
G50: ریال
D51: زمین و ساختمان | G51: =G22 -> 9527363291
D52: چک و سفته | G52: 931955645912
D53: سرمایه گذاری-سهام وثیقه | G53: 336339232663
G54: =SUM(G51:G53) -> 1277822241866
A65: 33

Sheet 26-27
A1: شرکت داروسازی خوارزمی (سهامی خاص )
A2: يادداشتهاي توضيحي صورتهاي مالي
A3: =سودوزيان!A3 -> سال مالی منتهی به 30 اسفند 1403
A5: 26- پیش دریافت ها
C6: یاداشت | D6: 1403 | F6: 1402
D7: ریال | F7: ریال
B8: شرکت نوین فارما لیمیتد | C8: 26-1 | D8: 99251055924 | F8: 147320376218 | H8: این از کجا محاسبه شده؟؟؟
B9: شرکت سینا طب ثمین | D9: 14307068304 | F9: 0 | H9: 3311
B10: شرکت داروئی امین اعلا | D10: 7506524933 | F10: 0 | H10: 1321 | Q10: این چرا با بقیه فرق داره؟
B11: Tec Pharma Spain | D11: 5481890000 | F11: 9500000000 | H11: 1321 | Q11: این چرا با بقیه فرق داره؟
B12: حکیمان طب کار | D12: 5210390103 | F12: 0 | H12: 3311
B13: Saviours Pharma | D13: 4000000000 | F13: 4000000000 | H13: 3311
B14: شرکت دارودرمان آرنگ | D14: 1443456333 | F14: 0 | H14: 3311
B15: سمر طب درمان | D15: 202835430 | F15: 202835430 | H15: 3311
B16: سایر | D16: =81087002+47623923 -> 128710925 | F16: 81087002
D17: =SUM(D8:D16) -> 137531931952 | F17: 161104298650 | Q17: =D17='وضعيت مالي'!F35 -> TRUE | Z17: =F17='وضعيت مالي'!H35 -> TRUE
A20: 26-1- مبلغ دریافت شده از شرکت نوین فارما لیمیتد بابت پیش دریافت سفارشات تولید محصولات صادراتی شرکت فوق، درسال 1404می باشدکه درزمان تهیه صورتهای مالی مبلغ34.000 میلیون ریال فاکتور فروش صادر ودرسال مالی1404 ازحساب مشتری کسر می گردد ومابقی مانده حساب فوق با توجه به برنامه ریزی تولیددرسال مالی1404 تولیدوتحویل مشتری خواهدشد.
A24: 34

Sheet 28-29
A1: شرکت داروسازی خوارزمی (سهامی خاص)
A2: ='26-27'!A2:O2 -> يادداشتهاي توضيحي صورتهاي مالي
A3: =سودوزيان!A3 -> سال مالی منتهی به 30 اسفند 1403
A5: 28- نقد حاصل از عملیات
D7: 1403 | F7: 1402
D8: ریال | F8: ریال
B9: سود خالص | D9: =سودوزيان!F22 -> 9.9468765e+11 | F9: =سودوزيان!H22 -> 1.7126e+12
D10: =SUM(D9) -> 9.9468765e+11 | F10: =SUM(F9:F9) -> 1.7126e+12
B11: :تعدیلات
B12: هزینه مالیات بر درآمد | D12: =-سودوزيان!F21 -> 2.371243e+11 | E12: =سودوزيان!G21 -> 0 | F12: =-سودوزيان!H21 -> 568744101571
B13: هزینه های مالی | D13: =-سودوزيان!F16 -> 350456102062 | E13: =سودوزيان!G16 -> 0 | F13: =سودوزيان!H16*-1 -> 368228749228
B14: (افزایش) در ذخیره مزایای پایان خدمات کارکنان | D14: ='وضعيت مالي'!F28-'وضعيت مالي'!H28 -> 71526548103 | F14: 61051003257
B15: استهلاک دارایی های غیر جاری | D15: ='12-1'!AB13+'13-14'!O18 -> 83006931659 | F15: 85187490146 | N15: 0
B16: سود حاصل از سرمایه گذاری ها | D16: ='8.9.10.11'!G38*-1 -> -23353106087 | F16: -6984252778
B17: خالص سود(زیان) تسعیر ارز | D17: =-'8.9.10.11'!G9 -> -22837331920 | F17: -22563104580
B18: جمع تعدیلات | D18: =SUM(D12:D17) -> 6.9592345e+11 | F18: =SUM(F12:F17) -> 1053663986844
B19: تغییرات در سرمایه در گردش :
B20: افزایش دریافتنی های عملیاتی | D20: ='وضعيت مالي'!H15-'وضعيت مالي'!F15 -> -2284333975225 | F20: =425675446042*-1 -> -425675446042
B21: کاهش (افزایش) موجودی مواد و کالا | D21: ='وضعيت مالي'!H14-'وضعيت مالي'!F14 -> 1048044906684 | F21: -1642743238701 | N21: 180640372317
B22: کاهش (افزایش) پیش پرداخت های عملیاتی | D22: ='وضعيت مالي'!H13-'وضعيت مالي'!F13 -> 111371814013 | F22: 447527212974 | N22: =D23-N21 -> 479340187211
B23: افزایش (کاهش) پرداختنی های عملیاتی | D23: ='وضعيت مالي'!F31-'وضعيت مالي'!H31-'جريان هاي نقدي'!E24+1 -> 659980559528 | F23: -800935750524 | P23: 557871255478
B24: کاهش (افزایش) پیش دریافت های عملیاتی | D24: ='وضعيت مالي'!F35-'وضعيت مالي'!H35 -> -23572366698 | F24: =111349832199 -> 111349832199
B25: جمع تغییرات در سرمایه درگردش | D25: =SUM(D20:D24) -> -488509061698 | F25: =SUM(F20:F24) -> -2310477390094
B26: نقد حاصل از عملیات | D26: =D10+D18+D25 -> 1.202102e+12 | F26: =F10+F18+F25+1 -> 4.5578662e+11
A52: 29- معاملات غیر نقدی
B53: معاملات غیر نقدی عمده طی سال به شرح زیر است:
D54: 1400 | F54: 1399
D55: ریال | F55: ریال
B56: افزایش سرمایه از محل مطالبات حال شده سهامداران | D56: 0
B57: انتقال اموال از دکتر محمد پوروزیری به داروسازی خوارزمی | D57: 0
B58: فروش دارایی ثابت و تهاتر با مانده طلب شرکت زاگرس لیفتراک | D58: 0
D59: =SUM(D56:D58) -> 0 | F59: =SUM(F56:F58) -> 0
A61: 35
A62: 35

Sheet 30
A1: شرکت داروسازی خوارزمی (سهامی خاص)
A2: ='28-29'!A2:G2 -> يادداشتهاي توضيحي صورتهاي مالي
A3: =سودوزيان!A3 -> سال مالی منتهی به 30 اسفند 1403
A5: 29- مدیریت سرمایه و ریسک ها
A6: 29-1- | B6: مديريت سرمايه
A7: شرکت سرمایه خود را مدیریت می کند تا اطمینان حاصل کند در حین حداکثر کردن بازده ذینفعان از طریق بهینه سازی تعادل بدهی و سرمایه، قادر به تداوم فعالیت خواهد بود. ساختار سرمایه شرکت از خالص بدهی و حقوق مالکانه تشکیل می شود. استراتژی کلی شرکت از سال 1398 در خصوص حقوق مالکانه ، انتقال بدهی شرکت به مالکان (اقدام برای افزایش سرمایه از محل مطالبات حال شده شرکا را در دستور کار قرار داده که در سه ماهه اول سال آتی عملیاتی خواهد شد) .
A13: 29-1-1- نسبت اهرمی
A14: نسبت اهرمی در پایان سال به شرح زیر است :
D15: 1403 | F15: 1402
D16: ریال | F16: ریال
B17: جمع بدهی | D17: ='وضعيت مالي'!F37 -> 5269391570651 | F17: ='وضعيت مالي'!H37 -> 5119619929864
B18: موجودی نقد | D18: ='وضعيت مالي'!F16*-1 -> -67759505663 | F18: ='وضعيت مالي'!H16*-1 -> -170000824925
B19: خالص بدهی | D19: =SUM(D17:D18) -> 5201632064988 | F19: =SUM(F17:F18) -> 4949619104939
B20: حقوق مالکانه | D20: ='وضعيت مالي'!F25 -> 4.3478633e+12 | F20: ='وضعيت مالي'!H25 -> 3524435640732
B21: نسبت خالص بدهی به حقوق مالکانه(‌درصد) | D21: =D19/D20*100 -> 119.63651 | F21: =F19/F20*100 -> 140.43721
A24: 29-2- مدیریت ریسک نقدینگی
A25: شرکت برای مدیریت ریسک نقدینگی، یک چهارچوب ریسک نقدینگی مناسب برای مدیریت کوتاه مدت ، میان مدت و بلند مدت تامین وجوه و الزامات مدیریت نقدینگی تعیین کرده است. شرکت ریسک نقدینگی را از طریق نگهداری اندوخته کافی و تسهیلات بانکی ، از طریق نظارت مستمر بر جریان های نقدی پیش بینی شده و واقعی و از طریق تطبیق مقاطع سر رسید داراییها و بدهیهای مالی، مدیریت می کند.
A33: 36

Sheet 30-1 
A1: ='[1]33-34'!A1:E1 -> شرکت داروسازی خوارزمی (سهامی خاص)
A2: ='[1]31'!A2:N2 -> یادداشتهای توضیحی صورت های مالی
A3: سال مالی منتهی به 30 اسفند 1403
A4: 30 - وضعیت ارزی
A5: 30-1 - ارز حاصل از صادرات و ارز مصرفی برای واردات و سایر پرداخت ها طی سال مورد گزارش به شرح زیر است :
D7: نام مشتری | F7: دلار | H7: یورو
D8: فروش و ارائه خدمات | F8: 269090 | H8: 0
D9: خرید مواد اولیه | F9: 0 | H9: 726790
A11: 30-2 -تعهدات ارزی شرکت به شرح زیر است :
A12: نوع ارز:دلار | D12: 1403 | J12: 1402
D13: کل تعهدات | F13: ایفا شده | H13: ایفا نشده | J13: کل تعهدات | L13: ایفا شده | N13: ایفا نشده
B14: واردات | D14: 0 | F14: 0 | H14: 0 | J14: 4700 | L14: 0 | N14: 0
B15: صادرات | D15: 269090 | F15: 0 | H15: 0 | J15: 421531 | L15: 203262 | N15: =J15-L15 -> 218269
A17: نوع ارز:بورو | D17: 1403 | J17: 1402
D18: کل تعهدات | F18: ایفا شده | H18: ایفا نشده | J18: کل تعهدات | L18: ایفا شده | N18: ایفا نشده
B19: واردات | D19: 726790 | F19: 0 | H19: 726790 | J19: 537108
B20: صادرات | D20: 0 | F20: 0 | H20: 0 | J20: 0 | L20: 0 | N20: 0
A22: نوع ارز:روپیه | D22: 1403 | J22: 1402
D23: کل تعهدات | F23: ایفا شده | H23: ایفا نشده | J23: کل تعهدات | L23: ایفا شده | N23: ایفا نشده
B24: واردات | D24: 0 | F24: 0 | H24: 0 | J24: 1669650
B25: صادرات | D25: 0 | F25: 0 | H25: 0 | J25: 0 | L25: 0 | N25: =J25-L25 -> 0
A27: نوع ارز:یوان چین | D27: 1403 | J27: 1402
D28: کل تعهدات | F28: ایفا شده | H28: ایفا نشده | J28: کل تعهدات | L28: ایفا شده | N28: ایفا نشده
B29: واردات | D29: 0 | F29: 0 | H29: 0 | J29: 29550
B30: صادرات | D30: 0 | F30: 0 | H30: 0 | J30: 0 | L30: 0 | N30: =J30-L30 -> 0
A35: 37

Sheet 31
A1: شرکت داروسازی خوارزمی (سهامی خاص)
A2: ='28-29'!A2:G2 -> يادداشتهاي توضيحي صورتهاي مالي
A3: =سودوزيان!A3 -> سال مالی منتهی به 30 اسفند 1403
A7: 31 - معاملات با اشخاص وابسته
A8: 31-1 - معاملات انجام شده با اشخاص وابسته طی سال مورد گزارش :
B9: شرح | C9: نام شخص وابسته | D9: مشمول ماده 129 | E9: فروش کالا و خدمات | F9: 1402
B10: شرکتهای وابسته | C10: شرکت دارو سازان التیام | D10: بلی | E10: 3175532884389 | F10: 3175532884389
B11: جمع | E11: 3175532884389 | F11: 3175532884389
A14: به استثنای موارد فوق ، سایر معاملات با اشخاص وابسته با شرایط حاکم بر معاملات حقیقی تفاوت با اهمیتی نداشته است :
A38: 37
A40: .1تمام انواع وابستگی ها باید ذکر شود به عبارت دیگر در صورتیکه طرف معامله هم شرکت وابسته است و هم یکی از اعضای هیأت مدیره که 5 درصد از سهام آنها را در اختیار دارد هر دو باید افشاء و در جدول ارائه گردد

Sheet 31-32 
A1: شرکت داروسازی خوارزمی (سهامی خاص)
A2: ='[2]30'!A2:G2 -> یادداشتهای توضیحی صورت های مالی
A3: سال مالی منتهی به 30 اسفند 1403
A6: 31 - معاملات با اشخاص وابسته
A7: 31-1 - معاملات انجام شده با اشخاص وابسته طی سال مورد گزارش :
B8: شرح | C8: نام شخص وابسته | D8: مشمول ماده 129 | E8: خرید کالا و خدمات | F8: فروش کالا و خدمات | G8: تسهیلات دریافتی | H8: تسهیلات پرداختی | I8: سایر پرداختها | J8: سایر دریافتها
B9: شرکتهای وابسته | C9: شرکت دارو سازان التیام | D9: بلی | E9: 0 | F9: 3171149073880 | G9: 0 | H9: 0 | I9: 2361402123549 | J9: 1257369977974 | L9: =Q27+F9+I9-J9=O27 -> FALSE
B10: شرکتهای وابسته | C10: شرکت پایش تجارت | D10: بلی | E10: 0 | F10: 0 | G10: 0 | H10: 0 | I10: 0 | J10: 855558418 | L10: =R29-J10=P29 -> TRUE
B11: شرکتهای وابسته | C11: شرکت کیمیا اثرسلامت | D11: بلی | E11: 0 | F11: 0 | G11: 0 | H11: 0 | I11: 0 | J11: 32262819371 | L11: =R30-E11+I11=P30 -> FALSE
B12: سهامداران داران با نفوذ قابل ملاحظه | C12: دکتر محمد پوروزیری | D12: بلی | E12: 0 | F12: 0 | G12: 0 | H12: 0 | I12: 6118250000 | J12: 1421010980 | L12: =R22-I12+#REF!+J12=P22 -> #REF!
C13: دکتر امیر حسین پوروزیری | D13: بلی | E13: 0 | F13: 0 | G13: 0 | H13: 0 | I13: 312195448638 | J13: 1000000000 | L13: =R23+I13-J13+#REF!=P23 -> #REF!
C14: دکتر علی پوروزیری | D14: بلی | E14: 0 | F14: 0 | G14: 0 | H14: 0 | I14: 1113576639 | J14: 0 | L14: =R24+#REF!-J14+I14=P24 -> #REF! | R14: =Q14-P14 -> 0
B15: سایر سهامداران | C15: دکتر خانم معصومه جاویدی | D15: بلی | E15: 0 | F15: 0 | G15: 0 | H15: 0 | I15: 0 | J15: 0 | L15: =R25+#REF!=P25 -> #REF!
B16: جمع | E16: =SUM(E9:E15) -> 0 | F16: =SUM(F9:F15) -> 3171149073880 | G16: =SUM(G9:G15) -> 0 | H16: =SUM(H9:H15) -> 0 | I16: =SUM(I9:I15) -> 2680829398826 | J16: =SUM(J9:J15) -> 1292909366743
A18: 31-2-مانده حساب های نهایی اشخاص وابسته به شرح زیر آست:
B19: شرح | C19: نام شخص وابسته | D19: دریافتنی های تجاری | E19: سایر دریافتنی ها | F19: سایراسناد دریافتنی | G19: اسنادپرداختی | H19: پیش پرداخت ها | I19: پرداختنی های تجاری | J19: ذخایر | K19: سایر پرداختنی ها | L19: تسهیلات دریافتی | M19: سود سهام پرداختنی | N19: پیش دریافت ها | O19: 1403 | Q19: 1402
O20: خالص | Q20: خالص
O21: طلب | P21: بدهی | Q21: طلب | R21: بدهی
B22: سهامداران داران با نفوذ قابل ملاحظه | C22: دکتر محمد پوروزیری | D22: 0 | E22: 0 | F22: 0 | G22: 0 | H22: 0 | I22: 0 | J22: 6040194832 | K22: 122861524452 | L22: 0 | M22: 278081475937 | N22: 0 | O22: =Q22 -> 0 | P22: =-(D22+E22+F22-G22-H22-I22-J22-K22-L22-M22-N22) -> 406983195221 | Q22: 0 | R22: 359086044047
C23: دکتر امیر حسین پوروزیری | D23: 0 | E23: 0 | F23: 0 | G23: 0 | H23: 0 | I23: 0 | J23: 4601609515 | K23: 604759279832 | L23: 0 | M23: 270103020964 | N23: 0 | O23: =Q23 -> 0 | P23: =-(D23+E23+F23-G23-H23-I23-J23-K23-L23-M23-N23) -> 879463910311 | Q23: 0 | R23: 406678038087
C24: دکتر علی پوروزیری | D24: 0 | E24: 0 | F24: 0 | G24: 0 | H24: 0 | I24: 0 | J24: 4720854612 | K24: 185474463875 | L24: 0 | M24: 271176117435 | N24: 0 | O24: =Q24 -> 0 | P24: =-(D24+E24+F24-G24-H24-I24-J24-K24-L24-M24-N24) -> 461371435922 | Q24: 0 | R24: 409343245285
B25: سایر سهامداران | C25: دکتر خانم معصومه جاویدی | D25: 0 | E25: 0 | F25: 0 | G25: 0 | H25: 0 | I25: 0 | J25: 0 | K25: 60116250000 | L25: 0 | M25: 75445292433 | N25: 0 | O25: 0 | P25: =-(D25+E25+F25-G25-H25-I25-J25-K25-L25-M25-N25) -> 135561542433 | Q25: 0 | R25: 123050101450
B26: جمع | D26: =SUM(D22:D25) -> 0 | E26: =SUM(E22:E25) -> 0 | F26: =SUM(F22:F25) -> 0 | G26: =SUM(G22:G25) -> 0 | H26: =SUM(H22:H25) -> 0 | I26: =SUM(I22:I25) -> 0 | J26: =SUM(J22:J25) -> 15362658959 | K26: =SUM(K22:K25) -> 973211518159 | ... R26: =SUM(R22:R25) -> 1298157428869
B27: سایر اشخاص وابسته | C27: شرکت دارو سازان التیام | D27: 2016544544676 | E27: 120000000000 | F27: 180000000000 | G27: 0 | H27: 0 | I27: 0 | J27: 0 | K27: 0 | L27: 0 | M27: 0 | N27: 0 | O27: =D27+E27+F27-G27+H27-I27-J27-K27-L27-M27-N27 -> 2316544544676 | P27: 0 | Q27: 249427616371 | R27: 0
C28: شرکت فر آورده های زیستی وضد سرطان خوارزمی | D28: 0 | E28: 19176904069 | F28: 0 | G28: 0 | H28: 0 | I28: 0 | J28: 0 | K28: 0 | L28: 0 | M28: 0 | N28: 0 | O28: =D28+E28+F28-G28+H28-I28-J28-K28-L28-M28-N28 -> 19176904069 | P28: 0 | Q28: 19176904069 | R28: 0
C29: شرکت پایش تجارت خوارزمی | D29: 0 | E29: 0 | F29: 0 | G29: 0 | H29: 0 | I29: 0 | J29: 0 | K29: 144175942 | L29: 0 | M29: 0 | N29: 0 | O29: 0 | P29: =-(D29+E29+F29-G29-H29-I29-J29-K29-L29-M29-N29) -> 144175942 | Q29: 0 | R29: 999734360
C30: شرکت کیمیا اثر سلامت | D30: 0 | E30: 0 | F30: 0 | G30: 0 | H30: 0 | I30: 122580447431 | J30: 0 | K30: 0 | L30: 0 | M30: 0 | N30: 0 | O30: 0 | P30: =I30 -> 122580447431 | Q30: 0 | R30: 154843266802
C31: شرکت پرتو شیمی | D31: 0 | E31: 336105928 | F31: 0 | G31: 0 | H31: 0 | I31: 0 | J31: 0 | K31: 0 | L31: 0 | M31: 0 | N31: 0 | O31: =D31+E31+F31-G31+H31-I31-J31-K31-L31-M31-N31 -> 336105928 | P31: =R31+I31+J31+G31+H31+K31+L31+M31+N31 -> 0 | Q31: 336105928 | R31: 0
C32: شرکت پلاسمای خوارزمی | D32: 208445400 | E32: 6315543407 | F32: 0 | G32: 0 | H32: 0 | I32: 0 | J32: 0 | K32: 0 | L32: 0 | M32: 0 | N32: 0 | O32: =D32+E32 -> 6523988807 | P32: 0 | Q32: 32702701728 | R32: 0
B33: جمع | D33: =SUM(D27:D32) -> 2016752990076 | E33: =SUM(E27:E32) -> 145828553404 | F33: =SUM(F27:F32) -> 180000000000 | G33: =SUM(G27:G32) -> 0 | H33: =SUM(H27:H32) -> 0 | I33: =SUM(I27:I32) -> 122580447431 | J33: =SUM(J27:J32) -> 0 | K33: =SUM(K27:K32) -> 144175942 | ... R33: =SUM(R27:R32) -> 155843001162
B34: جمع کل | D34: =D33+D26 -> 2016752990076 | E34: =E33+E26 -> 145828553404 | F34: =F33+F26 -> 180000000000 | G34: =G33+G26 -> 0 | H34: =H33+H26 -> 0 | I34: =I33+I26 -> 122580447431 | J34: =J33+J26 -> 15362658959 | K34: =K33+K26 -> 973355694101 | ... R34: =R33+R26 -> 1454000430031
A37: 38

Sheet 33-34
A1: شرکت داروسازی خوارزمی (سهامی خاص)
A2: یادداشتهای توضیحی صورت های مالی
A3: =سودوزيان!A3 -> سال مالی منتهی به 30 اسفند 1403
A5: 32-تعهدات بدهی ها احتمالی ودارایی های احتمالی
A7: 32-1- تا زمان تهیه صورتهای مالی، سال مالی 1402دردست رسیدگی سازمان تامین اجتماعی می باشد. ضمناً درخصوص سالهای مالی قبل با توجه به بخشنامه شماره 50432 مورخ 1396/04/31 دیوان عدالت اداری مبنی برعدم امکان رسیدگی سازمان تامین اجتماعی جهت یک سال مالی،رسیدگی بیمه ای سالهای قبل ازسال1402منتفی می باشد.
A8: 32-2- مبلغ 48.264 میلیون ریال بابت دریافت تسهیلات ازبانک صنعت ومعدن سند مالکیت زمین وساختمان به عنوان وثیقه دررهن گذاشته شده است.
A10: 33-رویدادهای پس از تاریخ پایان دوره گزارشگری
A11: رویداد هایی که از تاریخ پایان دوره گزارشگری تا تاریخ تایید صورتهای مالی اتفاق افتاده و مستلزم افشا یا تعدیل اقلام صورتهای مالی شود رخ نداده است.
A13: 34- سود سهام پیشنهادی
A14: تقسیم سود انباشته پایان سال درمورد زیر موکول به تصویب مجمع عمومی صاحبان سهام میباشد.
D16: مبلغ
B17: تکالیف قانونی ( طبق ماده90) اصلاحیه
B18: تقسیم حداقل 10درصد سود خالص سال1400 | D18: 11305362280
B19: تقسیم حداقل 10درصد سود خالص سال 1403 | D19: =سودوزيان!F22*10% -> 9.9468765e+10
B20: سود پیشنهادی هیئت مدیره:
B21: سود پیشنهادی هیئت مدیره 1400 | D21: =D18 -> 11305362280
B22: سود پیشنهادی هیئت مدیره 1403 | D22: =D19 -> 9.9468765e+10
A39: 39

Sheet 35
A1: ='33-34'!A1:E1 -> شرکت داروسازی خوارزمی (سهامی خاص)
A2: ='31'!A2:G2 -> يادداشتهاي توضيحي صورتهاي مالي
A3: ='31'!A3:G3 -> سال مالی منتهی به 30 اسفند 1403
A4: 35 - وضعیت ارزی
D5: شماره یادداشت | F5: دلار امریکا | H5: یورو | J5: پوند انگلستان | L5: درهم امارات | N5: ....
B6: موجودی نقد | D6: 18 | F6: 43904 | H6: ... | J6: ... | L6: ... | N6: ...
B7: دریافتنی های تجاری و سایر دریافتنی ها | D7: 17 | F7: ... | H7: ... | J7: ... | L7: ... | N7: ...
B8: جمع دارایی های پولی و ارزی | D8: ... | F8: 43904 | H8: ... | J8: ... | L8: ... | N8: ...
B9: پرداختنی های تجاری وسایر پرداختنی ها | D9: 22 | F9: (...) | H9: ... | J9: ... | L9: ... | N9: ...
B10: تسهیلات مالی | D10: 25 | F10: (...) | H10: (...) | J10: (...) | L10: (...) | N10: (...)
B11: جمع بدهی های پولی و ارزی | F11: (...) | H11: (...) | J11: (...) | L11: (...) | N11: (...)
B12: خالص دارایی ها (بدهی های) پولی و ارزی | F12: 43904 | H12: (...) | J12: ... | L12: (...) | N12: ...
B13: معادل ریالی خالص دارایی ها (بدهی ها) پولی و ارزی ( ریال) | F13: 11279120852 | H13: ... | J13: ... | L13: ... | N13: ...
B14: خالص دارایی ها (بدهیهای) پولی و ارزی در تاریخ 12/29/ 1×13 | F14: 11279120852 | H14: (...) | J14: ... | L14: ... | N14: ...
B15: معادل ریالی خالص دارایی ها (بدهیهای ) پولی ارزی در تاریخ 12/29/ 1×13 (میلیون ریال) | F15: ... | H15: ... | J15: ... | L15: ... | N15: ...
B16: تعهدات سرمایه ای ارزی | D16: 47 | F16: ... | H16: ... | J16: ... | L16: ... | N16: ...
A18: 35-1 - ارز حاصل از صادرات و ارز مصرفی برای واردات و سایر پرداخت ها طی سال مورد گزارش به شرح زیر است :
F20: مبلغ
D21: نام مشتری | F21: دلار | H21: یورو | J21: ...
D22: فروش و ارائه خدمات | F22: 364490 | H22: ..... | J22: .....
D23: خرید مواد اولیه | F23: 14406 | H23: 530 | J23: .....
D24: سایر پرداخت ها | F24: 78654 | H24: 4895 | J24: .....
A27: 41
